<?xml version="1.0" encoding="UTF-8"?>
<kmodule xmlns="http://jboss.org/kie/6.0.0/kmodule" xmlns:xsi="http://www.w3.org/2001/XMLSchema-instance">

	<kbase name="xlc_rules" packages="xlc_rules">
		<ksession name="xlc_rulesSession" />
	</kbase>

	<kbase name="rei_rules" packages="rei_rules">
		<ksession name="rei_rulesSession" />
	</kbase>

	<kbase name="itc_rules" packages="itc_rules">
		<ksession name="itc_rulesSession" />
	</kbase>

	<kbase name="inv_rules" packages="inv_rules">
		<ksession name="inv_rulesSession" />
	</kbase>

	<kbase name="inv_rules_v2" packages="inv_version">
		<ksession name="inv_rulesSession_v2" />
	</kbase>

	<kbase name="xlc_rules_v2" packages="xlc_version">
		<ksession name="xlc_rulesSession_v2" />
	</kbase>

	<kbase name="rei_rules_v2" packages="rei_version">
		<ksession name="rei_rulesSession_v2" />
	</kbase>

	<kbase name="itc_rules_v2" packages="itc_version">
		<ksession name="itc_rulesSession_v2" />
	</kbase>

	<kbase name="nbs_rules" packages="nbs_rules">
		<ksession name="nbs_rulesSession" />
	</kbase>

	<kbase name="nbs_rules_v2" packages="nbs_version">
		<ksession name="nbs_rulesSession_v2" />
	</kbase>

	<kbase name="default" packages="default">
		<ksession name="default_rulesSession" />
	</kbase>

	<kbase name="preprocrules_name" packages="preprocrules">
		<ksession name="preprocrules_id" />
	</kbase>
	
		<kbase name="pmt_rules" packages="pmt_rules">
		<ksession name="pmt_rulesSession" />
	</kbase>

	<kbase name="pmt_rules_v2" packages="pmt_version">
		<ksession name="pmt_rulesSession_v2" />
	</kbase>


</kmodule>
