<?xml version="1.0" encoding="UTF-8" ?>
<!DOCTYPE log4j:configuration SYSTEM "log4j.dtd">
<log4j:configuration xmlns:log4j="http://jakarta.apache.org/log4j/">
  <appender name="console" class="org.apache.log4j.ConsoleAppender"> 
    <param name="Target" value="System.out"/> 
    <layout class="org.apache.log4j.PatternLayout">
      <param name="ConversionPattern" value="[%d{yyyy/MM/dd hh:mm:ss a}]%x %-5p %-10c: %m%n"/>
    </layout> 
  </appender>
  <appender name="logfile" class="org.apache.log4j.RollingFileAppender"> 
    <param name="file" value="IWA_WS_Monitor.log"/>
    <param name="MaxFileSize" value="10GB"/>
    <param name="MaxBackupIndex" value="10"/>
    <layout class="org.apache.log4j.PatternLayout"> 
      <param name="ConversionPattern" value="[%d{yyyy/MM/dd hh:mm:ss a}]%x %-5p %-10c: %m%n"/> 
    </layout> 
  </appender>  
  <root> 
    <!-- <priority value ="debug" /> -->
    <priority value ="info" />
    <appender-ref ref="console" />
    <appender-ref ref="logfile" />  
  </root>  
</log4j:configuration>