{
"itk":{
"as400outputreportfo":{
"label": "${_UI_AppParameteritk_as400outputreportfo_label}",
"description": ""
},
"enable_qc":{
"label": "${_UI_AppParameteritk_enable_qc_label}",
"description": ""
},
"auto_impairments":{
"label": "${_UI_AppParameteritk_auto_impairments_label}",
"description": ""
},
"agingreportfolder":{
"label": "${_UI_AppParameteritk_agingreportfolder_label}",
"description": ""
},
"accountlookupurl":{
"label": "${_UI_AppParameteritk_accountlookupurl_label}",
"description": ""
},
"reconciliationrepor":{
"label": "${_UI_AppParameteritk_reconciliationrepor_label}",
"description": ""
},
"auto_stale_check":{
"label": "${_UI_AppParameteritk_auto_stale_check_label}",
"description": ""
},
"docviewerprefix":{
"label": "${_UI_AppParameteritk_docviewerprefix_label}",
"description": ""
},
"enablescanidchk":{
"label": "${_UI_AppParameteritk_enablescanidchk_label}",
"description": "${_UI_AppParameteritk_enablescanidchk_description}"
},
"auto_cancellation":{
"label": "${_UI_AppParameteritk_auto_cancellation_label}",
"description": ""
},
"query_precision":{
"label": "${_UI_AppParameteritk_query_precision_label}",
"description": ""
},
"imcovered_qc_level":{
"label": "${_UI_AppParameteritk_imcovered_qc_level_label}",
"description": "${_UI_AppParameteritk_imcovered_qc_level_description}"
},
"javatraceenabled":{
"label": "${_UI_AppParameteritk_javatraceenabled_label}",
"description": ""
},
"auto_billing_edits":{
"label": "${_UI_AppParameteritk_auto_billing_edits_label}",
"description": ""
},
"imcoveredprocessena":{
"label": "${_UI_AppParameteritk_imcoveredprocessena_label}",
"description": ""
},
"auto_data_integrity":{
"label": "${_UI_AppParameteritk_auto_data_integrity_label}",
"description": ""
},
"swbcviewerprefix":{
"label": "${_UI_AppParameteritk_swbcviewerprefix_label}",
"description": ""
}
}
}