<?xml version="1.0" encoding="UTF-8" standalone="no"?>
<!--***********************************************************************-->
<!--                                                                       -->
<!-- Confidential Property of Documentum, Inc.                             -->
<!-- (c) Copyright Documentum, Inc. 2001.                                  -->
<!-- All Rights reserved.                                                  -->
<!-- May not be used without prior written agreement                       -->
<!-- signed by a Documentum corporate officer.                             -->
<!--                                                                       -->
<!--***********************************************************************-->
<!--                                                                       -->
<!-- Project        Lister                                                 -->
<!-- Module         ComboContainer                                         -->
<!-- File           finishworkflowtask_component.xml                       -->
<!-- Description                                                           -->
<!-- Created on     March 24, 2002                                         -->
<!-- Tab width      3                                                      -->
<!--                                                                       -->
<!--***********************************************************************-->
<!--                                                                       -->
<!-- VCS Maintained Data                                                   -->
<!--                                                                       -->
<!-- Revision       $Revision: 7$                                           -->
<!-- Modified on    $Date: 2/27/2007 7:15:04 AM$                          -->
<!--                                                                       -->
<!-- Log at EOF                                                            -->
<!--                                                                       -->
<!--***********************************************************************-->
<config version="1.0">
   <scope>
       <component id="taskconfirmation">
         
         <params>
            <param name="objectId" required="false"/>
            <param name="userTime" required="false"/>
            <param name="userCost" required="false"/>
         </params>
         <pages>
            <start>/custom/jsps/taskmgrcontainer/confirmation.jsp</start>
         </pages>
         
         <class>org.ifc.idocs.workflow.taskmanager.ASTaskConfirmation</class>
         
      </component>
   </scope>
</config>
<!--~~~~~~~~~~~~~~~~~~~~~~~~~~~~~~~~~~~~~~~~~~~~~~~~~~~~~~~ Developer's Comments
# Parameters
/* objectId                             (Required) ID of the workflow task 
*/
/* userCost                             (Optional) Currency cost, such as 
                                        dollars, euros, or other type of cost 
                                        defined by customer. Value is stored as 
                                        a double. 
*/
/* userTime                             (Optional) Time in units defined by the 
                                        customer. Value is stored as an integer. 
*/
#
~~~~~~~~~~~~~~~~~~~~~~~~~~~~~~~~~~~~~~~~~~~~~~~~~~~~~~~~~~~~~~~~~~~~~~~~~~~~~-->
