<?xml version="1.0" encoding="UTF-8" standalone="no"?>
<!-- Confidential Property of Documentum, Inc.                             -->
<!-- (c) Copyright Documentum, Inc. 2001.                                  -->
<!-- All Rights reserved.                                                  -->
<!-- May not be used without prior written agreement                       -->
<!-- signed by a Documentum corporate officer.                             -->
<!--                                                                       -->
<!-- Component: taskmgrclassic                                             -->
<!-- Scope: None                                                           -->
<!-- Revision    $Revision: 5$                                              -->
<!-- Modified on $Date: 1/2/2007 11:41:25 PM$                               -->
<config version="1.0">
   <scope role="idocs_member">
      <component id="taskmgrclassic" extends="taskmanager:webcomponent/config/library/workflow/taskmanager/taskmanager_component.xml">
         <desc>
            Displays the info tab in the taskmanager component group. It is 
            the main component in the group of task manager components, which 
            are contained in the taskmanagercontainer component 
         </desc>
         <params>
            <param name="objectId" required="true"/>
         </params>
         <pages>
            <start>/custom/jsps/taskmanager/taskManager.jsp</start>
         </pages>
         <class>com.documentum.webtop.webcomponent.taskmanager.TaskManagerClassic</class>
      </component>
   </scope>
</config>
<!--~~~~~~~~~~~~~~~~~~~~~~~~~~~~~~~~~~~~~~~~~~~~~~~~~~~~~~~ Developer's Comments
# Parameters
/* objectId                             (Required) ID of the task
*/
#
~~~~~~~~~~~~~~~~~~~~~~~~~~~~~~~~~~~~~~~~~~~~~~~~~~~~~~~~~~~~~~~~~~~~~~~~~~~~~-->
