<?xml version="1.0" encoding="UTF-8" standalone="no"?>
<!-- **************************************************************************         -->
<!-- Module Name: taskmgr_actions		                                        -->
<!-- Module Description: Custom TaskManager action is used to call unclaim activity component-->
<!-- Author name: Parag Doshi											   		        -->
<!-- Date:	8-Sep-2010															        -->
<!-- Module Version No: 1.0                                                             -->
<!--****************************************************************************-->
<config version="1.0">
   <scope type="dm_task" role="idocs_member">

   <!-- workflow - save task actions start -->

	  <action id="saveworkflowtask">
         <desc>
            Saves a task in a workflow.
         </desc>
         <params>
            <param name="objectId" required="true"/>
         </params>
         <preconditions>
         </preconditions>
         <execution class="org.ifc.idocs.workflow.taskmanager.SaveFormWorkflowTaskAction">
            <nlsbundle>org.ifc.idocs.workflow.taskmanager.SaveWorkflowTaskNlsProp</nlsbundle>
         </execution>
<!--~~~~~~~~~~~~~~~~~~~~~~~~~~~~~~~~~~~~~~~~~~~~~~~~~~~~~~~ Developer's Comments
# Parameters
*/
/* objectId                             (Required) ID of the task 
*/
#
~~~~~~~~~~~~~~~~~~~~~~~~~~~~~~~~~~~~~~~~~~~~~~~~~~~~~~~~~~~~~~~~~~~~~~~~~~~~~-->
      </action>

   <!-- workflow save task actions end -->

   <!-- workflow - unclaim task actions start -->

	  <action id="unclaimworkflowtask">
         <desc>
            Unclaims a task in a workflow.
         </desc>
         <params>
            <param name="objectId" required="true"/>
         </params>
         <preconditions>
         </preconditions>
         <execution class="com.documentum.web.formext.action.LaunchComponent">
            <component>unclaimworkflowtask</component>
            <container>taskcomponentcontainer</container>
         </execution>
<!--~~~~~~~~~~~~~~~~~~~~~~~~~~~~~~~~~~~~~~~~~~~~~~~~~~~~~~~ Developer's Comments
# Parameters
*/
/* objectId                             (Required) ID of the task 
*/
#
~~~~~~~~~~~~~~~~~~~~~~~~~~~~~~~~~~~~~~~~~~~~~~~~~~~~~~~~~~~~~~~~~~~~~~~~~~~~~-->
      </action>
   <!-- workflow unclaim task actions end -->
	  <action id="acceptworkflowtask">
         <desc>
            Accepts a workflow task for the user. 
         </desc>
         <params>
            <param name="objectId" required="true"/>
            <param name="canAcquireTask" required="false"/>
            <param name="isGroupOwned" required="false"/>
         </params>
         <preconditions>
            <precondition class="com.documentum.webcomponent.library.workflow.taskmanager.AcceptWorkflowTaskActionPrecondition"/>
         </preconditions>
         <execution class="org.ifc.idocs.workflow.taskmanager.AcceptWorkflowTaskAction">
            <nlsbundle>com.documentum.webcomponent.library.workflow.taskmanager.AcceptWorkflowTaskActionNlsProp</nlsbundle>
         </execution>
<!--~~~~~~~~~~~~~~~~~~~~~~~~~~~~~~~~~~~~~~~~~~~~~~~~~~~~~~~ Developer's Comments
# Parameters
/* canAcquireTask                       (Optional) Boolean flag that indicates 
                                        that the task is in a state such that it 
                                        can be acquired (not paused, already 
                                        acquired, or finished) 
*/
/* isGroupOwned                         (Optional) Boolean flag that indicates 
                                        that the task is assigned to a group of 
                                        which the user is a member 
*/
/* objectId                             (Required) ID of the task 
*/
#
~~~~~~~~~~~~~~~~~~~~~~~~~~~~~~~~~~~~~~~~~~~~~~~~~~~~~~~~~~~~~~~~~~~~~~~~~~~~~-->
      </action>
      <action id="finishworkflowtask">
         <desc>
            Finishes a workflow task. 
         </desc>
         <params>
            <param name="objectId" required="true"/>
            <param name="isManual" required="false"/>
            <param name="isFailedAutoTask" required="false"/>
            <param name="canCompleteTask" required="false"/>
            <param name="hasEmptyMandatoryPkg" required="false"/>
            <param name="userTime" required="false"/>
            <param name="userCost" required="false"/>
         </params>
         <preconditions>
           <precondition class="org.ifc.idocs.workflow.taskmanager.IDocsFinishWorkflowTaskActionPrecondition"/>
            </preconditions>
         <execution class="org.ifc.idocs.workflow.taskmanager.LaunchFinishWorkflowTaskComponent">
            <component>finishworkflowtask</component>
            <container>taskcomponentcontainer</container>
         </execution>
<!--~~~~~~~~~~~~~~~~~~~~~~~~~~~~~~~~~~~~~~~~~~~~~~~~~~~~~~~ Developer's Comments
# Parameters
/* canCompleteTask                      (Optional) Specifies that the task is 
                                        active and can be completed. 
*/
/* hasEmptyMandatoryPkg                 (Optional) Specifies that the task
                                        contains an empty package that must be 
                                        passed with the task. 
*/
/* isFailedAutoTask                     (Optional) Specifies that an automatic 
                                        task has failed and can be re-run. 
*/
/* isManual                             (Optional) Specifies whether transition 
                                        is manual or automated. 
*/
/* objectId                             (Required) ID of the task
*/
/* userCost                             (Optional) Customer-defined cost data, 
                                        stored as double in Server. Can be 
                                        audited and summed up for completed 
                                        workflows. 
*/
/* userTime                             (Optional) Customer-defined time data, 
                                        stored as integer in Server. Can be 
                                        audited and summed up for completed 
                                        workflows. 
*/
#
~~~~~~~~~~~~~~~~~~~~~~~~~~~~~~~~~~~~~~~~~~~~~~~~~~~~~~~~~~~~~~~~~~~~~~~~~~~~~-->
      </action>
      <action id="forwardworkflowtask">
         <desc>
            Forwards a task in a workflow. 
         </desc>
         <params>
            <param name="objectId" required="true"/>
            <param name="isManual" required="false"/>
            <param name="hasForwardPaths" required="false"/>
            <param name="canCompleteTask" required="false"/>
            <param name="hasEmptyMandatoryPkg" required="false"/>
            <param name="userTime" required="false"/>
            <param name="userCost" required="false"/>
         </params>
         <preconditions>
            <precondition class="com.documentum.webcomponent.library.workflow.taskmanager.ForwardWorkflowTaskActionPrecondition"/>
         </preconditions>
         <execution class="com.documentum.web.formext.action.LaunchComponent">
            <component>forwardworkflowtask</component>
            <container>taskcomponentcontainer</container>
         </execution>
<!--~~~~~~~~~~~~~~~~~~~~~~~~~~~~~~~~~~~~~~~~~~~~~~~~~~~~~~~ Developer's Comments
# Parameters
/* canCompleteTask                      (Optional) Specifies that the task is 
                                        active and can be completed. 
*/
/* hasEmptyMandatoryPkg                 (Optional) Specfies that the task 
                                        contains an empty package that must be 
                                        passed with the task.
*/
/* hasForwardPaths                      (Optional) Boolean flag that specifies 
                                        whether there are any remaining paths in 
                                        the workflow 
*/
/* isManual                             (Optional) Specifies whether transition 
                                        is manual or automated. 
*/
/* objectId                             (Required) ID of the task 
*/
/* userCost                             (Optional) Customer-defined cost data, 
                                        stored as double in Server. Can be 
                                        audited and summed up for completed 
                                        workflows. 
*/
/* userTime                             (Optional) Customer-defined time data, 
                                        stored as integer in Server. Can be 
                                        audited and summed up for completed 
                                        workflows. 
*/
#
~~~~~~~~~~~~~~~~~~~~~~~~~~~~~~~~~~~~~~~~~~~~~~~~~~~~~~~~~~~~~~~~~~~~~~~~~~~~~-->
      </action>
      <!-- Reject Task -->
      <action id="rejectworkflowtask">
         <params>
            <param name="objectId" required="true"/>
            <param name="isManual" required="false"/>
            <param name="hasRejectPaths" required="false"/>
            <param name="canCompleteTask" required="false"/>
            <param name="hasEmptyMandatoryPkg" required="false"/>
            <param name="userTime" required="false"/>
            <param name="userCost" required="false"/>
         </params>
         <preconditions>
            <precondition class="com.documentum.webcomponent.library.workflow.taskmanager.RejectWorkflowTaskActionPrecondition"/>
         </preconditions>
         <execution class="com.documentum.web.formext.action.LaunchComponent">
            <component>rejectworkflowtask</component>
            <container>taskcomponentcontainer</container>
         </execution>
<!--~~~~~~~~~~~~~~~~~~~~~~~~~~~~~~~~~~~~~~~~~~~~~~~~~~~~~~~ Developer's Comments
# Parameters
/* canCompleteTask                      (Optional) Specifies that the task is 
                                        active and can be completed.
*/
/* hasEmptyMandatoryPkg                 (Optional) Specifies that the task 
                                        contains an empty package that must be 
                                        passed with the task. 
*/
/* hasRejectPaths                       (Optional) Boolean flag that specifies 
                                        whether there are any reject paths in 
                                        the workflow 
*/
/* isManual                             (Optional) Specifies whether transition 
                                        is manual or automated. 
*/
/* objectId                             (Required) ID of the task 
*/
/* userCost                             (Optional) Customer-defined cost data, 
                                        stored as a double in the server. Can be 
                                        audited and summed up for completed 
                                        workflows. 
*/
/* userTime                             (Optional) Customer-defined time data, 
                                        stored as an integer in the server. Can
                                        be audited and summed up for completed 
                                        workflows. 
*/
#
~~~~~~~~~~~~~~~~~~~~~~~~~~~~~~~~~~~~~~~~~~~~~~~~~~~~~~~~~~~~~~~~~~~~~~~~~~~~~-->
      </action>
      <action id="delegateworkflowtask">
         <desc>
            Delegates a task in a workflow. 
         </desc>
         <params>
            <param name="objectId" required="true"/>
            <param name="isDelegable" required="false"/>
            <param name="isFailedAutoTask" required="false"/>
            <param name="canCompleteTask" required="false"/>
         </params>
         <preconditions>
            <precondition class="com.documentum.webcomponent.library.workflow.taskmanager.DelegateWorkflowTaskActionPrecondition"/>
         </preconditions>
         <execution class="com.documentum.web.formext.action.LaunchComponent">
            <component>delegateworkflowtask</component>
            <container>taskcomponentcontainer</container>
         </execution>
<!--~~~~~~~~~~~~~~~~~~~~~~~~~~~~~~~~~~~~~~~~~~~~~~~~~~~~~~~ Developer's Comments
# Parameters
/* canCompleteTask                      (Optional) Specifies that the task is 
                                        active and can be completed. 
*/
/* isDelegable                          (Optional) True to specify that the task 
                                        can be delegated 
*/
/* isFailedAutoTask                     (Optional) Specifies that an automatic 
                                        task has failed and can be re-run. 
*/
/* objectId                             (Required) ID of the task
*/
#
~~~~~~~~~~~~~~~~~~~~~~~~~~~~~~~~~~~~~~~~~~~~~~~~~~~~~~~~~~~~~~~~~~~~~~~~~~~~~-->
      </action>

      <!-- Delegate Task in the workflow's ReportDetailsSummary Page -->
      <action id="reassignworkflowtask">
         <params>
            <param name='objectId' required='true'/>
            <param name='isDelegable' required='false'/>
            <param name='isFailedAutoTask' required='false'/>
            <param name='canCompleteTask' required='false'/>
         </params>

         <preconditions>
            <precondition class="com.documentum.webcomponent.library.workflow.taskmanager.DelegateWorkflowTaskActionPrecondition"/>
         </preconditions>

         <execution class="com.documentum.web.formext.action.LaunchComponent">
            <component>reassignworkflowtask</component>
            <container>taskcomponentcontainer</container>
         </execution>
<!--~~~~~~~~~~~~~~~~~~~~~~~~~~~~~~~~~~~~~~~~~~~~~~~~~~~~~~~ Developer's Comments
# Parameters
/* canCompleteTask                      (Optional) Specifies that the task is
                                        active and can be completed.
*/
/* isDelegable                          (Optional) True to specify that the task
                                        can be delegated
*/
/* isFailedAutoTask                     (Optional) Specifies that an automatic
                                        task has failed and can be re-run.
*/
/* objectId                             (Required) ID of the task
*/
#
~~~~~~~~~~~~~~~~~~~~~~~~~~~~~~~~~~~~~~~~~~~~~~~~~~~~~~~~~~~~~~~~~~~~~~~~~~~~~-->
      </action>
      
      <action id="repeatworkflowtask">
         <desc>
            Repeats a task in a workflow.
         </desc>
         <params>
            <param name="objectId" required="true"/>
            <param name="isRepeatable" required="false"/>
            <param name="isFailedAutoTask" required="false"/>
            <param name="canCompleteTask" required="false"/>
            <param name="userTime" required="false"/>
            <param name="userCost" required="false"/>
         </params>
         <preconditions>
            <precondition class="com.documentum.webcomponent.library.workflow.taskmanager.RepeatWorkflowTaskActionPrecondition"/>
         </preconditions>
         <execution class="com.documentum.web.formext.action.LaunchComponent">
            <component>repeatworkflowtask</component>
            <container>taskcomponentcontainer</container>
         </execution>
<!--~~~~~~~~~~~~~~~~~~~~~~~~~~~~~~~~~~~~~~~~~~~~~~~~~~~~~~~ Developer's Comments
# Parameters
/* canCompleteTask                      (Optional) Specifies that the task is 
                                        active and can be completed. 
*/
/* isFailedAutoTask                     (Optional) Specifies that an automatic 
                                        task has failed and can be re-run. 
*/
/* isRepeatable                         (Optional) Boolean flag that specifies 
                                        whether a task can be repeated 
*/
/* objectId                             (Required) ID of the task 
*/
/* userCost                             (Optional) Customer-defined cost data, 
                                        stored as double in Server. Can be 
                                        audited and summed up for completed 
                                        workflows. 
*/
/* userTime                             (Optional) Customer-defined time data, 
                                        stored as integer in Server. Can be 
                                        audited and summed up for completed 
                                        workflows. 
*/
#
~~~~~~~~~~~~~~~~~~~~~~~~~~~~~~~~~~~~~~~~~~~~~~~~~~~~~~~~~~~~~~~~~~~~~~~~~~~~~-->
      </action>
      <!-- Rerun Failed Auto Task -->
      <action id="rerunfailedautoworkflowtask">
         <desc>
            Reruns a failed automatic workflow task.
         </desc>
         <params>
            <param name="objectId" required="true"/>
            <param name="isFailedAutoTask" required="false"/>
            <param name="canCompleteTask" required="false"/>
            <param name="userTime" required="false"/>
            <param name="userCost" required="false"/>
         </params>
         <preconditions>
           <!--  <precondition class="com.documentum.webcomponent.library.workflow.taskmanager.FailedAutoTaskActionPrecondition"/> -->
             <precondition class="org.ifc.idocs.workflow.taskmanager.IDocsFailedAutoTaskActionPrecondition"/> 
         </preconditions>
         <execution class="com.documentum.web.formext.action.LaunchComponent">
            <component>rerunfailedautoworkflowtask</component>
            <container>taskcomponentcontainer</container>
         </execution>
<!--~~~~~~~~~~~~~~~~~~~~~~~~~~~~~~~~~~~~~~~~~~~~~~~~~~~~~~~ Developer's Comments
# Parameters
/* canCompleteTask                      (Optional) Specifies that the task is 
                                        active and can be completed. 
*/
/* isFailedAutoTask                     (Optional) Specifies that an automatic 
                                        task has failed and can be re-run. 
*/
/* objectId                             (Required) ID of the task
*/
/* userCost                             (Optional) Customer-defined cost data, 
                                        stored as a double in the server. Can be 
                                        audited and summed up for completed 
                                        workflows. 
*/
/* userTime                             (Optional) Customer-defined time data, 
                                        stored as an integer in the server. Can 
                                        be audited and summed up for completed 
                                        workflows. 
*/
#
~~~~~~~~~~~~~~~~~~~~~~~~~~~~~~~~~~~~~~~~~~~~~~~~~~~~~~~~~~~~~~~~~~~~~~~~~~~~~-->
      </action>
      <action id="completefailedautoworkflowtask">
         <desc>
            Completes a failed automatic workflow task. 
         </desc>
         <params>
            <param name="objectId" required="true"/>
            <param name="isFailedAutoTask" required="false"/>
            <param name="canCompleteTask" required="false"/>
            <param name="userTime" required="false"/>
            <param name="userCost" required="false"/>
         </params>
         <preconditions>
            <precondition class="com.documentum.webcomponent.library.workflow.taskmanager.FailedAutoTaskActionPrecondition"/>
         </preconditions>
         <execution class="com.documentum.web.formext.action.LaunchComponent">
            <component>completefailedautoworkflowtask</component>
            <container>taskcomponentcontainer</container>
         </execution>
<!--~~~~~~~~~~~~~~~~~~~~~~~~~~~~~~~~~~~~~~~~~~~~~~~~~~~~~~~ Developer's Comments
# Parameters
/* canCompleteTask                      (Optional) Specifies that the task is 
                                        active and can be completed. 
*/
/* isFailedAutoTask                     (Optional) Specifies that an automatic 
                                        task has failed and can be re-run. 
*/
/* objectId                             (Required) ID of the task 
*/
/* userCost                             (Optional) Customer-defined cost data, 
                                        stored as double in Server. Can be 
                                        audited and summed up for completed 
                                        workflows. 
*/
/* userTime                             (Optional) Customer-defined time data, 
                                        stored as integer in Server. Can be 
                                        audited and summed up for completed 
                                        workflows. 
*/
#
~~~~~~~~~~~~~~~~~~~~~~~~~~~~~~~~~~~~~~~~~~~~~~~~~~~~~~~~~~~~~~~~~~~~~~~~~~~~~-->
      </action>
      <!-- Force Complete Failed Auto Task -->
      <action id="abortfailedautoworkflowtask">
         <desc>
            Aborts a failed automatic workflow task. 
         </desc>
         <params>
            <param name="objectId" required="true"/>
            <param name="isFailedAutoTask" required="false"/>
            <param name="canCompleteTask" required="false"/>
            <param name="userTime" required="false"/>
            <param name="userCost" required="false"/>
         </params>
         <preconditions>
            <precondition class="com.documentum.webcomponent.library.workflow.taskmanager.FailedAutoTaskActionPrecondition"/>
         </preconditions>
         <execution class="com.documentum.web.formext.action.LaunchComponent">
            <component>taskmgrabortworkflow</component>
            <container>taskcomponentcontainer</container>
         </execution>
<!--~~~~~~~~~~~~~~~~~~~~~~~~~~~~~~~~~~~~~~~~~~~~~~~~~~~~~~~ Developer's Comments
# Parameters
/* canCompleteTask                      (Optional) Specifies that the task is 
                                        active and can be completed. 
*/
/* isFailedAutoTask                     (Optional) Specifies that an automatic 
                                        task has failed and can be re-run. 
*/
/* objectId                             (Required) ID of the task
*/
/* userCost                             (Optional) Customer-defined cost data, 
                                        stored as double in Server. Can be 
                                        audited and summed up for completed 
                                        workflows. 
*/
/* userTime                             (Optional) Customer-defined time data, 
                                        stored as integer in Server. Can be 
                                        audited and summed up for completed 
                                        workflows. 
*/
#
~~~~~~~~~~~~~~~~~~~~~~~~~~~~~~~~~~~~~~~~~~~~~~~~~~~~~~~~~~~~~~~~~~~~~~~~~~~~~-->
      </action>
   </scope>
   <scope type="dm_router_task" role="idocs_member">
      <action id="forwardroutertask">
         <desc>
            Forwards a router task. 
         </desc>
         <params>
            <param name="objectId" required="true"/>
            <param name="canCompleteTask" required="false"/>
         </params>
         <preconditions>
            <precondition class="com.documentum.webcomponent.library.workflow.taskmanager.ForwardRouterTaskActionPrecondition"/>
         </preconditions>
         <execution class="com.documentum.web.formext.action.LaunchComponent">
            <component>forwardroutertask</component>
            <container>taskcomponentcontainer</container>
         </execution>
<!--~~~~~~~~~~~~~~~~~~~~~~~~~~~~~~~~~~~~~~~~~~~~~~~~~~~~~~~ Developer's Comments
# Parameters
/* canCompleteTask                      (Optional) True to specify that the user 
                                        can complete the task 
*/
/* objectId                             (Required) ID of the router task 
*/
#
~~~~~~~~~~~~~~~~~~~~~~~~~~~~~~~~~~~~~~~~~~~~~~~~~~~~~~~~~~~~~~~~~~~~~~~~~~~~~-->
      </action>
      <action id="rejectroutertask">
         <desc>
            Rejects a router. 
         </desc>
         <params>
            <param name="objectId" required="true"/>
            <param name="canCompleteTask" required="false"/>
         </params>
         <preconditions>
            <precondition class="com.documentum.webcomponent.library.workflow.taskmanager.RejectRouterTaskActionPrecondition"/>
         </preconditions>
         <execution class="com.documentum.web.formext.action.LaunchComponent">
            <component>rejectroutertask</component>
            <container>taskcomponentcontainer</container>
         </execution>
<!--~~~~~~~~~~~~~~~~~~~~~~~~~~~~~~~~~~~~~~~~~~~~~~~~~~~~~~~ Developer's Comments
# Parameters
/* canCompleteTask                      (Optional) True to specify that the user 
                                        can complete the task 
*/
/* objectId                             (Required) ID of the router task 
*/
#
~~~~~~~~~~~~~~~~~~~~~~~~~~~~~~~~~~~~~~~~~~~~~~~~~~~~~~~~~~~~~~~~~~~~~~~~~~~~~-->
      </action>
   </scope>
   <scope type="dm_notification" role="idocs_member">
      <action id="deletenotification">
         <desc>
            Deletes a notification from a router. 
         </desc>
         <params>
            <param name="objectId" required="true"/>
            <param name="routerId" required="true"/>
         </params>
         <preconditions>
            <precondition class="com.documentum.webcomponent.library.actions.DeleteQueueItemActionPrecondition"/>
         </preconditions>
         <execution class="com.documentum.webcomponent.library.actions.DeleteQueueItemAction"/>
<!--~~~~~~~~~~~~~~~~~~~~~~~~~~~~~~~~~~~~~~~~~~~~~~~~~~~~~~~ Developer's Comments
# Parameters
/* objectId                             (Required) ID of the notification 
*/
/* routerId                             (Required) ID of the router 
*/
#
~~~~~~~~~~~~~~~~~~~~~~~~~~~~~~~~~~~~~~~~~~~~~~~~~~~~~~~~~~~~~~~~~~~~~~~~~~~~~-->
      </action>
   </scope>
   <scope type="dm_queued" role="idocs_member">
      <action id="deletenotification">
         <desc>
            Deletes a notification from a router. 
         </desc>
        <params>
            <param name="objectId" required="true"/>
            <param name="routerId" required="true"/>
         </params>
         <preconditions>
            <precondition class="com.documentum.webcomponent.library.actions.DeleteQueueItemActionPrecondition"/>
         </preconditions>
         <execution class="com.documentum.webcomponent.library.actions.DeleteQueueItemAction"/>
<!--~~~~~~~~~~~~~~~~~~~~~~~~~~~~~~~~~~~~~~~~~~~~~~~~~~~~~~~ Developer's Comments
# Parameters
/* objectId                             (Required) ID of the notification 
*/
/* routerId                             (Required) ID of the router 
*/
#
~~~~~~~~~~~~~~~~~~~~~~~~~~~~~~~~~~~~~~~~~~~~~~~~~~~~~~~~~~~~~~~~~~~~~~~~~~~~~-->
       </action>
   </scope>
</config>
