<?xml version="1.0" encoding="UTF-8" standalone="no"?>
<!-- **************************************************************************         -->
<!-- Module Name: unclaimworkflowtask_component		                                        -->
<!-- Module Description: The custom component for unclaim workflow task used to provide 
							unclaim custom class										-->
<!-- Author name: Parag Doshi											   		        -->
<!-- Date:	8-Sep-2010															        -->
<!-- Module Version No: 1.0                                                             -->
<!--****************************************************************************-->
<config version="1.0">
   <scope role="idocs_member">
      <component id="unclaimworkflowtask">
         <desc>
            This component allows for completion of a workflow task and 
            assignment of a repeat performer for the task. It can only be used  
            for repeatable tasks.
         </desc>
         <params>
            <param name="objectId" required="true"/>
         </params>
         <pages>
            <start>/custom/jsps/taskmanager/unclaim.jsp</start>
         </pages>
             <class>org.ifc.idocs.workflow.taskmanager.UnclaimWorkflowTask</class>
          <nlsbundle>org.ifc.idocs.workflow.taskmanager.UnclaimWorkflowTaskNlsProp</nlsbundle>
         <helpcontextid>unclaimworkflowtask</helpcontextid>
      </component>
   </scope>
</config>
<!--~~~~~~~~~~~~~~~~~~~~~~~~~~~~~~~~~~~~~~~~~~~~~~~~~~~~~~~ Developer's Comments
# This Component will be called from Action....
# Parameters
/* objectId                             (Required) ID of the workflow task to be 
                                        repeated. 
*/
#
~~~~~~~~~~~~~~~~~~~~~~~~~~~~~~~~~~~~~~~~~~~~~~~~~~~~~~~~~~~~~~~~~~~~~~~~~~~~~-->
