{
  "name" : "process-type",
  "type" : "itk_createeventrelationshipprocess",
  "label" : "CreateEventRelationshipProcess",
  "runnable-stateless" : true,
  "urn" : "urn:itk:com.emc.ide.artifact.process:Artifacts/Processes/createeventrelationshipprocess.process",
  "properties" : [ {
    "name" : "process_id",
    "label" : "process_id",
    "type" : "string",
    "length" : 64
  }, {
    "name" : "status",
    "label" : "status",
    "type" : "string",
    "length" : 64
  }, {
    "name" : "id",
    "label" : "id",
    "type" : "string",
    "length" : 64
  }, {
    "name" : "r_runtime_state",
    "label" : "r_runtime_state",
    "type" : "integer"
  }, {
    "name" : "correlation_identifier",
    "label" : "correlation_identifier",
    "type" : "string",
    "length" : 64
  }, {
    "name" : "object_name",
    "label" : "object_name",
    "type" : "string",
    "length" : 64
  }, {
    "name" : "r_creator_name",
    "label" : "r_creator_name",
    "type" : "string",
    "length" : 64
  }, {
    "name" : "r_start_date",
    "label" : "r_start_date",
    "type" : "datetime"
  }, {
    "name" : "supervisor_name",
    "label" : "supervisor_name",
    "type" : "string",
    "length" : 64
  }, {
    "name" : "supervisor_address",
    "label" : "supervisor_address",
    "type" : "string",
    "length" : 64
  } ],
  "tasks" : [ {
    "rel" : "http://identifiers.emc.com/linkrel/task",
    "href" : "${contextPath}types/processes/itk_createeventrelationshipprocess/tasks/itk_initiate"
  }, {
    "rel" : "http://identifiers.emc.com/linkrel/task",
    "href" : "${contextPath}types/processes/itk_createeventrelationshipprocess/tasks/itk_set_event_s_tranact"
  }, {
    "rel" : "http://identifiers.emc.com/linkrel/task",
    "href" : "${contextPath}types/processes/itk_createeventrelationshipprocess/tasks/itk_link_transaction_ev"
  }, {
    "rel" : "http://identifiers.emc.com/linkrel/task",
    "href" : "${contextPath}types/processes/itk_createeventrelationshipprocess/tasks/itk_noop"
  }, {
    "rel" : "http://identifiers.emc.com/linkrel/task",
    "href" : "${contextPath}types/processes/itk_createeventrelationshipprocess/tasks/itk_join"
  }, {
    "rel" : "http://identifiers.emc.com/linkrel/task",
    "href" : "${contextPath}types/processes/itk_createeventrelationshipprocess/tasks/itk_valid_is_and_source"
  }, {
    "rel" : "http://identifiers.emc.com/linkrel/task",
    "href" : "${contextPath}types/processes/itk_createeventrelationshipprocess/tasks/itk_increment_counter"
  } ],
  "flows" : [ {
    "source" : "${contextPath}types/processes/itk_createeventrelationshipprocess/tasks/itk_initiate",
    "target" : "${contextPath}types/processes/itk_createeventrelationshipprocess/tasks/itk_noop",
    "flow-type" : "regular"
  }, {
    "source" : "${contextPath}types/processes/itk_createeventrelationshipprocess/tasks/itk_noop",
    "target" : "${contextPath}types/processes/itk_createeventrelationshipprocess/tasks/itk_join",
    "flow-type" : "regular"
  }, {
    "source" : "${contextPath}types/processes/itk_createeventrelationshipprocess/tasks/itk_join",
    "target" : "${contextPath}types/processes/itk_createeventrelationshipprocess/tasks/itk_valid_is_and_source",
    "flow-type" : "regular"
  }, {
    "source" : "${contextPath}types/processes/itk_createeventrelationshipprocess/tasks/itk_increment_counter",
    "target" : "${contextPath}types/processes/itk_createeventrelationshipprocess/tasks/itk_join",
    "flow-type" : "regular"
  }, {
    "source" : "${contextPath}types/processes/itk_createeventrelationshipprocess/tasks/itk_valid_is_and_source",
    "target" : "${contextPath}types/processes/itk_createeventrelationshipprocess/tasks/itk_increment_counter",
    "flow-type" : "regular"
  }, {
    "source" : "${contextPath}types/processes/itk_createeventrelationshipprocess/tasks/itk_valid_is_and_source",
    "target" : "${contextPath}types/processes/itk_createeventrelationshipprocess/tasks/itk_link_transaction_ev",
    "flow-type" : "regular"
  }, {
    "source" : "${contextPath}types/processes/itk_createeventrelationshipprocess/tasks/itk_link_transaction_ev",
    "target" : "${contextPath}types/processes/itk_createeventrelationshipprocess/tasks/itk_set_event_s_tranact",
    "flow-type" : "regular"
  } ],
  "data" : {
    "packages" : [ {
      "name" : "package0",
      "label" : "package0",
      "mandatory" : true,
      "visible" : true,
      "version-label" : "CURRENT",
      "type" : "${contextPath}types/contents/itk_transaction",
      "input" : false,
      "output" : false
    }, {
      "name" : "package1",
      "label" : "package1",
      "mandatory" : true,
      "visible" : true,
      "version-label" : "CURRENT",
      "type" : "${contextPath}types/business-objects/itk_transaction_event",
      "input" : false,
      "output" : false
    } ],
    "variables" : [ {
      "name" : "p_loop_counter",
      "label" : "p_loop_counter",
      "type" : "integer",
      "repeating" : false,
      "default-value" : null,
      "mandatory" : false,
      "input" : false,
      "output" : false
    } ]
  },
  "links" : [ {
    "rel" : "self",
    "href" : "${contextPath}types/processes/itk_createeventrelationshipprocess"
  }, {
    "rel" : "http://identifiers.emc.com/linkrel/instances",
    "href" : "${contextPath}processes/itk_createeventrelationshipprocess"
  }, {
    "rel" : "http://identifiers.emc.com/linkrel/halt"
  }, {
    "rel" : "http://identifiers.emc.com/linkrel/resume"
  }, {
    "rel" : "http://identifiers.emc.com/linkrel/terminate"
  }, {
    "rel" : "http://identifiers.emc.com/linkrel/tasks"
  }, {
    "rel" : "http://identifiers.emc.com/linkrel/attachments"
  } ]
}