<?xml version="1.0" encoding="ISO-8859-1" standalone="no"?>
<!--***********************************************************************-->
<!-- (c) Copyright 2001-2008. EMC Corporation.  All Rights Reserved.       -->
<!--***********************************************************************-->
<!--                                                                       -->
<!--  Project        Administration Component Library                      -->
<!--  Module         Actions                                               -->
<!--  File           aclactions.xml                                        -->
<!--  Description    Actions for creating/editing acls.                    -->
<!--  Created by     Steve Wagner (stevew@documentum.com)                  -->
<!--  Created on     Friday, February 15, 2002 2:03:16 PM                  -->
<!--  Tab width      3                                                     -->
<!--                                                                       -->
<!--***********************************************************************-->
<!--                                                                       -->
<!-- VCS Maintained Data                                                   -->
<!--                                                                       -->
<!-- Revision       $Revision: 25$                                          -->
<!-- Modified on    $Date: 2/25/2008 1:16:44 PM$                             -->
<!--                                                                       -->
<!-- Log at EOF                                                            -->
<!--                                                                       -->
<!--***********************************************************************-->
<config version="1.0">
   <scope type="idocs_document">
      <action id="addaceaction">
         <desc>
            Adds a user or group entry to an ACL. 
         </desc>
         <params>
          	<param name="documentId" required="false"/>
          	<param name="objectId" required="false"/>
            <param name="objecttype" required="false"/>
            <param name="flatlist" required="false"/>
            <param name="multiselect" required="true"/>
            <param name="permit" required="false"/>
            <param name="roomId" required="false"/>
         </params>
         <preconditions>
            <precondition class="com.documentum.webcomponent.admin.acl.AclOwnerPrecondition">
            </precondition>
         </preconditions>
         <execution class="com.documentum.web.formext.action.LaunchComponent">
            <dynamicfilter class="com.documentum.web.formext.action.LaunchComponentFilter">
               <option>
                  <criteria>
                     <criterion name="governed" value="true"
                                evaluatorclass="com.documentum.web.formext.control.rooms.RoomEvaluator"/>
                  </criteria>
                  <selection>
                     <component>roomuserorgrouplocatorcontainer</component>
                  </selection>
               </option>
               <option>
                  <criteria></criteria>
                  <selection>
                     <component>userorgrouplocatorcontainer</component>
                  </selection>
               </option>
            </dynamicfilter>
         </execution>
         <invocation>
            <modalpopup>
               <windowsize>large</windowsize>
               <refreshparentwindow>onok</refreshparentwindow>
            </modalpopup>
         </invocation>
      </action>
	</scope>
</config>
