<?xml version="1.0" encoding="UTF-8" standalone="no"?>

<config version="1.0">
   <scope type="dm_workflow" role="idocs_member">
      <actionlist id="default">
        <action id="abortworkflow" nlsid="MSG_ABORT_WORKFLOW" showifdisabled="false"/>
      </actionlist>
      <menuconfig id="context-menu">
         <actionmenuitem dynamic="multiselect" action="abortworkflow" nlsid="MSG_ABORT_WORKFLOW" showifdisabled="false" showifinvalid="false"/>
      </menuconfig>
      
      <action id="abortworkflow">
         <desc>
            Aborts a workflow.
         </desc>
         <params>
            <param name="objectId" required="true"/>
            <param name="workflowRuntimeState" required="true"/>
            <param name="supervisor" required="false"/>
         </params>
         <preconditions>
            <precondition class="com.documentum.webcomponent.library.actions.AbortWorkflowPrecondition"></precondition>
         </preconditions>
         <execution class="com.documentum.web.formext.action.LaunchComponent">
            <container>combocontainer</container>
            <component>abortworkflow</component>
         </execution>
       </action>
   </scope>
</config>


