<?xml version="1.0" encoding="UTF-8" standalone="no"?>

<config version="1.0">
   <scope>
	  <action id="exportresult">
         <desc>
         </desc>
         <preconditions>
         </preconditions>
         <execution class="com.documentum.web.formext.action.LaunchComponent">
            <component>exportresult_component</component>
         </execution>
		 <invocation>
            <modalpopup>
               <windowsize>large</windowsize>
               <refreshparentwindow>onok</refreshparentwindow>
            </modalpopup>
         </invocation>
      </action>
   </scope>
</config>