<?xml version="1.0" encoding="UTF-8"?>

<config version="1.0">
	<scope location="/IFCDocs" type="idocs_folder">
		<action id="foldersync">
			<desc>
				This action will list the project ids which are not sync.			
			</desc>
			<params>
				<param name="objectId" required="false"/>
			</params>
			<preconditions>
				<!-- <precondition class="org.ifc.idocs.foldersync.FolderSyncPreCondition"></precondition> -->
			</preconditions>
			<execution class="com.documentum.web.formext.action.LaunchComponent">
				<component>foldersynccomponent</component>
				<container>foldersynccontainer</container>			
			</execution>
			<invocation>
          		<modalpopup>
               		<windowsize>medium</windowsize>
               		<refreshparentwindow>never</refreshparentwindow>
            	</modalpopup>
		    </invocation>
		</action>	
	</scope>
</config>

