<?xml version="1.0" encoding="ISO-8859-1" standalone="no"?>
<!--***********************************************************************-->
<!-- (c) Copyright 2001-2008. EMC Corporation.  All Rights Reserved.       -->
<!--***********************************************************************-->
<!--                                                                       -->
<!--  Project        Administration Component Library                      -->
<!--  Module         Actions                                               -->
<!--  File           aclactions.xml                                        -->
<!--  Description    Actions for creating/editing acls.                    -->
<!--  Created by     Steve Wagner (stevew@documentum.com)                  -->
<!--  Created on     Friday, February 15, 2002 2:03:16 PM                  -->
<!--  Tab width      3                                                     -->
<!--                                                                       -->
<!--***********************************************************************-->
<!--                                                                       -->
<!-- VCS Maintained Data                                                   -->
<!--                                                                       -->
<!-- Revision       $Revision: 25$                                          -->
<!-- Modified on    $Date: 2/25/2008 1:16:44 PM$                             -->
<!--                                                                       -->
<!-- Log at EOF                                                            -->
<!--                                                                       -->
<!--***********************************************************************-->
<config version="1.0">
   <scope type="idocs_document">
       <action id="d">
         <desc>
            Deletes one or more objects. The user must have a role of
            contributor. In addition, the user must have DELETE_PERMIT
            access (valid values: DELETE_PERMIT | WRITE_PERMIT |
            VERSION_PERMIT | RELATE_PERMIT | READ_PERMIT | BROWSE_PERMIT |
            NONE_PERMIT).
         </desc>
         <params>
            <param name="objectId" required="true"/>
            <param name="folderId" required="false"/>
            <param name="lockOwner" required="false"/>
            <param name="ownerName" required="false"/>
         </params>
         <preconditions>
            <precondition class="com.documentum.webcomponent.library.actions.DeleteDocPrecondition">
            </precondition>
            <precondition class="com.documentum.web.formext.action.RolePrecondition">
               <role>contributor</role>
            </precondition>
            <precondition class="org.ifc.idocs.library.actions.DeleteDocumentPreCondition">
            </precondition>
         </preconditions>
         <execution class="com.documentum.web.formext.action.LaunchComponent">
            <dynamicfilter class="com.documentum.web.formext.action.LaunchComponentFilter">
               <option>
                  <criteria>
                     <criterion name="ismessagearchiveattachment" value="true" evaluatorclass="com.documentum.webcomponent.library.messagearchive.MessageArchiveAttachEvaluator"/>
                  </criteria>
                  <selection>
                     <component>informinvalidactionformessagearchiveattach</component>
                  </selection>
               </option>
               <option>
                  <criteria>
                  </criteria>
                  <selection>
                     <container>combocontainer</container>
                  </selection>
               </option>
            </dynamicfilter>
         </execution>
         <invocation>
            <modalpopup>
               <windowsize>medium</windowsize>
               <refreshparentwindow>onok</refreshparentwindow>
            </modalpopup>
         </invocation>
<!--~~~~~~~~~~~~~~~~~~~~~~~~~~~~~~~~~~~~~~~~~~~~~~~~~~~~~~~ Developer's Comments
# Parameters
/* folderId                             (Optional) The ID of the folder in which
                                        the object is located
*/
/* lockOwner                            (Optional) User who has checked out the
                                        object
*/
/* objectId                             (Required) The ID of the object to be
                                        deleted
*/
/* ownerName                            (Optional) The name of the user who owns
                                        the object to be deleted
*/
#
~~~~~~~~~~~~~~~~~~~~~~~~~~~~~~~~~~~~~~~~~~~~~~~~~~~~~~~~~~~~~~~~~~~~~~~~~~~~~-->
      </action>
    </scope>
</config>
