<?xml version="1.0" encoding="UTF-8" standalone="no"?>
<!-- **************************************************************************         -->
<!-- Module Name: idocs_folder_context_actions		                                    -->
<!-- Module Description: 																-->
<!-- Author name: Parag Doshi											   		        -->
<!-- Date:	8-Sep-2010															        -->
<!-- Module Version No: 1.0                                                             -->
<!--****************************************************************************-->
<config version="1.0">
	<scope type="idocs_institution_folder" >
	<menuconfig id="context-menu">
         <!--<filter clientenv="appintg">
            <actionmenuitem dynamic="multiselect" action="delete" nlsid="MSG_DELETE" showifdisabled="false" showifinvalid="false"/>
         </filter>
         --><filter clientenv='not appintg'>
	 <!--
         <actionmenuitem dynamic="multiselect" action="subscribe" nlsid="MSG_SUBSCRIBE" showifdisabled="false" showifinvalid="false"/>
         <actionmenuitem dynamic="multiselect" action="unsubscribe" nlsid="MSG_UNSUBSCRIBE" showifdisabled="false" showifinvalid="false"/>
         -->
         <actionmenuitem dynamic="multiselect" action="subscribe" value="Add To Favorites" showifdisabled="false" showifinvalid="false"/>
         <actionmenuitem dynamic="multiselect" action="unsubscribe" value="Remove From Favorites" showifdisabled="false" showifinvalid="false"/>
         <!--
         <actionmenuitem dynamic="multiselect" action="subscribeothers" nlsid="MSG_SUBSCRIBE_OTHERS" showifdisabled="false" showifinvalid="false"/>
         -->
         <actionmenuitem dynamic="multiselect" action="sendlocator" nlsid="MSG_SEND_LOCATOR" showifdisabled="false" showifinvalid="false"/>
         <actionmenuitem dynamic="multiselect" action="export" nlsid="MSG_EXPORT" showifdisabled="false" showifinvalid="false"/>
         <!-- <actionmenuitem dynamic="multiselect" action="sendtodistributionlist" nlsid="MSG_SEND_TO_DISTRIBUTION" showifdisabled="false" showifinvalid="false"/> -->
         <menuseparator/>
         <actionmenuitem dynamic="multiselect" action="properties" nlsid="MSG_PROPERTIES" showifdisabled="false" showifinvalid="false"/>
         <menuseparator/>
         <actionmenuitem dynamic="multiselect" action="addtoclipboard" nlsid="MSG_ADD_TO_CLIPBOARD" showifdisabled="false" showifinvalid="false"/>
         <actionmenuitem dynamic="singleselect" action="copyhere" nlsid="MSG_COPY_FILE" showifdisabled="false" showifinvalid="false"/>
         <!-- <actionmenuitem dynamic="singleselect" action="movehere" nlsid="MSG_MOVE_FILE" showifdisabled="false" showifinvalid="false"/> -->
         <!-- <actionmenuitem dynamic="singleselect" action="linkhere" nlsid="MSG_LINK_FILE" showifdisabled="false" showifinvalid="false"/> -->
         <!--<actionmenuitem dynamic="multiselect" action="addtobrowserfavorites" nlsid="MSG_ADD_TO_FAVORITES" showifdisabled="false" showifinvalid="false" oncompleteclient='onAddToFavorites'/>
         --><menuseparator/>
         <!--<actionmenuitem dynamic="multiselect" action="delete" nlsid="MSG_DELETE" showifdisabled="false" showifinvalid="false"/>
         --><menuseparator/>
         <menu nlsid="MSG_VIEW_MENU">
            <actionmenuitem dynamic="singleselect" action="relationships" nlsid="MSG_RELATIONSHIPS" showifdisabled="false" showifinvalid="false"/>
            <actionmenuitem dynamic="singleselect" action="locations" nlsid="MSG_LOCATIONS" showifdisabled="false" showifinvalid="false"/>
            <actionmenuitem dynamic="multiselect" action="showtopicaction" nlsid="MSG_DISCUSSION_ACTION" showifdisabled="false" showifinvalid="false"/>
         </menu>
         <menuseparator/>        
         <actionmenuitem dynamic="singleselect" action="viewprojectsorpartners" value="View Projects" showifdisabled="true" showifinvalid="true"/>
        </filter>
      </menuconfig>
	</scope>
	
	<actionlist id="default">
         <!-- action id and nlsid to display -->
         <action id="properties" nlsid="MSG_PROPERTIES"/>
         <action id="delete" nlsid="MSG_DELETE"/>
         <action id="addtoclipboard" nlsid="MSG_ADD_TO_CLIPBOARD"/>
         <action id="subscribe" nlsid="MSG_SUBSCRIBE" showifdisabled="false"/><!--
         <action id="unsubscribe" nlsid="MSG_UNSUBSCRIBE" showifdisabled="false"/>
         <action id="sendlocator" nlsid="MSG_SEND_LOCATOR" showifdisabled="false"/>
      -->
         <action id="subscribe" value="Add To Favorites" showifdisabled="false"/>
         <action id="unsubscribe" value="Remove From Favorites" showifdisabled="false"/>
      </actionlist>
      
   <scope type="idocs_folder">
       <menuconfig id="context-menu">
         <filter clientenv="appintg">
            <actionmenuitem dynamic="multiselect" action="delete" nlsid="MSG_DELETE" showifdisabled="false" showifinvalid="false"/>
         </filter>
         <filter clientenv='not appintg'><!--
         <actionmenuitem dynamic="multiselect" action="subscribe" nlsid="MSG_SUBSCRIBE" showifdisabled="false" showifinvalid="false"/>
         <actionmenuitem dynamic="multiselect" action="unsubscribe" nlsid="MSG_UNSUBSCRIBE" showifdisabled="false" showifinvalid="false"/>
         -->
         <actionmenuitem dynamic="multiselect" action="subscribe" value="Add To Favorites" showifdisabled="false" showifinvalid="false"/>
         <actionmenuitem dynamic="multiselect" action="unsubscribe" value="Remove From Favorites" showifdisabled="false" showifinvalid="false"/>
         <actionmenuitem dynamic="multiselect" action="subscribeothers" value="Add To Others Favorites" showifdisabled="false" showifinvalid="false"/>
         <actionmenuitem dynamic="multiselect" action="sendlocator" nlsid="MSG_SEND_LOCATOR" showifdisabled="false" showifinvalid="false"/>
         <actionmenuitem dynamic="multiselect" action="export" nlsid="MSG_EXPORT" showifdisabled="false" showifinvalid="false"/>
         <actionmenuitem dynamic="multiselect" action="sendtodistributionlist" nlsid="MSG_SEND_TO_DISTRIBUTION" showifdisabled="false" showifinvalid="false"/>
         <menuseparator/>
       		<actionmenuitem dynamic="multiselect" action="properties" nlsid="MSG_PROPERTIES" showifdisabled="false" showifinvalid="false"/>
         <menuseparator/>
         <actionmenuitem dynamic="multiselect" action="addtoclipboard" nlsid="MSG_ADD_TO_CLIPBOARD" showifdisabled="false" showifinvalid="false"/>
         <actionmenuitem dynamic="singleselect" action="copyhere" nlsid="MSG_COPY_FILE" showifdisabled="false" showifinvalid="false"/>
         <actionmenuitem dynamic="singleselect" action="movehere" nlsid="MSG_MOVE_FILE" showifdisabled="false" showifinvalid="false"/>
         <actionmenuitem dynamic="singleselect" action="linkhere" nlsid="MSG_LINK_FILE" showifdisabled="false" showifinvalid="false"/>
         <!--<actionmenuitem dynamic="multiselect" action="addtobrowserfavorites" nlsid="MSG_ADD_TO_FAVORITES" showifdisabled="false" showifinvalid="false" oncompleteclient='onAddToFavorites'/>
         --><menuseparator/>
         <actionmenuitem dynamic="multiselect" action="delete" nlsid="MSG_DELETE" showifdisabled="false" showifinvalid="false"/>
         <menuseparator/>
         <menu nlsid="MSG_VIEW_MENU">
            <actionmenuitem dynamic="singleselect" action="relationships" nlsid="MSG_RELATIONSHIPS" showifdisabled="false" showifinvalid="false"/>
            <actionmenuitem dynamic="singleselect" action="locations" nlsid="MSG_LOCATIONS" showifdisabled="false" showifinvalid="false"/>
            <actionmenuitem dynamic="multiselect" action="showtopicaction" nlsid="MSG_DISCUSSION_ACTION" showifdisabled="false" showifinvalid="false"/>
         </menu>
         </filter>
      </menuconfig>
	</scope>
   <scope type="idocs_project_folder,idocs_country_folder" >
   <actionlist id="default">
         <!-- action id and nlsid to display -->
         <action id="properties" nlsid="MSG_PROPERTIES"/>
         <action id="delete" nlsid="MSG_DELETE"/>
         <action id="addtoclipboard" nlsid="MSG_ADD_TO_CLIPBOARD"/>
         
         <!-- <action id="subscribe" nlsid="MSG_SUBSCRIBE" showifdisabled="false"/>  -->
         <action id="subscribe" value="Add To Favorites" showifdisabled="false"/>
         <!-- <action id="unsubscribe" nlsid="MSG_UNSUBSCRIBE" showifdisabled="false"/> -->
         <action id="unsubscribe" value="Remove From Favorites" showifdisabled="false"/>
         <action id="sendlocator" nlsid="MSG_SEND_LOCATOR" showifdisabled="false"/>
      </actionlist>

       <menuconfig id="context-menu">
         <filter clientenv="appintg">
            <actionmenuitem dynamic="multiselect" action="delete" nlsid="MSG_DELETE" showifdisabled="false" showifinvalid="false"/>
         </filter>
         <filter clientenv='not appintg'>
         
         <actionmenuitem dynamic="multiselect" action="subscribe" value="Add To Favorites" showifdisabled="false" showifinvalid="false"/>
         <actionmenuitem dynamic="multiselect" action="unsubscribe" value="Remove From Favorites" showifdisabled="false" showifinvalid="false"/><!--
         <actionmenuitem dynamic="multiselect" action="unsubscribe" nlsid="MSG_UNSUBSCRIBE" showifdisabled="false" showifinvalid="false"/>
         --><!--
         <actionmenuitem dynamic="multiselect" action="subscribeothers" nlsid="MSG_SUBSCRIBE_OTHERS" showifdisabled="false" showifinvalid="false"/>
         -->
         <actionmenuitem dynamic="multiselect" action="sendlocator" nlsid="MSG_SEND_LOCATOR" showifdisabled="false" showifinvalid="false"/>
         <actionmenuitem dynamic="multiselect" action="export" nlsid="MSG_EXPORT" showifdisabled="false" showifinvalid="false"/>
         <!-- <actionmenuitem dynamic="multiselect" action="sendtodistributionlist" nlsid="MSG_SEND_TO_DISTRIBUTION" showifdisabled="false" showifinvalid="false"/> -->
         <menuseparator/>
         <actionmenuitem dynamic="multiselect" action="properties" nlsid="MSG_PROPERTIES" showifdisabled="false" showifinvalid="false"/>
         <menuseparator/>
         <actionmenuitem dynamic="multiselect" action="addtoclipboard" nlsid="MSG_ADD_TO_CLIPBOARD" showifdisabled="false" showifinvalid="false"/>
         <actionmenuitem dynamic="singleselect" action="copyhere" nlsid="MSG_COPY_FILE" showifdisabled="false" showifinvalid="false"/>
         <actionmenuitem dynamic="singleselect" action="movehere" nlsid="MSG_MOVE_FILE" showifdisabled="false" showifinvalid="false"/>
         <!--
         <actionmenuitem dynamic="singleselect" action="linkhere" nlsid="MSG_LINK_FILE" showifdisabled="false" showifinvalid="false"/>
         <actionmenuitem dynamic="multiselect" action="addtobrowserfavorites" nlsid="MSG_ADD_TO_FAVORITES" showifdisabled="false" showifinvalid="false" oncompleteclient='onAddToFavorites'/>
         -->
         <menuseparator/>
         <actionmenuitem dynamic="multiselect" action="delete" nlsid="MSG_DELETE" showifdisabled="false" showifinvalid="false"/>
         <menuseparator/>
         <menu nlsid="MSG_VIEW_MENU">
            <actionmenuitem dynamic="singleselect" action="relationships" nlsid="MSG_RELATIONSHIPS" showifdisabled="false" showifinvalid="false"/>
            <actionmenuitem dynamic="singleselect" action="locations" nlsid="MSG_LOCATIONS" showifdisabled="false" showifinvalid="false"/>
            <actionmenuitem dynamic="multiselect" action="showtopicaction" nlsid="MSG_DISCUSSION_ACTION" showifdisabled="false" showifinvalid="false"/>
         </menu>
         <menuseparator/>        
         <actionmenuitem dynamic="singleselect" action="viewprojectsorpartners" value="View Partners" showifdisabled="true" showifinvalid="true"/>
        </filter>
      </menuconfig>

	  <action id="newdocument">
         <desc>
            Creates a document within a folder. The user must have a 
            contributor role. The permit value folder_link_permit performs a 
            check for write permissions on the folder when folder security is 
            enabled. 
         </desc>
         <params>
            <param name="objectId" required="true"/>
            <param name="ownerName" required="false"/>
            <param name="editAfterCreate" required="false"/>
            <param name="contentType" required="false"/>
            <param name="templateName" required="false"/>
            <param name="callerComponent" required="false"/>
         </params>
         <preconditions>
            <precondition class="com.documentum.web.formext.action.RolePrecondition">
               <role>contributor</role>
            </precondition>
            <precondition class="com.documentum.web.formext.action.ComponentPrecondition">
               <reverse-precondition>true</reverse-precondition>
               <component>search</component>
            </precondition>
         </preconditions>
         <execution class="com.documentum.web.formext.action.LaunchComponentWithPermitCheck">
            <permit>folder_link_permit</permit>
            <dynamicfilter class="com.documentum.web.contentxfer.ContentTransferLaunchComponentFilter">
               <option>
                  <criteria>
                     <criterion name="contenttransfer" value="ucf"/>
                  </criteria>
                  <selection>
                     <component>newdocument</component>
                     <container>newdoccontainer</container>
                  </selection>
               </option>
               <option>
                  <criteria>
                     <criterion name="contenttransfer" value="http"/>
                  </criteria>
                  <selection>
                     <component>newdocument</component>
                     <container>newhttpdoccontainer</container>
                  </selection>
               </option>
            </dynamicfilter>
         </execution>
         <invocation>
            <modalpopup>
               <windowsize>large</windowsize>
               <refreshparentwindow>onok</refreshparentwindow>
            </modalpopup>
         </invocation>
<!--~~~~~~~~~~~~~~~~~~~~~~~~~~~~~~~~~~~~~~~~~~~~~~~~~~~~~~~ Developer's Comments
# Parameters
/* contentType                          (Optional) Document format
*/
/* editAfterCreate                      (Optional) Specifies whether the
                                        document can be edited after creation
*/
/* objectId                             (Required) ID of the folder or cabinet
                                        that will contain the new object
*/
/* ownerName                            (Optional) Name of the owner of the
                                        folder or cabinet. Used by the
                                        NewObjectPrecondition class to determine
                                        whether the action can be performed.
*/
#
~~~~~~~~~~~~~~~~~~~~~~~~~~~~~~~~~~~~~~~~~~~~~~~~~~~~~~~~~~~~~~~~~~~~~~~~~~~~~-->
      </action>
      <action id="newprocess">
         <desc>
            Creates a new workflow template by launching the Web workflow
            manager. The user must have a contributor role. The permit value
            folder_link_permit performs a check for write permissions on the
            folder when folder security is enabled.
         </desc>
         <params>
            <param name="objectId" required="true"/>
            <param name="ownerName" required="false"/>
         </params>
         <preconditions>
            <precondition class="com.documentum.web.formext.action.ComponentPrecondition">
               <reverse-precondition>true</reverse-precondition>
               <component>attachments</component>
            </precondition>
            <precondition class="com.documentum.web.formext.action.RolePrecondition">
               <role>coordinator</role>
            </precondition>
         </preconditions>
         <execution class="com.documentum.web.formext.action.LaunchComponentWithPermitCheck">
            <permit>folder_link_permit</permit>
            <container>webwfmcontainer</container>
            <component>webwfm</component>
         </execution>
<!--~~~~~~~~~~~~~~~~~~~~~~~~~~~~~~~~~~~~~~~~~~~~~~~~~~~~~~~ Developer's Comments
# Parameters
/* objectId                             (Required) ID of the folder in which to
                                        create the template
*/
/* ownerName                            (Optional) Name of the owner of the
                                        folder or cabinet. Used by the
                                        NewObjectPrecondition class to determine
                                        whether the action can be performed.
*/
#
~~~~~~~~~~~~~~~~~~~~~~~~~~~~~~~~~~~~~~~~~~~~~~~~~~~~~~~~~~~~~~~~~~~~~~~~~~~~~-->
      </action>
      <action id="newfolder">
         <desc>
            Creates a new folder. The user must have a contributor role. The
            permit value folder_link_permit performs a check for write
            permissions on the folder when the folder security is enabled.
         </desc>
         <params>
            <param name="objectId" required="true"/>
            <param name="ownerName" required="false"/>
         </params>
         <preconditions>
            <precondition class="com.documentum.web.formext.action.ComponentPrecondition">
               <reverse-precondition>true</reverse-precondition>
               <component>attachments</component>
               <component>search</component>
            </precondition>
            <precondition class="com.documentum.web.formext.action.RolePrecondition">
               <role>contributor</role>
            </precondition>
         </preconditions>
         <execution class="com.documentum.web.formext.action.LaunchComponentWithPermitCheck">
            <permit>folder_link_permit</permit>
            <component>newfolder</component>
            <container>newfoldercontainer</container>
         </execution>
         <invocation>
            <modalpopup>
               <windowsize>medium</windowsize>
               <refreshparentwindow>onok</refreshparentwindow>
            </modalpopup>
         </invocation>
<!--~~~~~~~~~~~~~~~~~~~~~~~~~~~~~~~~~~~~~~~~~~~~~~~~~~~~~~~ Developer's Comments
# Parameters
/* objectId                             (Required) ID of the folder or cabinet
                                        that will contain the new object
*/
/* ownerName                            (Optional) Name of the owner of the
                                        folder or cabinet. Used by the
                                        NewObjectPrecondition class to determine
                                        whether the action can be performed.
*/
#
~~~~~~~~~~~~~~~~~~~~~~~~~~~~~~~~~~~~~~~~~~~~~~~~~~~~~~~~~~~~~~~~~~~~~~~~~~~~~-->
      </action>
      <action id="delete" notdefined="true" />
         <!--<desc>
            Deletes one or more folder objects. The user must have a role of
            contributor.
         </desc>
         <params>
            <param name="objectId" required="true"/>
            <param name="folderId" required="false"/>
            <param name="ownerName" required="false"/>
         </params>
         <preconditions>
            <precondition class="com.documentum.web.formext.action.RolePrecondition">
               <role>contributor</role>
            </precondition>
         </preconditions>
         <execution class="com.documentum.webcomponent.library.actions.DeleteFolderAction">
            <container>combocontainer</container>
            <nlsbundle>com.documentum.webcomponent.library.delete.DeleteNlsProp</nlsbundle>
            <max-delete-files-and-folders>1000</max-delete-files-and-folders>
         </execution>
         <invocation>
            <modalpopup>
               <windowsize>medium</windowsize>
               <refreshparentwindow>onok</refreshparentwindow>
            </modalpopup>
         </invocation>
~~~~~~~~~~~~~~~~~~~~~~~~~~~~~~~~~~~~~~~~~~~~~~~~~~~~~~~ Developer's Comments
# Parameters
/* folderId                             (Optional) The ID of the folder in which
                                        the object is located
*/
/* objectId                             (Required) The ID of the object to be
                                        deleted
*/
/* ownerName                            (Optional) The name of the user who owns
                                        the object to be deleted
*/
#
~~~~~~~~~~~~~~~~~~~~~~~~~~~~~~~~~~~~~~~~~~~~~~~~~~~~~~~~~~~~~~~~~~~~~~~~~~~~~
      </action>
      --><action id="rename">
         <desc>
            Renames a folder in the repository. The user must have a role of
            contributor or higher and write_permit access to the parent folder
            or cabinet (valid values: DELETE_PERMIT | WRITE_PERMIT
            |VERSION_PERMIT | RELATE_PERMIT | READ_PERMIT | BROWSE_PERMIT |
            NONE_PERMIT).
         </desc>
         <params>
            <param name="objectId" required="true"/>
            <param name="ownerName" required="false"/>
         </params>
         <preconditions>
            <precondition class="com.documentum.web.formext.action.RolePrecondition">
               <role>contributor</role>
            </precondition>
         </preconditions>
         <execution class="com.documentum.web.formext.action.LaunchComponentWithPermitCheck">
            <permit>write_permit</permit>
            <container>combocontainer</container>
         </execution>
<!--~~~~~~~~~~~~~~~~~~~~~~~~~~~~~~~~~~~~~~~~~~~~~~~~~~~~~~~ Developer's Comments
# Parameters
/* objectId                             (Required) The ID of the folder to be
                                        renamed.
*/
/* ownerName                            (Optional) User who owns the folder
*/
#
~~~~~~~~~~~~~~~~~~~~~~~~~~~~~~~~~~~~~~~~~~~~~~~~~~~~~~~~~~~~~~~~~~~~~~~~~~~~~-->
      </action>
      <action id="import">
         <desc>
            Imports an object from the local file system to the repository.
            The user must have a contributor role. The permit value
            folder_link_permit performs a check for write permissions on
            the folder when folder security is enabled.
         </desc>
         <params>
            <param name="objectId" required="true"/>
            <param name="objectName" required="false"/>
            <param name="ownerName" required="false"/>
            <param name="docbaseType" required="false"/>
            <param name="baseDocbaseType" required="false"/>
            <param name="filePath" required="false"/>
            <param name="parentPath" required="false"/>
            <param name="isDirectory" required="false"/>
            <param name="format" required="false"/>
            <param name="componentArgs" required="false"/>
            <param name="component" required="false"/>
         </params>
         <preconditions>
            <precondition class="com.documentum.webcomponent.library.actions.ImportPrecondition">
            </precondition>
            <precondition class="com.documentum.web.formext.action.RolePrecondition">
               <role>contributor</role>
            </precondition>
            <precondition class="com.documentum.web.formext.action.ComponentPrecondition">
               <reverse-precondition>true</reverse-precondition>
               <component>search</component>
            </precondition>
         </preconditions>
         <execution class="com.documentum.web.formext.action.LaunchComponentWithPermitCheck">
            <permit>folder_link_permit</permit>
            <dynamicfilter class="com.documentum.web.formext.action.LaunchComponentFilter">
          <!-- Render ucf applet for accessibility users too. -->
               <option>
                  <criteria>
                     <criterion name="isaccessibilityon" value="true" evaluatorclass="com.documentum.web.contentxfer.AccessibilityEvaluator"/>
                  </criteria>
                  <filter clientenv="not appintg">
                     <selection>
                        <component>import</component>
                        <container>importcontainer</container>
                     </selection>
                  </filter>
                  <filter clientenv="appintg">
                     <selection>
                        <component>import</component>
                        <container>importcontainer</container>
                     </selection>
                  </filter>
               </option>
               <option>
                  <criteria>
                     <criterion name="contenttransfer"  value="http" evaluatorclass="com.documentum.web.contentxfer.ContentTransferLaunchComponentEvaluator"/>
                  </criteria>
                  <selection>
                     <component>httpimport</component>
                     <container>httpimportcontainer</container>
                  </selection>
               </option>
               <option>
                  <criteria>
                     <criterion name="isAttachmentFolder" value="true" evaluatorclass="com.documentum.webcomponent.library.attachments.AttachmentFolderEvaluator"/>
                  </criteria>
                  <selection>
                     <component>attachmentimport</component>
                     <container>attachmentimportcontainer</container>
                  </selection>
               </option>
               <option>
                  <criteria>
                     <criterion name="contenttransfer" value="ucf" evaluatorclass="com.documentum.web.contentxfer.ContentTransferLaunchComponentEvaluator"/>
                  </criteria>
                  <selection>
                     <component>import</component>
                     <container>importcontainer</container>
                  </selection>
               </option>
            </dynamicfilter>
         </execution>
         <invocation>
            <modalpopup>
               <windowsize>medium</windowsize>
               <refreshparentwindow>onok</refreshparentwindow>
            </modalpopup>
         </invocation>
<!--~~~~~~~~~~~~~~~~~~~~~~~~~~~~~~~~~~~~~~~~~~~~~~~~~~~~~~~ Developer's Comments
# Parameters
/* baseDocbaseType                      (Optional) Base object type for import 
*/
/* docbaseType                          (Optional) Object type of imported 
                                        object 
*/
/* filePath                             (Optional) Path to the file on the local 
                                        machine 
*/
/* format                               (Optional) Format of the object to be 
                                        imported 
*/
/* isDirectory                          (Optional) Boolean that indicates 
                                        whether the object being imported is a 
                                        directory 
*/
/* objectId                             (Required) ID of the destination folder 
*/
/* objectName                           (Optional) Name of object to be imported 
*/
/* ownerName                            (Optional) Name of the owner of the 
                                        destination folder 
*/
/* parentPath                           (Optional) Repository path into which 
                                        the file is imported 
*/
#
~~~~~~~~~~~~~~~~~~~~~~~~~~~~~~~~~~~~~~~~~~~~~~~~~~~~~~~~~~~~~~~~~~~~~~~~~~~~~-->
      </action>
      <action id="newxforms">
         <desc>
            Creates a new form. The user must have the role form_user and 
            folder_link_permit permission. Customization is not supported. 
         </desc>
         <params>
            <param name="objectId" required="true"/>
            <param name="ownerName" required="false"/>
         </params>
         <preconditions>
            <precondition class="com.documentum.web.formext.action.ComponentPrecondition">
               <reverse-precondition>true</reverse-precondition>
               <component>attachments</component>
            </precondition>
            <precondition class="com.documentum.webcomponent.xforms.action.XFormsRolePrecondition">
               <role>form_user</role>
            </precondition>
            <precondition class="com.documentum.webcomponent.xforms.action.NewXFormsPrecondition">
            </precondition>
         </preconditions>
         <execution class="com.documentum.web.formext.action.LaunchComponentWithPermitCheck">
            <permit>folder_link_permit</permit>
            <component>newxforms</component>
            <container>newxformscontainer</container>
<!--~~~~~~~~~~~~~~~~~~~~~~~~~~~~~~~~~~~~~~~~~~~~~~~~~~~~~~~ Developer's Comments
# Parameters
/* objectId                             (Required) Object ID of the current 
                                        folder in which the form will be 
                                        created
*/
/* ownerName                            (Optional) Name of the owner of the 
                                        folder or cabinet. Used by the 
                                        NewObjectPrecondition class to determine 
                                        whether the action can be performed. 
*/
#
~~~~~~~~~~~~~~~~~~~~~~~~~~~~~~~~~~~~~~~~~~~~~~~~~~~~~~~~~~~~~~~~~~~~~~~~~~~~~-->
         </execution>
      </action>
      <action id="newprintforms">
         <desc>
            Creates a new form. The user must have the role form_user and 
            folder_link_permit permission. Customization is not supported. 
         </desc>
         <params>
            <param name="objectId" required="true"/>
            <param name="ownerName" required="false"/>
         </params>
         <preconditions>
            <precondition class="com.documentum.web.formext.action.ComponentPrecondition">
               <reverse-precondition>true</reverse-precondition>
               <component>attachments</component>
            </precondition>
            <precondition class="com.documentum.webcomponent.xforms.action.XFormsRolePrecondition">
               <role>form_user</role>
            </precondition>
         </preconditions>
         <execution class="com.documentum.web.formext.action.LaunchComponentWithPermitCheck">
            <permit>folder_link_permit</permit>
            <component>newprintforms</component>
            <container>newprintformscontainer</container>
         </execution>
<!--~~~~~~~~~~~~~~~~~~~~~~~~~~~~~~~~~~~~~~~~~~~~~~~~~~~~~~~ Developer's Comments
# Parameters
/* objectId                             (Required) Object ID of the current 
                                        folder in which the form will be 
                                        created
*/
/* ownerName                            (Optional) Name of the owner of the 
                                        folder or cabinet. Used by the 
                                        NewObjectPrecondition class to determine 
                                        whether the action can be performed. 
*/
#
~~~~~~~~~~~~~~~~~~~~~~~~~~~~~~~~~~~~~~~~~~~~~~~~~~~~~~~~~~~~~~~~~~~~~~~~~~~~~-->
      </action>
      <action id="saveasxforms">
         <desc>
            Creates a new form from a current form. The user must have the 
            role form_user. Launched as a menu item for a selected object in 
            the list view. Customization is not supported. 
         </desc>
         <params>
            <param name="objectId" required="true"/>
            <param name="ownerName" required="false"/>
            <param name="contentType" required="false"/>
         </params>
         <preconditions>
            <precondition class="com.documentum.webcomponent.xforms.action.XFormsRolePrecondition">
               <role>form_user</role>
            </precondition>
            <precondition class="com.documentum.webcomponent.xforms.action.XFormsPrecondition">
            </precondition>
         </preconditions>
         <execution class="com.documentum.web.formext.action.LaunchComponent">
            <component>saveasxforms</component>
            <container>newxformscontainer</container>
         </execution>
<!--~~~~~~~~~~~~~~~~~~~~~~~~~~~~~~~~~~~~~~~~~~~~~~~~~~~~~~~ Developer's Comments
# Parameters
/* contentType                          (Optional) File format of the object 
                                        (passed to the operating system) 
*/
/* objectId                             (Required) Object ID of the current 
                                        folder in which the form will be 
                                        created 
*/
/* ownerName                            (Optional) Not implemented 
*/
#
~~~~~~~~~~~~~~~~~~~~~~~~~~~~~~~~~~~~~~~~~~~~~~~~~~~~~~~~~~~~~~~~~~~~~~~~~~~~~-->
      </action>
      
      <action id="copyhere">
         <desc>
            Copies a clipboard object to the target folder. 
         </desc>
         <params>
            <param name="objectId" required="true"/>
         </params>
         <preconditions>
            <precondition class="com.documentum.webcomponent.environment.actions.CopyHereAction">
            </precondition>
         </preconditions>
         <execution class="com.documentum.webcomponent.environment.actions.CopyHereAction">
         </execution>
<!--~~~~~~~~~~~~~~~~~~~~~~~~~~~~~~~~~~~~~~~~~~~~~~~~~~~~~~~ Developer's Comments
# Parameters
/* objectId                             (Required) Object ID of the target 
                                        folder which the clipboard contents are 
                                        to be copied to. 
*/
#
~~~~~~~~~~~~~~~~~~~~~~~~~~~~~~~~~~~~~~~~~~~~~~~~~~~~~~~~~~~~~~~~~~~~~~~~~~~~~-->         
      </action>
      
      <action id="movehere">
         <desc>
            Moves a clipboard object to the target folder. 
         </desc>
         <params>
            <param name="objectId" required="true"/>
         </params>
         <preconditions>
            <precondition class="com.documentum.webcomponent.environment.actions.MoveHereAction">
            </precondition>
         </preconditions>
         <execution class="com.documentum.webcomponent.environment.actions.MoveHereAction">
         <!--<execution class="org.ifc.idocs.environment.actions.MoveHereAction">-->
         </execution>
<!--~~~~~~~~~~~~~~~~~~~~~~~~~~~~~~~~~~~~~~~~~~~~~~~~~~~~~~~ Developer's Comments
# Parameters
/* objectId                             (Required) Object ID of the target 
                                        folder which the clipboard contents are 
                                        to be moved to. 
*/
#
~~~~~~~~~~~~~~~~~~~~~~~~~~~~~~~~~~~~~~~~~~~~~~~~~~~~~~~~~~~~~~~~~~~~~~~~~~~~~-->            
      </action>
      
      <action id="linkhere">
         <desc>
            Links a clipboard object to the target folder.  
         </desc>
         <params>
            <param name="objectId" required="true"/>
         </params>
         <preconditions>
            <precondition class="com.documentum.webcomponent.environment.actions.LinkHereAction">
            </precondition>
         </preconditions>
         <execution class="com.documentum.webcomponent.environment.actions.LinkHereAction">
         </execution>
<!--~~~~~~~~~~~~~~~~~~~~~~~~~~~~~~~~~~~~~~~~~~~~~~~~~~~~~~~ Developer's Comments
# Parameters
/* objectId                             (Required) Object ID of the target 
                                        folder which the clipboard contents are 
                                        to be linked to. 
*/
#
~~~~~~~~~~~~~~~~~~~~~~~~~~~~~~~~~~~~~~~~~~~~~~~~~~~~~~~~~~~~~~~~~~~~~~~~~~~~~-->            
      </action>
      
      <!-- disable actions against dm_folder -->
      <action id="versions" notdefined="true"></action>
      <action id="renditions" notdefined="true"></action>
      <action id="view" notdefined="true"></action>
      <action id="editfile" notdefined="true"></action>
      <action id="checkin" notdefined="true"></action>
      <action id="checkout" notdefined="true"></action>
      <action id="cancelcheckout" notdefined="true"></action>
      <action id="drledit" notdefined="true"></action>
      <action id="drlview" notdefined="true"></action>
      <action id="applylifecycle" notdefined="true"></action>
      <action id="suspendlifecycle" notdefined="true"></action>
      <action id="restorelifecycle" notdefined="true"></action>
      <action id="detachlifecycle" notdefined="true"></action>
      <action id="promote" notdefined="true"></action>
      <action id="demote" notdefined="true"></action>
      <action id="modifyversionlabels" notdefined="true"/>
   </scope>
   
   
   <scope type="dm_folder" entitlement="collaboration">
      <action id="newnotepage">
         <desc>
            Creates a new note object. A note is a content file that can be 
            displayed directly in the browser. 
         </desc>
         <params>
            <param name="objectId" required="true"/>
            <param name="ownerName" required="false"/>
         </params>
         <preconditions>
            <precondition class="com.documentum.web.formext.action.RolePrecondition">
               <role>contributor</role>
            </precondition>
            <precondition class="com.documentum.webcomponent.library.notepage.NotePageActionPrecondition">
            </precondition>
         </preconditions>
         <execution class="com.documentum.web.formext.action.LaunchComponentWithPermitCheck">
            <permit>folder_link_permit</permit>
            <component>newnotepage</component>
            <container>newnotepagecontainer</container>
         </execution>
         <invocation>
            <modalpopup>
               <windowsize>medium</windowsize>
               <refreshparentwindow>onok</refreshparentwindow>
            </modalpopup>
         </invocation>
<!--~~~~~~~~~~~~~~~~~~~~~~~~~~~~~~~~~~~~~~~~~~~~~~~~~~~~~~~ Developer's Comments
# Parameters
/* objectId                             (Required) ID of the folder or cabinet 
                                        that will contain the new object 
*/
/* ownerName                            (Optional) Name of the owner of the 
                                        folder or cabinet. Used by the 
                                        NewObjectPrecondition class to determine 
                                        whether the action can be performed. 
*/
#
~~~~~~~~~~~~~~~~~~~~~~~~~~~~~~~~~~~~~~~~~~~~~~~~~~~~~~~~~~~~~~~~~~~~~~~~~~~~~-->
      </action>

      <action id="properties" extends="properties:webcomponent/config/actions/dm_sysobject_actions.xml">
         <desc>
            Displays the message archive properties of an object (dm_sysobject).
         </desc>
         <invocation>
            <modalpopup>
               <windowsize>large</windowsize>
               <refreshparentwindow>onok</refreshparentwindow>
            </modalpopup>
         </invocation>
      </action>
   </scope>

   <!-- Apply folder IRM profile action -->
   <scope type="dm_folder" entitlement="irm">
      <action id="irm_fol_apply_profile">
         <params>
            <param name="objectId" required="true"></param>
         </params>

         <execution class="com.documentum.web.formext.action.LaunchComponentWithPermitCheck">
            <permit>write_permit</permit>
            <component>irmapplyprofile</component>
            <container>combocontainer</container>
         </execution>
         <invocation>
            <modalpopup>
               <windowsize>medium</windowsize>
               <refreshparentwindow>onok</refreshparentwindow>
            </modalpopup>
         </invocation>
      </action>
   
	</scope>
</config>  
