<?xml version="1.0" encoding="ISO-8859-1" standalone="no"?>
<!--***********************************************************************-->
<!-- (c) Copyright 2001-2008. EMC Corporation.  All Rights Reserved.       -->
<!--***********************************************************************-->
<!--                                                                       -->
<!--  Project        Administration Component Library                      -->
<!--  Module         Actions                                               -->
<!--  File           aclactions.xml                                        -->
<!--  Description    Actions for creating/editing acls.                    -->
<!--  Created by     Steve Wagner (stevew@documentum.com)                  -->
<!--  Created on     Friday, February 15, 2002 2:03:16 PM                  -->
<!--  Tab width      3                                                     -->
<!--                                                                       -->
<!--***********************************************************************-->
<!--                                                                       -->
<!-- VCS Maintained Data                                                   -->
<!--                                                                       -->
<!-- Revision       $Revision: 25$                                          -->
<!-- Modified on    $Date: 2/25/2008 1:16:44 PM$                             -->
<!--                                                                       -->
<!-- Log at EOF                                                            -->
<!--                                                                       -->
<!--***********************************************************************-->
<config version="1.0">
   <scope type="ifc_folder,idocs_document">
      <action id="export">
         <desc>
            Exports the object to the local file system.
         </desc>
         <params>
            <param name="objectId" required="true"/>
            <param name="contentSize" required="false"/>
            <param name="contentType" required="false"/>
            <param name="isReference" required="false"/>
            <param name="vdmRootObjectId" required="false"/>
            <param name="nodeId" required="false"/>
            <param name="assemblyObjectId" required="false"/>
            <param name="assembledFromId" required="false"/>
         </params>
         <preconditions>
            <precondition class="com.documentum.webcomponent.library.actions.ExportAction">
               <emptycontenttypes>dmc_calendar,dmc_calendar_event,dmc_datatable,dmc_datatable_row</emptycontenttypes>
            </precondition>
         </preconditions>
         <execution class="com.documentum.web.formext.action.RedirectActionExecution">
            <dynamicfilter class="com.documentum.web.formext.action.LaunchComponentFilter">
               <option>
                  <criteria>
                     <criterion name="isaccessibilityon" value="true" evaluatorclass="com.documentum.web.contentxfer.AccessibilityEvaluator"/>
                  </criteria>
                  <selection>
                     <execution class="com.documentum.web.formext.action.LaunchComponentWithPermitCheck">
                        <permit>read_permit</permit>
                        <olecompound enabled="false"/>
                        <component>httpexport</component>
                        <container>httpexportcontainer</container>
                     </execution>
                  </selection>
               </option>
               <option>
                  <criteria>
                     <criterion name="contenttransfer" value="http" evaluatorclass="com.documentum.web.contentxfer.ContentTransferLaunchComponentEvaluator"/>
                  </criteria>
                  <selection>
                     <execution class="com.documentum.web.formext.action.LaunchComponentWithPermitCheck">
                        <permit>read_permit</permit>
                        <olecompound enabled="false"/>
                        <component>httpexport</component>
                        <container>httpexportcontainer</container>
                     </execution>
                  </selection>
               </option>
               <option>
                  <criteria>
                     <criterion name="contenttransfer" value="ucf" evaluatorclass="com.documentum.web.contentxfer.ContentTransferLaunchComponentEvaluator"/>
                  </criteria>
                  <selection>
                     <!--<execution class="com.documentum.web.formext.action.LaunchComponentWithPermitCheck">-->
                      <execution class="org.ifc.idocs.library.actions.LaunchExportComponentWithPermitCheck">
                     <permit>read_permit</permit>
                        <!-- uncomment the following line to disable this action for compound docs -->
                        <!--<olecompound enabled="false"/>-->
                        <component>export</component>
                        <container>exportcontainer</container>
                     </execution>
                  </selection>
               </option>
            </dynamicfilter>
         </execution>
         <invocation>
            <modalpopup>
               <windowsize>medium</windowsize>
               <refreshparentwindow>never</refreshparentwindow>
            </modalpopup>
         </invocation>
<!--~~~~~~~~~~~~~~~~~~~~~~~~~~~~~~~~~~~~~~~~~~~~~~~~~~~~~~~ Developer's Comments
# Parameters
/* contentSize                          (Optional) Size of the object in bytes
*/
/* contentType                          (Optional) File format of the object
                                        (passed to the operating system)
*/
/* isReference                          (Optional) Boolean flag that indicates
                                        whether the object is a reference object
*/
/* nodeId                               (Optional) Node ID of the object to
                                        export, when exporting part of a virtual
                                        document
*/
/* objectId                             (Required) ID of the object to be
                                        exported
*/
/* vdmRootObjectId                      (Optional) Object ID of the root of a
                                        virtual document
*/
/* isIgnoreDescendents                  (Optional) Boolean value that indicates
                                        whether or not to export descendants in
                                        a virtual document
*/
#
# Elements
/* <execution>.<olecompound>            Set enabled to true if your action class
                                        can process OLE compound documents
*/
#
~~~~~~~~~~~~~~~~~~~~~~~~~~~~~~~~~~~~~~~~~~~~~~~~~~~~~~~~~~~~~~~~~~~~~~~~~~~~~-->
      </action>
    </scope>
</config>
