
<config version="1.0">
	<scope role="idocs_member">
		<action id="idocsprompt" extends="">
			<params>
				<param name="objectId" required="false" />
				<param name="message" required="false" />
			</params>
			<execution class="com.documentum.web.formext.action.LaunchComponent">
				<component>idocsprompt_component</component>
				<container>dialogcontainer</container>
			</execution>
			<invocation>
				<modalpopup>
					<windowsize>small</windowsize>
					<refreshparentwindow>onok</refreshparentwindow>
				</modalpopup>
			</invocation>
		</action>
	</scope>
</config>