<?xml version="1.0" encoding="ISO-8859-1" standalone="no"?>
<!--***********************************************************************-->
<!-- (c) Copyright 2001-2008. EMC Corporation.  All Rights Reserved.       -->
<!--***********************************************************************-->
<!--                                                                       -->
<!--  Project        Administration Component Library                      -->
<!--  Module         Actions                                               -->
<!--  File           aclactions.xml                                        -->
<!--  Description    Actions for creating/editing acls.                    -->
<!--  Created by     Steve Wagner (stevew@documentum.com)                  -->
<!--  Created on     Friday, February 15, 2002 2:03:16 PM                  -->
<!--  Tab width      3                                                     -->
<!--                                                                       -->
<!--***********************************************************************-->
<!--                                                                       -->
<!-- VCS Maintained Data                                                   -->
<!--                                                                       -->
<!-- Revision       $Revision: 25$                                          -->
<!-- Modified on    $Date: 2/25/2008 1:16:44 PM$                             -->
<!--                                                                       -->
<!-- Log at EOF                                                            -->
<!--                                                                       -->
<!--***********************************************************************-->
<config version="1.0">
   <scope type="idocs_document" role="idocs_member">
     <action id="view">
         <desc>
            Launches the viewing application for the selected object. The user
            must have read_permit access to the object (valid values:
            DELETE_PERMIT | WRITE_PERMIT |VERSION_PERMIT | RELATE_PERMIT |
            READ_PERMIT | BROWSE_PERMIT | NONE_PERMIT).
         </desc>
         <params>
            <param name="objectId" required="true"/>
            <param name="contentType" required="false"/>
            <param name="contentSize" required="false"/>
            <param name="isReference" required="false"/>
            <param name="launchViewer" required="false"/>
            <param name="vdmRootObjectId" required="false"/>
            <param name="nodeId" required="false"/>
            <param name="type" required="false"/>
            <param name="assembledFromId" required="false"/>
            <param name="isIgnorePrefRenditions" required="false"/>
            <param name="assemblyObjectId" required="false"/>
            <param name="useCommentComponent" required="false" />    
         </params>
         <preconditions>
            <precondition class="com.documentum.webcomponent.library.actions.ViewAction">
            </precondition>
         </preconditions>
         <execution class="com.documentum.web.formext.action.RedirectActionExecution">
            <dynamicfilter class="com.documentum.web.formext.action.LaunchComponentFilter">
               <option>
                  <criteria>
                     <criterion name="isform" value="true"
                                evaluatorclass="com.documentum.webcomponent.xforms.action.XFormsLaunchComponentEvaluator"/>
                  </criteria>
                  <selection>
                     <execution class="com.documentum.web.formext.action.LaunchComponentWithPermitCheck">
                        <permit>read_permit</permit>
                        <olecompound enabled="false"/>
                        <component>viewxforms</component>
                     </execution>
                  </selection>
               </option>
               <option>
                  <criteria>
                     <criterion name="contenttransfer" value="http"
                                evaluatorclass="com.documentum.webcomponent.library.contenttransfer.view.LaunchViewEvaluator"/>
                  </criteria>
                  <selection>
                     <execution class="com.documentum.web.formext.action.LaunchComponentWithPermitCheck">
                        <permit>read_permit</permit>
                        <olecompound enabled="false"/>
                        <component>httpview</component>
                        <container>httpviewcontainer</container>
                     </execution>
                  </selection>
               </option>
               <option>
                  <criteria>
                     <criterion name="contenttransfer" value="ucf"
                                evaluatorclass="com.documentum.webcomponent.library.contenttransfer.view.LaunchViewEvaluator"/>
                  </criteria>
                  <selection>
                    <!--  <execution class="com.documentum.web.formext.action.LaunchComponentWithPermitCheck"> -->
                     <execution class="org.ifc.idocs.library.actions.LaunchViewComponentWithPermitCheck">
                        <permit>read_permit</permit>
                        <!-- uncomment the following line to disable this action for compound docs -->
                        <!--<olecompound enabled="false"/>-->
                        <component>view</component>
                        <container>viewcontainer</container>
                     </execution>
                  </selection>
               </option>
               <option>
                  <criteria>
                     <criterion name="contenttransfer" value="action"
                                evaluatorclass="com.documentum.webcomponent.library.contenttransfer.view.LaunchViewEvaluator"/>
                  </criteria>
                  <selection>
                     <execution class="com.documentum.webcomponent.library.actions.PreferredViewAction"/>
                  </selection>
               </option>
            </dynamicfilter>
         </execution>
         <invocation>
            <modalpopup>
               <windowsize>medium</windowsize>
               <refreshparentwindow>never</refreshparentwindow>
            </modalpopup>
         </invocation>
<!--~~~~~~~~~~~~~~~~~~~~~~~~~~~~~~~~~~~~~~~~~~~~~~~~~~~~~~~ Developer's Comments
# Parameters
/* assembledFromId                      (Optional) ID of the virtual document
                                        from which the assembly was assembled
*/
/* contentSize                          (Optional) Size of the object in bytes
*/
/* contentType                          (Optional) File format to use when
                                        opening the object (passed to the
                                        operating system)
*/
/* isIgnorePrefRenditions               (Optional) TBD.
*/
/* isReference                          (Optional) Boolean flag that indicates
                                        whether the object is a reference object
*/
/* launchViewer                         (Optional) Boolean flag that indicates
                                        whether to launch a viewing application
*/
/* nodeId                               (Optional) Node ID of the virtual
                                        document node to view
*/
/* objectId                             (Required) ID of the object to be
                                        viewed
*/
/* type                                 (Optional) Object type
*/
/* vdmRootObjectId                      (Optional) Object ID of the root of the
                                        virtual document
*/
#
# Elements
/* <execution>.<olecompound>            Set enabled to true if your action class
                                        can process OLE compound documents
*/
#
~~~~~~~~~~~~~~~~~~~~~~~~~~~~~~~~~~~~~~~~~~~~~~~~~~~~~~~~~~~~~~~~~~~~~~~~~~~~~-->
      </action>
    </scope>
</config>
