<?xml version="1.0" encoding="UTF-8" standalone="no"?>
<!-- **************************************************************************         -->
<!-- Module Name: idocs_folder_context_actions		                                    -->
<!-- Module Description: 																-->
<!-- Author name: Parag Doshi											   		        -->
<!-- Date:	8-Sep-2010															        -->
<!-- Module Version No: 1.0                                                             -->
<!--****************************************************************************-->
<config version="1.0">
	<scope type="idocs_institution_folder,idocs_institution_doc,idocs_project_folder,idocs_project_doc">
		<action id="viewprojectsorpartners">
			<desc>View Projects or Partners</desc>
			<params>
				<param name="objectId" required="true" />
				<param name="folderPath" required="false"/>
			</params>

			<execution class="org.ifc.idocs.viewprojectspartners.IDocsViewProjectOrPartnerLaunchComponent">
				<component>viewprojectspartners</component>
				<!--
					<nlsbundle>org.ifc.idocs.navigation.doclist.DocListNlsProp</nlsbundle>
				-->
			</execution>
		</action>
	</scope>
</config>