<?xml version="1.0" encoding="ISO-8859-1" standalone="no"?>
<config version="1.0">
  <scope role="idocs_member">
  	<action id="showtemplatelist">
         <desc>
            Shows a List of available templates to the User.
            User can select the template from the list of templates shown there. 
         </desc>
         <params>
         	<param name="objectId" required="false"/>
          	<param name="folderCategory" required="false"/>
         </params>
         <execution class="com.documentum.web.formext.action.LaunchComponent">
				<component>showtemplatelist</component>
		 </execution>
		 <invocation>
         	<modalpopup>
           		<windowsize>medium</windowsize>
           		<refreshparentwindow>never</refreshparentwindow>
           	</modalpopup>
		 </invocation>
    </action>
  </scope>
</config>