<?xml version="1.0" encoding="UTF-8" standalone="no"?>
<!-- **************************************************************************         -->
<!-- Module Name: idocs_document_context_menu	                                        -->
<!-- Module Description: 																-->
<!-- Author name: Parag Doshi											   		        -->
<!-- Date:	8-Sep-2010															        -->
<!-- Module Version No: 1.0                                                             -->
<!--****************************************************************************-->
<config version="1.0">
   <scope type="idocs_document" role="idocs_member">
      <actionlist id="default">
         <action id="start_custom_workflow" nlsid="MSG_START_WORKFLOW_FULL"/>
         <action id="changedoctype_action" value="Change Document Type" />
         <action id="workflow_status_report" value="Show Workflow Report"/>
         <action id="checkout" nlsid="MSG_CHECKOUT"/>
         <action id="editfile" nlsid="MSG_EDIT" showifdisabled="false"/>
         <action id="checkin" nlsid="MSG_CHECKIN"/>
         <action id="cancelcheckout" nlsid="MSG_CANCEL_CHECKOUT"/>
         <action id="addtoclipboard" nlsid="MSG_ADD_TO_CLIPBOARD"/>
         <action id="idocsaddcomponentfromclipboard" nlsid="MSG_ADD_TO_CLIPBOARD"/>
		 <action id="idocsaddcomponentfileselector" nlsid="MSG_FROM_FILE_SELECTOR"/>
		 <action id="idocsaddnewvirtualdocument" nlsid="MSG_USING_NEW_DOCUMENT"/>
         <!-- menu hiearchy of additional actions to display-->
         <!-- this menu made available when the "More..." link is selected -->
         <moreactionsmenu>
            <menu id="file" nlsid="MSG_FILE_MENU">
               <action id="saveasxforms" nlsid="MSG_SAVE_AS" showifdisabled="false"/>
               <action id="delete" nlsid="MSG_DELETE" showifdisabled="false"/>
               <action id="export" nlsid="MSG_EXPORT"/>
               <action id="importrendition" nlsid="MSG_IMPORT_RENDITION" showifdisabled="false"/>
               <action id="sendlocator" nlsid="MSG_SEND_LOCATOR"/>
               <action id="findtarget" nlsid="MSG_FIND_TARGET" showifdisabled="false"/>
               <action id="refresh" nlsid="MSG_REFRESH" showifdisabled="false"/>
               <action id="govern" nlsid="MSG_GOVERN" showifdisabled="false"/>
               <action id="ungovern" nlsid="MSG_UNGOVERN" showifdisabled="false"/>
               <action id="markread" nlsid="MSG_DISCUSSION_MARK_READ" showifdisabled="true"/>
               <action id="markunread" nlsid="MSG_DISCUSSION_MARK_UNREAD" showifdisabled="true"/>
            </menu>
            <menu id="view" nlsid="MSG_VIEW_MENU">
               <action id="properties" nlsid="MSG_PROPERTIES"/>
               <action id="versions" nlsid="MSG_VERSIONS"/>
               <action id="locations" nlsid="MSG_LOCATIONS"/>
               <action id="relationships" nlsid="MSG_RELATIONSHIPS"/>
               <action id="renditions" nlsid="MSG_RENDITIONS"/>
               <action id="viewassemblies" nlsid="MSG_ASSEMBLIES"/>
               <action id="showtopicaction" nlsid="MSG_DISCUSSION_ACTION" showifdisabled="true"/>
            </menu>
            <menu id="tools" nlsid="MSG_TOOLS_MENU">
               <action id="promote" nlsid="MSG_PROMOTE" showifdisabled="false"/>
               <action id="demote" nlsid="MSG_DEMOTE" showifdisabled="false"/>
               <action id="applylifecycle" nlsid="MSG_APPLY_LIFECYCLE" showifdisabled="false"/>
               <action id="detachlifecycle" nlsid="MSG_DETACH_LIFECYCLE" showifdisabled="false"/>
               <action id="suspendlifecycle" nlsid="MSG_SUSPEND_LIFECYCLE" showifdisabled="false"/>
               <action id="restorelifecycle" nlsid="MSG_RESTORE_LIFECYCLE" showifdisabled="false"/>
               <action id="streamlineviewvirtualdoc"  value="View Virtual Document Child" showifdisabled="false"/>
               <action id="makevirtual" nlsid="MSG_MAKE_VIRTUAL" showifdisabled="false"/>
               <action id="makesimple" nlsid="MSG_MAKE_SIMPLE" showifdisabled="false"/>
               <action id="addcomponentfromclipboard" nlsid="MSG_ADD_COMPONENT_FROM_CLIPBOARD" showifdisabled="false"/>
               <action id="addcomponentfromfileselector" nlsid="MSG_ADD_COMPONENT_FROM_FILE_SELECTOR" showifdisabled="false"/>
               <action id="removevirtualdocumentnode" nlsid="MSG_REMOVE_COMPONENT" showifdisabled="false"/>
               <action id="reordervirtualdocumentnodes" nlsid="MSG_REORDER_COMPONENTS" showifdisabled="false"/>
               <action id="savechanges" nlsid="MSG_SAVE_CHANGES" showifdisabled="false"/>
               <action id="setbindingrule" nlsid="MSG_SET_BINDING_RULE" showifdisabled="false"/>
               <action id="modifyversionlabels" nlsid="MSG_MODIFY_VERSION_LABELS" showifdisabled="false"/>
               <action id="vdmvalidate" nlsid="MSG_VDM_VALIDATE" showifdisabled="false"/>
               <action id="newassembly" nlsid="MSG_NEW_ASSEMBLY" showifdisabled="false"/>
               <action id="freezeassembly" nlsid="MSG_FREEZE_ASSEMBLY" showifdisabled="false"/>
               <action id="unfreezeassembly" nlsid="MSG_UNFREEZE_ASSEMBLY" showifdisabled="false"/>
               
               <action id="subscribe" value="Add To Favorites" showifdisabled="false"/>
               <action id="unsubscribe" value="Remove From Favorites" showifdisabled="false"/>
               
               <action id="registerevents" nlsid="MSG_TURN_ON_NOTIFICATION" showifdisabled="false"/>
               <action id="unregisterevents" nlsid="MSG_TURN_OFF_NOTIFICATION" showifdisabled="false"/>
               <action id="startworkflowfromdoc" nlsid="MSG_START_WORKFLOW_FROM_DOC"/>
               <action id="submitforcategorization" nlsid="MSG_SUBMIT_FOR_CATEGORIZATION" showifdisabled="false"/>
               <action id="createpdfrendition" nlsid="MSG_TRANSFORM_TO_PDF" showifdisabled="false"/>
               <action id="createhtmlrendition" nlsid="MSG_TRANSFORM_TO_HTML" showifdisabled="false"/>
               <action id="transformation" nlsid="MSG_TRANSFORM_MORE_OPTIONS" showifdisabled="false"/>
            </menu>
         </moreactionsmenu>
      </actionlist>
      <menuconfig id="context-menu">
         
         <filter clientenv='appintg'>
            <actionmenuitem dynamic="multiselect" action="delete" nlsid="MSG_DELETE" showifdisabled="false" showifinvalid="false"/>
            <actionmenuitem dynamic="singleselect" action="view" nlsid="MSG_VIEW_FILE" showifdisabled="false" showifinvalid="false"/>
            <actionmenuitem dynamic="multiselect" action="editfile" nlsid="MSG_EDIT" showifdisabled="false" showifinvalid="false"/>
         </filter>
         <filter clientenv='not appintg'>
         <actionmenuitem dynamic="multiselect" action="editfile" nlsid="MSG_EDIT" showifdisabled="false" showifinvalid="false"/>
         <actionmenuitem dynamic="singleselect" action="view" nlsid="MSG_VIEW_FILE" showifdisabled="false" showifinvalid="false"/>
         <actionmenuitem dynamic="multiselect" action="checkout" nlsid="MSG_CHECKOUT" showifdisabled="false" showifinvalid="false"/>
         <actionmenuitem dynamic="multiselect" action="checkin" nlsid="MSG_CHECKIN" showifdisabled="false" showifinvalid="false"/>
         <actionmenuitem dynamic="multiselect" action="cancelcheckout" nlsid="MSG_CANCEL_CHECKOUT" showifdisabled="false" showifinvalid="false"/>
         <actionmenuitem dynamic="multiselect" action="subscribe" value="Add To Favorites" showifdisabled="false" showifinvalid="false"/>
         <actionmenuitem dynamic="multiselect" action="unsubscribe" value="Remove From Favorites" showifdisabled="false" showifinvalid="false"/>
         <actionmenuitem dynamic="multiselect" action="sendlocator" nlsid="MSG_SEND_LOCATOR" showifdisabled="false" showifinvalid="false"/>
         <actionmenuitem dynamic="multiselect" action="export" nlsid="MSG_EXPORT" showifdisabled="false" showifinvalid="false"/>
         <actionmenuitem dynamic="generic" action="exporttocsv" nlsid="MSG_EXPORT_TO_CSV"  showifinvalid="false" showifdisabled="false"/>
         <menuseparator/>
         <actionmenuitem dynamic="multiselect" action="properties" nlsid="MSG_PROPERTIES" showifdisabled="false" showifinvalid="false"/>
         <menuseparator/>
        
         <actionmenuitem dynamic="multiselect" action="addtoclipboard" nlsid="MSG_ADD_TO_CLIPBOARD" showifdisabled="false" showifinvalid="false"/>
         <menuseparator/>
         <actionmenuitem dynamic="singleselect" action="delete" nlsid="MSG_DELETE" showifdisabled="false" showifinvalid="false"/>
         <actionmenuitem dynamic="singleselect" action="deleterelation" nlsid="MSG_DELETE_RELATION" showifdisabled="false" showifinvalid="false"/>
         <menuseparator/>
     	<actionmenuitem dynamic="singleselect" action="start_custom_workflow" nlsid="MSG_START_WORKFLOW_FULL" showifdisabled="true" showifinvalid="true"/>
        <actionmenuitem dynamic="singleselect" action="workflow_status_report" value = "Show Workflow Report" showifdisabled="true" showifinvalid="true"/>
        <menuseparator/>
        <actionmenuitem dynamic="singleselect" action="view_drl" value = "Get Document Link" showifdisabled="true" showifinvalid="true"/>
        <menuseparator/>
        <menu value="IFCDocs Administration">
        <actionmenuitem dynamic="singleselect" action="documentworkflowdetails" value="Get Document Workflow Details" showifdisabled="true" showifinvalid="true"/>
        </menu>
        <menuseparator/>
        <actionmenuitem dynamic="singleselect" action="link_ghg_action" value="Link to GHG Emission" showifdisabled="false" showifinvalid="false"/>
        <menuseparator/>
        <actionmenuitem dynamic="generic" action="viewprojectsorpartners" value = "View Partners" showifdisabled="true" showifinvalid="true"/>
        <menuseparator/>
		<actionmenuitem dynamic="singleselect" action="changedoctype_action" value="Change Document Type" showifdisabled="true" showifinvalid="true"/>
		<menuseparator/>	   
		<actionmenuitem dynamic="singleselect" action="refreshproject" value = "Refresh Workflow Performers" showifdisabled="true" showifinvalid="true"/>
		<actionmenuitem dynamic="singleselect" action="editiomperformers" value="Edit IOM Performers" showifdisabled="false" showifinvalid="true"/>
		<menuseparator/>
		<menu nlsid="MSG_VIEW_MENU">
            <actionmenuitem dynamic='singleselect' action='versions' nlsid='MSG_VERSIONS' showifdisabled='false' showifinvalid='false'/>
            <actionmenuitem dynamic='singleselect' action='renditions' nlsid='MSG_RENDITIONS' showifdisabled='false' showifinvalid='false'/>
            <actionmenuitem dynamic='singleselect' action='relationships' nlsid='MSG_RELATIONSHIPS' showifdisabled='false' showifinvalid='false'/>
            <actionmenuitem dynamic='singleselect' action='locations' nlsid='MSG_LOCATIONS' showifdisabled='false' showifinvalid='false'/>
            <actionmenuitem dynamic='multiselect' action='showtopicaction' nlsid='MSG_DISCUSSION_ACTION' showifdisabled='false' showifinvalid='false'/>
            <!-- TODO lifecycle -->
            <actionmenuitem dynamic='multiselect' action='viewassemblies' nlsid='MSG_ASSEMBLIES' showifdisabled='false' showifinvalid='false'/>
            <!-- TODO collections, categories -->
             <!-- Begin RM (Webtop) -->
            <menuseparator/>
            <actionmenuitem dynamic="singleselect" name="view_contained_in_formal_records" nlsid="MSG_CONTAINED_IN_FORMAL_RECORDS" action="viewformalrecordassociations" showifinvalid="true"/>
            <actionmenuitem dynamic="singleselect" name="view_record_relationships" nlsid="MSG_RECORD_RELATIONSHIPS" action="viewrecordrelationships" showifinvalid="true"/>
            <!-- end RM webtop -->
         </menu>
         <menu nlsid="MSG_VDM">
            <actionmenuitem dynamic="multiselect" nlsid="MSG_VDM_MAKE_VIRTUAL" action="makevirtual" showifdisabled="false" showifinvalid="false"/>
            <actionmenuitem dynamic="multiselect" nlsid="MSG_VDM_MAKE_SIMPLE" action="makesimple" showifdisabled="false" showifinvalid="false"/>
            <actionmenuitem dynamic="singleselect" value="View Virtual Document Child" action="viewvirtualdoc" showifdisabled="false" showifinvalid="false"/>
            <actionmenuitem dynamic="singleselect" nlsid="MSG_VDMTOOLS_SET_BINDING_RULE" action="setbindingrule" showifdisabled="false" showifinvalid="false"/>
            <actionmenuitem dynamic="singleselect" nlsid="MSG_VDMTOOLS_SAVE_CHANGES" action="savechanges" showifdisabled="false" showifinvalid="false"/>
            <actionmenuitem dynamic="singleselect" nlsid="MSG_VDM_VALIDATE" action="vdmvalidate" showifdisabled="false" showifinvalid="false"/>

            <menuseparator/>
   		<actionmenuitem dynamic="singleselect" nlsid="MSG_FROM_CLIPBOARD" action="idocsaddcomponentfromclipboard" showifdisabled="false" showifinvalid="false"/>
	        <actionmenuitem dynamic="singleselect" nlsid="MSG_FROM_FILE_SELECTOR" action="idocsaddcomponentfileselector" showifdisabled="false" showifinvalid="false"/>
            <menuseparator/>
            <actionmenuitem dynamic="multiselect" nlsid="MSG_VDM_REMOVECOMPONENT" action="removevirtualdocumentnode" showifdisabled="false" showifinvalid="false"/>
            <actionmenuitem dynamic="singleselect" nlsid="MSG_VDMTOOLS_REORDERCOMPONENTS" action="reordervirtualdocumentnodes" showifdisabled="false" showifinvalid="false"/>
            <menuseparator/>
            <actionmenuitem dynamic="singleselect" nlsid="MSG_VDMTOOLS_NEW_ASSEMBLY" action="newassembly" showifdisabled="false" showifinvalid="false"/>
            <actionmenuitem dynamic="singleselect" nlsid="MSG_VDMTOOLS_FREEZE_ASSEMBLY" action="freezeassembly" showifdisabled="false" showifinvalid="false"/>
            <actionmenuitem dynamic="singleselect" nlsid="MSG_VDMTOOLS_UNFREEZE_ASSEMBLY" action="unfreezeassembly" showifdisabled="false" showifinvalid="false"/>
         </menu>
		  
		 <!-- begin RM (Webtop) -->
         <menu nlsid="MSG_RECORDS_MENU">
            <actionmenuitem dynamic="multiselect" name="declare_record" nlsid="MSG_DECLARE_FORMAL_RECORD" action="declareformalrecord" showifdisabled="true"/>
            <actionmenuitem dynamic="singleselect" name="create_record_relation" nlsid="MSG_CREATE_RECORD_RELATION" action="createrecordrelation" showifdisabled="true"/>
         </menu>
         <!-- end RM (Webtop) -->
         </filter>
      </menuconfig>
   </scope>


   <scope type="idocs_institution_doc" role="idocs_member">
      <actionlist id="default">
         <action id="start_custom_workflow" nlsid="MSG_START_WORKFLOW_FULL"/>
         <action id="workflow_status_report" value="Show Workflow Report"/>
         <action id="checkout" nlsid="MSG_CHECKOUT"/>
         <action id="editfile" nlsid="MSG_EDIT" showifdisabled="false"/>
         <action id="checkin" nlsid="MSG_CHECKIN"/>
         <action id="cancelcheckout" nlsid="MSG_CANCEL_CHECKOUT"/>
         <action id="addtoclipboard" nlsid="MSG_ADD_TO_CLIPBOARD"/>
         <!-- menu hiearchy of additional actions to display-->
         <!-- this menu made available when the "More..." link is selected -->
         <moreactionsmenu>
            <menu id="file" nlsid="MSG_FILE_MENU">
               <action id="saveasxforms" nlsid="MSG_SAVE_AS" showifdisabled="false"/>
               <action id="delete" nlsid="MSG_DELETE" showifdisabled="false"/>
               <action id="export" nlsid="MSG_EXPORT"/>
               <action id="importrendition" nlsid="MSG_IMPORT_RENDITION" showifdisabled="false"/>
               <action id="sendlocator" nlsid="MSG_SEND_LOCATOR"/>
               <action id="findtarget" nlsid="MSG_FIND_TARGET" showifdisabled="false"/>
               <action id="refresh" nlsid="MSG_REFRESH" showifdisabled="false"/>
               <action id="govern" nlsid="MSG_GOVERN" showifdisabled="false"/>
               <action id="ungovern" nlsid="MSG_UNGOVERN" showifdisabled="false"/>
               <action id="markread" nlsid="MSG_DISCUSSION_MARK_READ" showifdisabled="true"/>
               <action id="markunread" nlsid="MSG_DISCUSSION_MARK_UNREAD" showifdisabled="true"/>
            </menu>
            <menu id="view" nlsid="MSG_VIEW_MENU">
               <action id="properties" nlsid="MSG_PROPERTIES"/>
               <action id="versions" nlsid="MSG_VERSIONS"/>
               <action id="locations" nlsid="MSG_LOCATIONS"/>
               <action id="relationships" nlsid="MSG_RELATIONSHIPS"/>
               <action id="renditions" nlsid="MSG_RENDITIONS"/>
               <action id="viewassemblies" nlsid="MSG_ASSEMBLIES"/>
               <action id="showtopicaction" nlsid="MSG_DISCUSSION_ACTION" showifdisabled="true"/>
            </menu>
            <menu id="tools" nlsid="MSG_TOOLS_MENU">
               <action id="promote" nlsid="MSG_PROMOTE" showifdisabled="false"/>
               <action id="demote" nlsid="MSG_DEMOTE" showifdisabled="false"/>
               <action id="applylifecycle" nlsid="MSG_APPLY_LIFECYCLE" showifdisabled="false"/>
               <action id="detachlifecycle" nlsid="MSG_DETACH_LIFECYCLE" showifdisabled="false"/>
               <action id="suspendlifecycle" nlsid="MSG_SUSPEND_LIFECYCLE" showifdisabled="false"/>
               <action id="restorelifecycle" nlsid="MSG_RESTORE_LIFECYCLE" showifdisabled="false"/>
               <action id="streamlineviewvirtualdoc" value="View Virtual Document Child" showifdisabled="false"/>
               <action id="makevirtual" nlsid="MSG_MAKE_VIRTUAL" showifdisabled="false"/>
               <action id="makesimple" nlsid="MSG_MAKE_SIMPLE" showifdisabled="false"/>
               <action id="addcomponentfromclipboard" nlsid="MSG_ADD_COMPONENT_FROM_CLIPBOARD" showifdisabled="false"/>
               <action id="addcomponentfromfileselector" nlsid="MSG_ADD_COMPONENT_FROM_FILE_SELECTOR" showifdisabled="false"/>
               <action id="removevirtualdocumentnode" nlsid="MSG_REMOVE_COMPONENT" showifdisabled="false"/>
               <action id="reordervirtualdocumentnodes" nlsid="MSG_REORDER_COMPONENTS" showifdisabled="false"/>
               <action id="savechanges" nlsid="MSG_SAVE_CHANGES" showifdisabled="false"/>
               <action id="setbindingrule" nlsid="MSG_SET_BINDING_RULE" showifdisabled="false"/>
               <action id="modifyversionlabels" nlsid="MSG_MODIFY_VERSION_LABELS" showifdisabled="false"/>
               <action id="vdmvalidate" nlsid="MSG_VDM_VALIDATE" showifdisabled="false"/>
               <action id="newassembly" nlsid="MSG_NEW_ASSEMBLY" showifdisabled="false"/>
               <action id="freezeassembly" nlsid="MSG_FREEZE_ASSEMBLY" showifdisabled="false"/>
               <action id="unfreezeassembly" nlsid="MSG_UNFREEZE_ASSEMBLY" showifdisabled="false"/>
               <action id="subscribe" value="Add To Favorites" showifdisabled="false"/>
               <action id="unsubscribe" value="Remove From Favorites" showifdisabled="false"/> 
               <action id="registerevents" nlsid="MSG_TURN_ON_NOTIFICATION" showifdisabled="false"/>
               <action id="unregisterevents" nlsid="MSG_TURN_OFF_NOTIFICATION" showifdisabled="false"/>
               <action id="startworkflowfromdoc" nlsid="MSG_START_WORKFLOW_FROM_DOC"/>
               <action id="submitforcategorization" nlsid="MSG_SUBMIT_FOR_CATEGORIZATION" showifdisabled="false"/>
               <action id="createpdfrendition" nlsid="MSG_TRANSFORM_TO_PDF" showifdisabled="false"/>
               <action id="createhtmlrendition" nlsid="MSG_TRANSFORM_TO_HTML" showifdisabled="false"/>
               <action id="transformation" nlsid="MSG_TRANSFORM_MORE_OPTIONS" showifdisabled="false"/>
            </menu>
         </moreactionsmenu>
      </actionlist>
      <menuconfig id="context-menu">
         
         <filter clientenv='appintg'>
            <actionmenuitem dynamic="multiselect" action="delete" nlsid="MSG_DELETE" showifdisabled="false" showifinvalid="false"/>
            <actionmenuitem dynamic="singleselect" action="view" nlsid="MSG_VIEW_FILE" showifdisabled="false" showifinvalid="false"/>
            <actionmenuitem dynamic="multiselect" action="editfile" nlsid="MSG_EDIT" showifdisabled="false" showifinvalid="false"/>
         </filter>
         <filter clientenv='not appintg'>
         <actionmenuitem dynamic="multiselect" action="editfile" nlsid="MSG_EDIT" showifdisabled="false" showifinvalid="false"/>
         <actionmenuitem dynamic="singleselect" action="view" nlsid="MSG_VIEW_FILE" showifdisabled="false" showifinvalid="false"/>
         <actionmenuitem dynamic="multiselect" action="checkout" nlsid="MSG_CHECKOUT" showifdisabled="false" showifinvalid="false"/>
         <actionmenuitem dynamic="multiselect" action="checkin" nlsid="MSG_CHECKIN" showifdisabled="false" showifinvalid="false"/>
         <actionmenuitem dynamic="multiselect" action="cancelcheckout" nlsid="MSG_CANCEL_CHECKOUT" showifdisabled="false" showifinvalid="false"/>
          <actionmenuitem dynamic="multiselect" action="subscribe" value="Add To Favorites" showifdisabled="false" showifinvalid="false"/>
         <actionmenuitem dynamic="multiselect" action="unsubscribe" value="Remove From Favorites" showifdisabled="false" showifinvalid="false"/>
         <actionmenuitem dynamic="multiselect" action="sendlocator" nlsid="MSG_SEND_LOCATOR" showifdisabled="false" showifinvalid="false"/>
         <actionmenuitem dynamic="multiselect" action="export" nlsid="MSG_EXPORT" showifdisabled="false" showifinvalid="false"/>
         <actionmenuitem dynamic="generic" action="exporttocsv" nlsid="MSG_EXPORT_TO_CSV"  showifinvalid="false" showifdisabled="false"/>
         <menuseparator/>
         <actionmenuitem dynamic="multiselect" action="properties" nlsid="MSG_PROPERTIES" showifdisabled="false" showifinvalid="false"/>
	     <menuseparator/>
   		 <actionmenuitem dynamic="multiselect" action="addtoclipboard" nlsid="MSG_ADD_TO_CLIPBOARD" showifdisabled="false" showifinvalid="false"/>
	 <menuseparator/>
         <actionmenuitem dynamic="multiselect" action="delete" nlsid="MSG_DELETE" showifdisabled="false" showifinvalid="false"/>
         <actionmenuitem dynamic="singleselect" action="deleterelation" nlsid="MSG_DELETE_RELATION" showifdisabled="false" showifinvalid="false"/>
         <menuseparator/>
		<actionmenuitem dynamic="singleselect" action="start_custom_workflow" nlsid="MSG_START_WORKFLOW_FULL" showifdisabled="true" showifinvalid="true"/>
        <actionmenuitem dynamic="singleselect" action="workflow_status_report" value = "Show Workflow Report" showifdisabled="true" showifinvalid="true"/>
         <menuseparator/>
        <actionmenuitem dynamic="singleselect" action="view_drl" value = "Get Document Link" showifdisabled="true" showifinvalid="true"/>
        <menuseparator/>
        <menu value="IFCDocs Administration">
        <actionmenuitem dynamic="singleselect" action="documentworkflowdetails" value="Get Document Workflow Details" showifdisabled="true" showifinvalid="true"/>
        </menu>
        <menuseparator/>
		<actionmenuitem dynamic="singleselect" action="link_crr_action" value="Link to CRR" showifdisabled="false" showifinvalid="false"/>
		<actionmenuitem dynamic="singleselect" action="link_psr_action" value="Link to PSR" showifdisabled="false" showifinvalid="false"/>
		<actionmenuitem dynamic="singleselect" action="link_dms_action" value="Link to DMS" showifdisabled="false" showifinvalid="false"/>		
		<actionmenuitem dynamic="generic" action="viewprojectsorpartners" value = "View Projects" showifdisabled="true" showifinvalid="true"/>
		<menuseparator/>
		<actionmenuitem dynamic="singleselect" action="changedoctype_action" value="Change Document Type" showifdisabled="true" showifinvalid="true"/>
		<menuseparator/>
		 <menu nlsid="MSG_VIEW_MENU">
            <actionmenuitem dynamic='singleselect' action='versions' nlsid='MSG_VERSIONS' showifdisabled='false' showifinvalid='false'/>
            <actionmenuitem dynamic='singleselect' action='renditions' nlsid='MSG_RENDITIONS' showifdisabled='false' showifinvalid='false'/>
            <actionmenuitem dynamic='singleselect' action='relationships' nlsid='MSG_RELATIONSHIPS' showifdisabled='false' showifinvalid='false'/>
            <actionmenuitem dynamic='singleselect' action='locations' nlsid='MSG_LOCATIONS' showifdisabled='false' showifinvalid='false'/>
            <actionmenuitem dynamic='multiselect' action='showtopicaction' nlsid='MSG_DISCUSSION_ACTION' showifdisabled='false' showifinvalid='false'/>
            <!-- TODO lifecycle -->
            <actionmenuitem dynamic='multiselect' action='viewassemblies' nlsid='MSG_ASSEMBLIES' showifdisabled='false' showifinvalid='false'/>
            <!-- TODO collections, categories -->
             <!-- Begin RM (Webtop) -->
            <menuseparator/>
            <actionmenuitem dynamic="singleselect" name="view_contained_in_formal_records" nlsid="MSG_CONTAINED_IN_FORMAL_RECORDS" action="viewformalrecordassociations" showifinvalid="true"/>
            <actionmenuitem dynamic="singleselect" name="view_record_relationships" nlsid="MSG_RECORD_RELATIONSHIPS" action="viewrecordrelationships" showifinvalid="true"/>
            <!-- end RM webtop -->
         </menu>
         <menu nlsid="MSG_VDM">
            <actionmenuitem dynamic="multiselect" nlsid="MSG_VDM_MAKE_VIRTUAL" action="makevirtual" showifdisabled="false" showifinvalid="false"/>
            <actionmenuitem dynamic="multiselect" nlsid="MSG_VDM_MAKE_SIMPLE" action="makesimple" showifdisabled="false" showifinvalid="false"/>
            <actionmenuitem dynamic="singleselect" value="View Virtual Document Child" action="viewvirtualdoc" showifdisabled="false" showifinvalid="false"/>
            <actionmenuitem dynamic="singleselect" nlsid="MSG_VDMTOOLS_SET_BINDING_RULE" action="setbindingrule" showifdisabled="false" showifinvalid="false"/>
            <actionmenuitem dynamic="multiselect" nlsid="MSG_VDMTOOLS_MODIFY_VERSION_LABELS" action="modifyversionlabels" showifdisabled="false" showifinvalid="false"/>
            <actionmenuitem dynamic="singleselect" nlsid="MSG_VDMTOOLS_SAVE_CHANGES" action="savechanges" showifdisabled="false" showifinvalid="false"/>
            <actionmenuitem dynamic="singleselect" nlsid="MSG_VDM_VALIDATE" action="vdmvalidate" showifdisabled="false" showifinvalid="false"/>
            <menuseparator/>
            <menuseparator/>
	   		   <actionmenuitem dynamic="singleselect" nlsid="MSG_FROM_CLIPBOARD" action="idocsaddcomponentfromclipboard" showifdisabled="false" showifinvalid="false"/>
               <actionmenuitem dynamic="singleselect" nlsid="MSG_FROM_FILE_SELECTOR" action="idocsaddcomponentfileselector" showifdisabled="false" showifinvalid="false"/>
            <menuseparator/>
            <actionmenuitem dynamic="multiselect" nlsid="MSG_VDM_REMOVECOMPONENT" action="removevirtualdocumentnode" showifdisabled="false" showifinvalid="false"/>
            <actionmenuitem dynamic="singleselect" nlsid="MSG_VDMTOOLS_REORDERCOMPONENTS" action="reordervirtualdocumentnodes" showifdisabled="false" showifinvalid="false"/>
            <menuseparator/>
            <actionmenuitem dynamic="singleselect" nlsid="MSG_VDMTOOLS_NEW_ASSEMBLY" action="newassembly" showifdisabled="false" showifinvalid="false"/>
            <actionmenuitem dynamic="singleselect" nlsid="MSG_VDMTOOLS_FREEZE_ASSEMBLY" action="freezeassembly" showifdisabled="false" showifinvalid="false"/>
            <actionmenuitem dynamic="singleselect" nlsid="MSG_VDMTOOLS_UNFREEZE_ASSEMBLY" action="unfreezeassembly" showifdisabled="false" showifinvalid="false"/>
         </menu>
         <!-- begin RM (Webtop) -->
         <menu nlsid="MSG_RECORDS_MENU">
            <actionmenuitem dynamic="multiselect" name="declare_record" nlsid="MSG_DECLARE_FORMAL_RECORD" action="declareformalrecord" showifdisabled="true"/>
            <actionmenuitem dynamic="singleselect" name="create_record_relation" nlsid="MSG_CREATE_RECORD_RELATION" action="createrecordrelation" showifdisabled="true"/>
         </menu>
         <!-- end RM (Webtop) -->
         </filter>
      </menuconfig>
   </scope>
</config>