<?xml version="1.0" encoding="UTF-8" standalone="no"?>
<!-- **************************************************************************         -->
<!-- Module Name: changedoctype_action	                                        		-->
<!-- Module Description: This custom action is used to call component for 				-->
<!--  					 changing document type and folder title						-->
<!-- Author name: Gangadhar Reddy Vennapusa											   		        -->
<!-- Date:	4-July-2011															        -->
<!-- Module Version No: 1.0                                                             -->
<!--****************************************************************************-->
 <config version="1.0">
	<scope role="idocs_member" type="idocs_document" >
 		<action id="changedoctype_action">
			<params>
            	<param name="objectId" required="true"/>            	
		  	</params>
		 	<execution class="com.documentum.web.formext.action.LaunchComponentWithPermitCheck">
                <permit>write_permit</permit>
         		<nlsbundle>org.ifc.idocs.changedoctype.ChangeDocTypeNlsProp</nlsbundle>
         		<container>dialogcontainer</container>
         		<component>changedoctype_component</component>
		 	</execution>
         	<invocation>
            	<modalpopup>
               		<windowsize>medium</windowsize>
               		<refreshparentwindow>onok</refreshparentwindow>
            	</modalpopup>
         	</invocation>
   		</action>
  	</scope>
  </config>