<?xml version="1.0" encoding="UTF-8" standalone="no"?>
<!-- **************************************************************************         -->
<!-- Module Name: legaldatabaselink_action 			                                        -->
<!-- Module Description: The custom action is used to call legaldatabaselink component
					     from menubar file menu actionlink.								-->
<!-- Author name: Parag Doshi											   		        -->
<!-- Date:	8-Sep-2010															        -->
<!-- Module Version No: 1.0                                                             -->
<!--****************************************************************************-->
 <config version="1.0">
<scope role="idocs_member" location="/IFCDocs" >
<!-- Legal Database Link Starts here -->

      <action id="legaldatabaselink">
         <desc>
            Launches the newwindow component to open a second WDK application 
            browser window.
         </desc>
         <params>
            <param name="objectId" required="true"/>
         </params>
         <execution class="com.documentum.web.formext.action.LaunchComponent">
			<nlsbundle>org.ifc.idocs.legaldatabaselink.LegalDatabaseLinklNlsProp</nlsbundle>
			<component>legaldatabaselink</component>
         </execution>
         <invocation>
            <modalpopup>
               <windowsize>small</windowsize>
               <refreshparentwindow>never</refreshparentwindow>
            </modalpopup>
         </invocation>
      </action>

<!-- Legal Database Link Ends here -->

  </scope>
  </config>