<?xml version="1.0" encoding="UTF-8" standalone="no"?>
<!-- **************************************************************************         -->
<!-- Module Name: link_crr_action	                                        -->
<!-- Module Description: This custom action is used to call component for link to CRR	-->
<!-- Author name: Parag Doshi											   		        -->
<!-- Date:	8-Sep-2010															        -->
<!-- Module Version No: 1.0                                                             -->
<!--****************************************************************************-->
 <config version="1.0">
	<scope role="idocs_member" type="idocs_document" >
 		<action id="link_crr_action">
			<params>
            	<param name="objectId" required="true"/>            	
		  	</params>
		 	<preconditions>
            	<precondition class="org.ifc.idocs.crrpsr.actions.LinkToCRRPreCondition"></precondition>
         	</preconditions>
         	<execution class="com.documentum.web.formext.action.LaunchComponent">
         		<nlsbundle>org.ifc.idocs.linkcrrpsr.LinkCRRPSRNlsProp</nlsbundle>
		 		<component>link_crr_component</component>
         	</execution>
         	<invocation>
            	<modalpopup>
               		<windowsize>small</windowsize>
               		<refreshparentwindow>onok</refreshparentwindow>
            	</modalpopup>
         	</invocation>
   		</action>
  	</scope>
  </config>