<?xml version="1.0" encoding="UTF-8" standalone="no"?>
<!-- **************************************************************************         -->
<!-- Module Name: view_drl_action             	                                        -->
<!-- Module Description: This action is used to call custom component for showing 
						 DRL of the document											-->
<!-- Author name: Parag Doshi											   		        -->
<!-- Date:	8-Sep-2010															        -->
<!-- Module Version No: 1.0                                                             -->
<!--****************************************************************************-->
<config version="1.0">
<scope role="idocs_member">
	 <!-- Start view_drl_action -->
  <action id="view_drl">
         <desc>
              Shows drl
         </desc>
		 <params>
            <param name="objectId" required="true"/>
         </params>
	  <execution class="com.documentum.web.formext.action.LaunchComponent">
	  <nlsbundle>org.ifc.idocs.action.ViewDrlNlsProp</nlsbundle>
            <component>view_drl</component>
         </execution>
		 <invocation>
            <modalpopup>
              <windowsize>small</windowsize>
               <refreshparentwindow>never</refreshparentwindow>
            </modalpopup>
         </invocation>
  </action>
  </scope>
</config>