<?xml version="1.0" encoding="UTF-8" standalone="no"?>
<!-- **************************************************************************         -->
<!-- Module Name: checkin_component	                                        -->
<!-- Module Description:             											-->
<!-- Author name: Parag Doshi											   		        -->
<!-- Date:	8-Sep-2010															        -->
<!-- Module Version No: 1.0                                                             -->
<!--****************************************************************************-->
<config version="1.0">
   <scope type="idocs_document,idocs_form" role="idocs_member" >
      <component id="checkin" extends="checkin:webcomponent/config/library/contenttransfer/checkin/checkin_component.xml">
         <desc>This is the Custom WDK checkin component. It checks in ifc document with options to checkin as draft or released version and sets properties on the objects. The checkin component is available in all views for objects that are checked out on the user's current machine. This component must be used within the checkincontainer.</desc>
         <ucfrequired></ucfrequired>
         <params>
            <param name="objectId" required="true" />
            <param name="vdmRootObjectId" required="false" />
            <param name="nodeId" required="false" />
            <param name="silent" required="false" />
            <param name="version" required="false" />
            <param name="retainLock" required="false" />
            <param name="keepLocalFile" required="false" />
         </params>
         <pages>
            <start>/custom/jsps/checkin/checkin.jsp</start>
         </pages>
         <class>org.ifc.idocs.contenttransfer.checkin.UcfCheckin</class>
         <nlsbundle>org.ifc.idocs.contenttransfer.checkin.CheckinNlsProp</nlsbundle>
         <helpcontextid>checkin</helpcontextid>
         <service>
            <processor-class>com.documentum.webcomponent.library.contenttransfer.checkin.CheckinProcessor</processor-class>
         </service>
         <init-controls>
            <control name="attr_wf_start" type="com.documentum.web.form.control.Checkbox">
               <init-property>
                  <property-name>value</property-name>
                  <property-value>false</property-value>
               </init-property>
               <init-property>
                  <property-name>visible</property-name>
                  <property-value>true</property-value>
               </init-property>
            </control>
            <control name="minorversion" type="com.documentum.web.form.control.Radio">
               <init-property>
                  <property-name>value</property-name>
                  <property-value>true</property-value>
               </init-property>
            </control>
            <control name="newversion" type="com.documentum.web.form.control.Radio">
               <init-property>
                  <property-name>value</property-name>
                  <property-value>true</property-value>
               </init-property>
            </control>
            <control name="branchrevision" type="com.documentum.web.form.control.Radio">
               <init-property>
                  <property-name>value</property-name>
                  <property-value>true</property-value>
               </init-property>
            </control>
            <control name="makecurrent" type="com.documentum.web.form.control.Checkbox">
               <init-property>
                  <property-name>value</property-name>
                  <property-value>true</property-value>
               </init-property>
            </control>
            <control name="checkindescendents" type="com.documentum.web.form.control.Checkbox">
               <init-property>
                  <property-name>value</property-name>
                  <property-value>true</property-value>
               </init-property>
            </control>
         </init-controls>
         <preset_item id="format_filter">
            <selection>
               <entries>
                  <entry></entry>
               </entries>
            </selection>
         </preset_item>
      </component>
   </scope>
   <scope type="ifc_folder" role="idocs_member">
      <component id="checkin" notdefined="true"></component>
   </scope>
</config>
<!--~~~~~~~~~~~~~~~~~~~~~~~~~~~~~~~~~~~~~~~~~~~~~~~~~~~~~~~ Developer's Comments
# Parameters
/* keepLocalFile                        (Optional) TBD.
*/
/* nodeId                               (Optional) ID of the node in a virtual 
                                        document to check in 
*/
/* objectId                             (Required) The ID of the object to check 
                                        in 
*/
/* retainLock                           (Optional) TBD.
*/
/* silent                               (Optional) TBD.
*/
/* vdmRootObjectId                      (Optional) Root object ID or the virtual 
                                        document to check in
*/
/* version                              (Optional) TBD.
*/
#
# Elements
/* <ucfrequired>                        If this element is present, then the 
                                        component requires UCF to be installed. 
*/
/* <processor-class>                    Specifies the fully qualified class name 
                                        for the class that implements the 
                                        processor. Value is: 
                                        com.documentum.web.contentxfer.impl.
                                        CheckinProcessor 
*/
/* <transport-class>                    Specifies the fully qualified class name 
                                        for the class that implements the 
                                        transport; in this case, UCF. Value is: 
                                        com.documentum.web.contentxfer.ucf.
                                        UcfContentTransport 
*/
/* <init-controls>                      Initilializes values for the 
                                        minorversion, newversion, and 
                                        branchrevision radio controls and the 
                                        makecurrent and checkindescendents 
                                        checkboxes 
*/
#
~~~~~~~~~~~~~~~~~~~~~~~~~~~~~~~~~~~~~~~~~~~~~~~~~~~~~~~~~~~~~~~~~~~~~~~~~~~~~-->
