<?xml version="1.0" encoding="UTF-8" standalone="no"?>
<!-- **************************************************************************         -->
<!-- Module Name: checkincontainer_component	                                        -->
<!-- Module Description:             													-->
<!-- Author name: Parag Doshi											   		        -->
<!-- Date:	8-Sep-2010															        -->
<!-- Module Version No: 1.0                                                             -->
<!--****************************************************************************-->
<config version="1.0">
   <scope type="idocs_document,idocs_form" role="idocs_member" >
      <component modifies="checkincontainer:webcomponent/config/library/contenttransfer/checkin/checkincontainer_component.xml">
         <!-- replace the IRM behaviour class to the WDK component -->
         <replace path='class'>
            <class>
               org.ifc.idocs.contenttransfer.checkin.CheckinContainer
            </class>
         </replace>
         <replace path="desc">
         	<desc>Custom checkin container</desc></replace>
      </component>
   </scope>
</config>
