{
  "name" : "process-type",
  "type" : "itk_gettransactionsbyacctnoandborrower",
  "label" : "GetTransactionsByAcctNoAndBorrower",
  "runnable-stateless" : true,
  "urn" : "urn:itk:com.emc.ide.artifact.process:Artifacts/Processes/gettransactionsbyacctnoandborrower.process",
  "properties" : [ {
    "name" : "process_id",
    "label" : "process_id",
    "type" : "string",
    "length" : 64
  }, {
    "name" : "status",
    "label" : "status",
    "type" : "string",
    "length" : 64
  }, {
    "name" : "id",
    "label" : "id",
    "type" : "string",
    "length" : 64
  }, {
    "name" : "r_runtime_state",
    "label" : "r_runtime_state",
    "type" : "integer"
  }, {
    "name" : "correlation_identifier",
    "label" : "correlation_identifier",
    "type" : "string",
    "length" : 64
  }, {
    "name" : "object_name",
    "label" : "object_name",
    "type" : "string",
    "length" : 64
  }, {
    "name" : "r_creator_name",
    "label" : "r_creator_name",
    "type" : "string",
    "length" : 64
  }, {
    "name" : "r_start_date",
    "label" : "r_start_date",
    "type" : "datetime"
  }, {
    "name" : "supervisor_name",
    "label" : "supervisor_name",
    "type" : "string",
    "length" : 64
  }, {
    "name" : "supervisor_address",
    "label" : "supervisor_address",
    "type" : "string",
    "length" : 64
  } ],
  "tasks" : [ {
    "rel" : "http://identifiers.emc.com/linkrel/task",
    "href" : "${contextPath}types/processes/itk_gettransactionsbyacctnoandborrower/tasks/itk_initiate"
  }, {
    "rel" : "http://identifiers.emc.com/linkrel/task",
    "href" : "${contextPath}types/processes/itk_gettransactionsbyacctnoandborrower/tasks/itk_account_no_and_borr"
  }, {
    "rel" : "http://identifiers.emc.com/linkrel/task",
    "href" : "${contextPath}types/processes/itk_gettransactionsbyacctnoandborrower/tasks/itk_decision_split"
  }, {
    "rel" : "http://identifiers.emc.com/linkrel/task",
    "href" : "${contextPath}types/processes/itk_gettransactionsbyacctnoandborrower/tasks/itk_account_no_only"
  }, {
    "rel" : "http://identifiers.emc.com/linkrel/task",
    "href" : "${contextPath}types/processes/itk_gettransactionsbyacctnoandborrower/tasks/itk_join"
  }, {
    "rel" : "http://identifiers.emc.com/linkrel/task",
    "href" : "${contextPath}types/processes/itk_gettransactionsbyacctnoandborrower/tasks/itk_borrower_only"
  }, {
    "rel" : "http://identifiers.emc.com/linkrel/task",
    "href" : "${contextPath}types/processes/itk_gettransactionsbyacctnoandborrower/tasks/itk_set_borrower_wildca"
  }, {
    "rel" : "http://identifiers.emc.com/linkrel/task",
    "href" : "${contextPath}types/processes/itk_gettransactionsbyacctnoandborrower/tasks/itk_borrower_wikdcard"
  }, {
    "rel" : "http://identifiers.emc.com/linkrel/task",
    "href" : "${contextPath}types/processes/itk_gettransactionsbyacctnoandborrower/tasks/itk_execute_custom_sear"
  } ],
  "flows" : [ {
    "source" : "${contextPath}types/processes/itk_gettransactionsbyacctnoandborrower/tasks/itk_decision_split",
    "target" : "${contextPath}types/processes/itk_gettransactionsbyacctnoandborrower/tasks/itk_account_no_only",
    "flow-type" : "regular"
  }, {
    "source" : "${contextPath}types/processes/itk_gettransactionsbyacctnoandborrower/tasks/itk_initiate",
    "target" : "${contextPath}types/processes/itk_gettransactionsbyacctnoandborrower/tasks/itk_decision_split",
    "flow-type" : "regular"
  }, {
    "source" : "${contextPath}types/processes/itk_gettransactionsbyacctnoandborrower/tasks/itk_account_no_only",
    "target" : "${contextPath}types/processes/itk_gettransactionsbyacctnoandborrower/tasks/itk_join",
    "flow-type" : "regular"
  }, {
    "source" : "${contextPath}types/processes/itk_gettransactionsbyacctnoandborrower/tasks/itk_account_no_and_borr",
    "target" : "${contextPath}types/processes/itk_gettransactionsbyacctnoandborrower/tasks/itk_join",
    "flow-type" : "regular"
  }, {
    "source" : "${contextPath}types/processes/itk_gettransactionsbyacctnoandborrower/tasks/itk_borrower_only",
    "target" : "${contextPath}types/processes/itk_gettransactionsbyacctnoandborrower/tasks/itk_join",
    "flow-type" : "regular"
  }, {
    "source" : "${contextPath}types/processes/itk_gettransactionsbyacctnoandborrower/tasks/itk_decision_split",
    "target" : "${contextPath}types/processes/itk_gettransactionsbyacctnoandborrower/tasks/itk_set_borrower_wildca",
    "flow-type" : "regular"
  }, {
    "source" : "${contextPath}types/processes/itk_gettransactionsbyacctnoandborrower/tasks/itk_set_borrower_wildca",
    "target" : "${contextPath}types/processes/itk_gettransactionsbyacctnoandborrower/tasks/itk_account_no_and_borr",
    "flow-type" : "regular"
  }, {
    "source" : "${contextPath}types/processes/itk_gettransactionsbyacctnoandborrower/tasks/itk_decision_split",
    "target" : "${contextPath}types/processes/itk_gettransactionsbyacctnoandborrower/tasks/itk_borrower_wikdcard",
    "flow-type" : "regular"
  }, {
    "source" : "${contextPath}types/processes/itk_gettransactionsbyacctnoandborrower/tasks/itk_borrower_wikdcard",
    "target" : "${contextPath}types/processes/itk_gettransactionsbyacctnoandborrower/tasks/itk_borrower_only",
    "flow-type" : "regular"
  }, {
    "source" : "${contextPath}types/processes/itk_gettransactionsbyacctnoandborrower/tasks/itk_decision_split",
    "target" : "${contextPath}types/processes/itk_gettransactionsbyacctnoandborrower/tasks/itk_execute_custom_sear",
    "flow-type" : "regular"
  }, {
    "source" : "${contextPath}types/processes/itk_gettransactionsbyacctnoandborrower/tasks/itk_execute_custom_sear",
    "target" : "${contextPath}types/processes/itk_gettransactionsbyacctnoandborrower/tasks/itk_join",
    "flow-type" : "regular"
  } ],
  "data" : {
    "variables" : [ {
      "name" : "p_account_number",
      "label" : "p_account_number",
      "type" : "string",
      "repeating" : false,
      "default-value" : "",
      "mandatory" : false,
      "input" : true,
      "output" : false
    }, {
      "name" : "p_borrower",
      "label" : "p_borrower",
      "type" : "string",
      "repeating" : false,
      "default-value" : "",
      "mandatory" : false,
      "input" : true,
      "output" : false
    }, {
      "name" : "p_trans_id",
      "label" : "p_trans_id",
      "type" : "string",
      "repeating" : true,
      "default-value" : null,
      "mandatory" : false,
      "input" : false,
      "output" : true
    }, {
      "name" : "p_trans_source",
      "label" : "p_trans_source",
      "type" : "string",
      "repeating" : true,
      "default-value" : null,
      "mandatory" : false,
      "input" : false,
      "output" : true
    }, {
      "name" : "p_trans_type",
      "label" : "p_trans_type",
      "type" : "string",
      "repeating" : true,
      "default-value" : null,
      "mandatory" : false,
      "input" : false,
      "output" : true
    }, {
      "name" : "p_trans_status",
      "label" : "p_trans_status",
      "type" : "string",
      "repeating" : true,
      "default-value" : null,
      "mandatory" : false,
      "input" : false,
      "output" : true
    }, {
      "name" : "p_acct_number",
      "label" : "p_acct_number",
      "type" : "string",
      "repeating" : true,
      "default-value" : null,
      "mandatory" : false,
      "input" : false,
      "output" : true
    }, {
      "name" : "p_acct_name",
      "label" : "p_acct_name",
      "type" : "string",
      "repeating" : true,
      "default-value" : null,
      "mandatory" : false,
      "input" : false,
      "output" : true
    }, {
      "name" : "p_borrower_name",
      "label" : "p_borrower_name",
      "type" : "string",
      "repeating" : true,
      "default-value" : null,
      "mandatory" : false,
      "input" : false,
      "output" : true
    }, {
      "name" : "p_institution_code",
      "label" : "p_institution_code",
      "type" : "string",
      "repeating" : true,
      "default-value" : null,
      "mandatory" : false,
      "input" : false,
      "output" : true
    }, {
      "name" : "p_received_date",
      "label" : "p_received_date",
      "type" : "datetime",
      "repeating" : true,
      "default-value" : null,
      "mandatory" : false,
      "input" : false,
      "output" : true
    }, {
      "name" : "p_loan_number",
      "label" : "p_loan_number",
      "type" : "string",
      "repeating" : true,
      "default-value" : null,
      "mandatory" : false,
      "input" : false,
      "output" : true
    }, {
      "name" : "p_policy_number",
      "label" : "p_policy_number",
      "type" : "string",
      "repeating" : true,
      "default-value" : null,
      "mandatory" : false,
      "input" : false,
      "output" : true
    }, {
      "name" : "p_trans_vin",
      "label" : "p_trans_vin",
      "type" : "string",
      "repeating" : true,
      "default-value" : null,
      "mandatory" : false,
      "input" : false,
      "output" : true
    }, {
      "name" : "p_trans_zip",
      "label" : "p_trans_zip",
      "type" : "string",
      "repeating" : true,
      "default-value" : null,
      "mandatory" : false,
      "input" : false,
      "output" : true
    }, {
      "name" : "p_trans_state",
      "label" : "p_trans_state",
      "type" : "string",
      "repeating" : true,
      "default-value" : null,
      "mandatory" : false,
      "input" : false,
      "output" : true
    }, {
      "name" : "p_trans_addr_1",
      "label" : "p_trans_addr_1",
      "type" : "string",
      "repeating" : true,
      "default-value" : null,
      "mandatory" : false,
      "input" : false,
      "output" : true
    }, {
      "name" : "p_transaction_source",
      "label" : "p_transaction_source",
      "type" : "string",
      "repeating" : false,
      "default-value" : "",
      "mandatory" : false,
      "input" : true,
      "output" : false
    }, {
      "name" : "p_transaction_status",
      "label" : "p_transaction_status",
      "type" : "string",
      "repeating" : false,
      "default-value" : "",
      "mandatory" : false,
      "input" : true,
      "output" : false
    }, {
      "name" : "p_from_date",
      "label" : "p_from_date",
      "type" : "datetime",
      "repeating" : false,
      "default-value" : null,
      "mandatory" : false,
      "input" : true,
      "output" : false
    }, {
      "name" : "p_to_date",
      "label" : "p_to_date",
      "type" : "datetime",
      "repeating" : false,
      "default-value" : null,
      "mandatory" : false,
      "input" : true,
      "output" : false
    }, {
      "name" : "p_use_javaservice",
      "label" : "p_use_javaservice",
      "type" : "boolean",
      "repeating" : false,
      "default-value" : "true",
      "mandatory" : false,
      "input" : false,
      "output" : false
    }, {
      "name" : "r_object_type",
      "label" : "r_object_type",
      "type" : "string",
      "repeating" : true,
      "default-value" : null,
      "mandatory" : false,
      "input" : false,
      "output" : true
    }, {
      "name" : "id",
      "label" : "id",
      "type" : "string",
      "repeating" : true,
      "default-value" : null,
      "mandatory" : false,
      "input" : false,
      "output" : true
    } ]
  },
  "links" : [ {
    "rel" : "self",
    "href" : "${contextPath}types/processes/itk_gettransactionsbyacctnoandborrower"
  }, {
    "rel" : "http://identifiers.emc.com/linkrel/instances",
    "href" : "${contextPath}processes/itk_gettransactionsbyacctnoandborrower"
  }, {
    "rel" : "http://identifiers.emc.com/linkrel/halt"
  }, {
    "rel" : "http://identifiers.emc.com/linkrel/resume"
  }, {
    "rel" : "http://identifiers.emc.com/linkrel/terminate"
  }, {
    "rel" : "http://identifiers.emc.com/linkrel/tasks"
  }, {
    "rel" : "http://identifiers.emc.com/linkrel/attachments"
  } ]
}