{
  "name" : "process-type",
  "type" : "itk_updatesecondaryqueuerecord",
  "label" : "UpdateSecondaryQueueRecord",
  "runnable-stateless" : true,
  "urn" : "urn:itk:com.emc.ide.artifact.process:Artifacts/Processes/updatesecondaryqueuerecord.process",
  "properties" : [ {
    "name" : "process_id",
    "label" : "process_id",
    "type" : "string",
    "length" : 64
  }, {
    "name" : "status",
    "label" : "status",
    "type" : "string",
    "length" : 64
  }, {
    "name" : "id",
    "label" : "id",
    "type" : "string",
    "length" : 64
  }, {
    "name" : "r_runtime_state",
    "label" : "r_runtime_state",
    "type" : "integer"
  }, {
    "name" : "correlation_identifier",
    "label" : "correlation_identifier",
    "type" : "string",
    "length" : 64
  }, {
    "name" : "object_name",
    "label" : "object_name",
    "type" : "string",
    "length" : 64
  }, {
    "name" : "r_creator_name",
    "label" : "r_creator_name",
    "type" : "string",
    "length" : 64
  }, {
    "name" : "r_start_date",
    "label" : "r_start_date",
    "type" : "datetime"
  }, {
    "name" : "supervisor_name",
    "label" : "supervisor_name",
    "type" : "string",
    "length" : 64
  }, {
    "name" : "supervisor_address",
    "label" : "supervisor_address",
    "type" : "string",
    "length" : 64
  } ],
  "tasks" : [ {
    "rel" : "http://identifiers.emc.com/linkrel/task",
    "href" : "${contextPath}types/processes/itk_updatesecondaryqueuerecord/tasks/itk_update_status_for_s"
  }, {
    "rel" : "http://identifiers.emc.com/linkrel/task",
    "href" : "${contextPath}types/processes/itk_updatesecondaryqueuerecord/tasks/itk_initiate"
  }, {
    "rel" : "http://identifiers.emc.com/linkrel/task",
    "href" : "${contextPath}types/processes/itk_updatesecondaryqueuerecord/tasks/itk_get_batch_size"
  }, {
    "rel" : "http://identifiers.emc.com/linkrel/task",
    "href" : "${contextPath}types/processes/itk_updatesecondaryqueuerecord/tasks/itk_get_count_of_proces"
  } ],
  "flows" : [ {
    "source" : "${contextPath}types/processes/itk_updatesecondaryqueuerecord/tasks/itk_initiate",
    "target" : "${contextPath}types/processes/itk_updatesecondaryqueuerecord/tasks/itk_update_status_for_s",
    "flow-type" : "regular"
  }, {
    "source" : "${contextPath}types/processes/itk_updatesecondaryqueuerecord/tasks/itk_update_status_for_s",
    "target" : "${contextPath}types/processes/itk_updatesecondaryqueuerecord/tasks/itk_get_batch_size",
    "flow-type" : "regular"
  }, {
    "source" : "${contextPath}types/processes/itk_updatesecondaryqueuerecord/tasks/itk_get_batch_size",
    "target" : "${contextPath}types/processes/itk_updatesecondaryqueuerecord/tasks/itk_get_count_of_proces",
    "flow-type" : "regular"
  } ],
  "data" : {
    "variables" : [ {
      "name" : "p_primary_key",
      "label" : "p_primary_key",
      "type" : "integer",
      "repeating" : false,
      "default-value" : null,
      "mandatory" : false,
      "input" : true,
      "output" : false
    }, {
      "name" : "p_match_value",
      "label" : "p_match_value",
      "type" : "string",
      "repeating" : false,
      "default-value" : null,
      "mandatory" : false,
      "input" : true,
      "output" : false
    }, {
      "name" : "p_batch_size",
      "label" : "p_batch_size",
      "type" : "integer",
      "repeating" : false,
      "default-value" : null,
      "mandatory" : false,
      "input" : false,
      "output" : true
    }, {
      "name" : "p_processed_count",
      "label" : "p_processed_count",
      "type" : "integer",
      "repeating" : false,
      "default-value" : null,
      "mandatory" : false,
      "input" : false,
      "output" : true
    }, {
      "name" : "p_batch_id",
      "label" : "p_batch_id",
      "type" : "string",
      "repeating" : false,
      "default-value" : null,
      "mandatory" : false,
      "input" : true,
      "output" : false
    } ]
  },
  "links" : [ {
    "rel" : "self",
    "href" : "${contextPath}types/processes/itk_updatesecondaryqueuerecord"
  }, {
    "rel" : "http://identifiers.emc.com/linkrel/instances",
    "href" : "${contextPath}processes/itk_updatesecondaryqueuerecord"
  }, {
    "rel" : "http://identifiers.emc.com/linkrel/halt"
  }, {
    "rel" : "http://identifiers.emc.com/linkrel/resume"
  }, {
    "rel" : "http://identifiers.emc.com/linkrel/terminate"
  }, {
    "rel" : "http://identifiers.emc.com/linkrel/tasks"
  }, {
    "rel" : "http://identifiers.emc.com/linkrel/attachments"
  } ]
}