<?xml version="1.0" encoding="UTF-8" standalone="no"?>

<!--***********************************************************************-->
<!-- Copyright (c) 2005 - 2007. EMC Corporation.  All Rights Reserved.     -->
<!--***********************************************************************-->
<!--                                                                       -->
<!-- Project        Web Development Kit                                    -->
<!-- Module         Breadcrumb control configuration                       -->
<!-- File           breadcrumbcontrol_config.xml                           -->
<!-- Description    Breadcrumb control configuration                       -->
<!-- Created on     November 9, 2005                                       -->
<!-- Tab width      3                                                      -->
<!--                                                                       -->
<!--***********************************************************************-->
<!--                                                                       -->
<!-- VCS Maintained Data                                                   -->
<!--                                                                       -->
<!-- Revision       $Revision: 6$                                          -->
<!-- Modified on    $Date: 4/18/2007 9:51:51 AM$                            -->
<!--                                                                       -->
<!--***********************************************************************-->
<config version="1.0">
   <scope role="idocs_member,ifc pnp parent role">
      <breadcrumbcontrolconfig>
         <displayleaf>true</displayleaf>
         <leafcssclass>breadcrumbdestination</leafcssclass>
      </breadcrumbcontrolconfig>

      <breadcrumbserviceconfig>
         <enablerelativepath>false</enablerelativepath>
      </breadcrumbserviceconfig>

   </scope>
</config>
<!--~~~~~~~~~~~~~~~~~~~~~~~~~~~~~~~~~~~~~~~~~~~~~~~~~~~~~~~
Developer's Comments
# Elements
/* <displayleaf>                        (Boolean) Set to true to display the
                                        leaf of the current page.
*/
/* <leafcssclass>                       Name of the cssclass (cascading style
                                        sheet) to be used when rendering the
                                        leaf.
*/
#
~~~~~~~~~~~~~~~~~~~~~~~~~~~~~~~~~~~~~~~~~~~~~~~~~~~~~~~~~~~~~~~~~~~~~~~~~~~~~-->

