<?xml version="1.0" encoding="ISO-8859-1" standalone="no"?>
<!--
 ******************************************************************************
 *
 * Confidential Property of Documentum, Inc.
 * (c) Copyright Documentum, Inc. 2001.
 * All Rights reserved.
 * May not be used without prior written agreement
 * signed by a Documentum corporate officer.
 *
 ******************************************************************************
 *
 * Project        Quartet
 * File           emptycontentclassic_component.xml.xml
 * Description                    
 * Created on     April 20, 2003
 * Tab width      3
 *
 ******************************************************************************
 *
 * PVCS Maintained Data
 *
 * Revision       $Revision: 3$
 * Modified on    $Date: 1/2/2007 11:40:55 PM$
 *
 * Log at EOF
 *
 ******************************************************************************
-->
<config version="1.0">
     <scope role="idocs_member,ifc pnp parent role">
      <component id="emptycontentclassic" extends="emptycontentclassic:webtop/config/emptycontentclassic_component.xml" >
         <desc>
            Monitors the content frame of workarea.jsp for entryNode IDs 
            passed from the browsertree component. If an entryNode ID is on 
            the request, the component generates a client-side event that 
            causes the browsertree to reload and initialize the content frame 
            with the requested content. 
         </desc>
         <params>
         </params>
         <pages>
            <start>/custom/jsps/classic/emptyContentClassic.jsp</start>
         </pages>
         <class>com.documentum.web.formext.component.Component</class>
         <failoverenabled>true</failoverenabled>
      </component>
   </scope>
</config>
