<?xml version="1.0" encoding="UTF-8" standalone="no"?>
<config version="1.0">
	<scope>
		<component id="idocsprompt_component" extends="prompt:wdk/config/prompt_component.xml">
			<desc>
            Provides the functionality of a message box. A prompt has a title, 
            a message, and a selection of buttons: OK, Cancel, Continue, Yes, 
            No, Yes to all, No to all, and Help, any combination of which can 
            be displayed. There is also an optional icon and "Don't show this 
            again" checkbox. The don't show again feature is enabled only when 
            the prompt component is used within the combocontainer component. 
         </desc>
         <params>
            <param name="button" required="true"/>
            <param name="title"/>
            <param name="message"/>
            <param name="icon"/>
            <param name="dontshowagain"/>
         </params>
         <pages>
            <filter clientenv="not appintg">
               <start>/custom/jsps/prompt/idocsprompt.jsp</start>
            </filter>
            <filter clientenv="appintg">
               <start>/wdk/appintgPrompt.jsp</start>
            </filter>
         </pages>
         <!-- Behavior -->
         <class>org.ifc.idocs.web.prompt.WebPrompt</class>
         <nlsbundle>com.documentum.web.formext.component.PromptNlsProp</nlsbundle>
		</component>
	</scope>
</config>