<?xml version="1.0" encoding="UTF-8" standalone="no"?>
<!--***********************************************************************-->
<!--***********************************************************************-->
<!--                                                                       -->
<!-- Module         Webtop                                                 -->
<!-- File           idocs_dm_sysobject_actions.xml                         -->
<!-- Description    SysObject actions                                      -->
<!-- Created on     June 08, 2012                                          -->
<!-- Created by     L V Sudhakar                                           -->
<!--***********************************************************************-->
<config version="1.0">
 <scope type='dm_sysobject'>
    <action id="" extends="drledit:webcomponent/config/actions/dm_sysobject_actions.xml">
         <desc>
            Navigates to project folder and performs editfile action on the
            object referenced by the DRL (document resource locator). This
            component is defined for dm_sysobject scope.
         </desc>
         <params>
            <param name="objectId" required="true"/>
            <param name="navigateOnComplete" required="false"/>
         </params>
         <preconditions>
            <precondition class="org.ifc.idocs.library.drl.IDocsDRLSysObjectEditAction">
            </precondition>
         </preconditions>
         <execution class="com.documentum.web.formext.action.RedirectActionExecution">
            <dynamicfilter class="com.documentum.web.formext.action.LaunchComponentFilter">
               <option>
                  <criteria>
                     <criterion name="ismessagearchiveattachment" value="true" evaluatorclass="com.documentum.webcomponent.library.messagearchive.MessageArchiveAttachEvaluator"/>
                  </criteria>
                  <selection>
                     <execution class="com.documentum.web.formext.action.LaunchComponent">
                        <component>informinvalidactionformessagearchiveattach</component>
                     </execution>
                  </selection>
               </option>
               <option>
                  <criteria>
                  </criteria>
                  <selection>
                     <execution class="org.ifc.idocs.library.drl.IDocsDRLSysObjectEditAction">
                     </execution>
                  </selection>
               </option>
            </dynamicfilter>
         </execution>
	 </action>
   </scope>
 </config>
