<?xml version="1.0" encoding="UTF-8" standalone="no"?>
<!-- ************************************************************************** -->
<!-- Module Name: BrowserTree			                                        -->
<!-- Module Description: This component is customized for specific node visibility by 
	 extending the default behaviour of browsertree  							 -->
<!-- Author name: Parag Doshi											   		-->
<!-- Date:	8-Sep-2010															-->
<!-- Module Version No: 1.0                                               -->
<!--****************************************************************************-->
<!-- Scope: None                                                           -->
<!-- Revision    $Revision: 49$                                             -->
<!-- Modified on $Date: 2/25/2008 1:19:11 PM$                              -->
<config version="1.0">
  <scope role="idocs_member">
      <component id="browsertree" extends="browsertree:webtop/config/browsertree_component.xml">
		<desc>
            Extends the WDK foldertree component to support custom tree nodes
            and browsing through multiple Docbases.
        </desc>
        <!-- Start-> Customization to hide Categories node and Add Repository -->
	    		
         <!-- Component Layout -->
         <pages>
            <start>/custom/jsps/browsertree/idocsbrowsertree.jsp</start>
         </pages>
		<class>org.ifc.idocs.browsertree.BrowserTree</class>
		<nlsbundle>org.ifc.idocs.browsertree.BrowserTreeNlsProp</nlsbundle>
		<!-- End -> Customization to hide Categories node and Add Repository -->
       	<nodes>
            <!-- independent nodes (not docbase related) can be added here -->
            <!-- for example
            <node componentid="preferences">
               <icon>logo_16.gif</icon>
               <label>Preferences</label>
            </node>
            -->
            <!-- all nodes enclosed within the 'docbasenodes' tag are relative to the current docbase -->
            <docbasenodes>
               <filter role="queue_manager">
                  <node componentid="queuemonitorlist">
                     <icon>wqmonitor.gif</icon>
                     <handlerclass>com.documentum.webtop.control.BrowserNavigationNode</handlerclass>
                     <label>
                        <nlsid>MSG_QUEUEMONITORING</nlsid>
                     </label>
                     <description>Queue Monitoring</description>
                  </node>
               </filter>
               <node componentid="inboxclassic">
                  <icon>inbox.gif</icon>
                  <label>
                     <nlsid>MSG_INBOX</nlsid>
                  </label>
                  <streamlinecomponent>inboxstreamline</streamlinecomponent>
               </node>
               <filter role='queue_advance_processor'>
               <node componentid='advanceprocessorqueuelist'>
                   <icon>wqmgmt.gif</icon>
                   <handlerclass>com.documentum.webtop.webcomponent.queuemanagement.AdvanceProcessorQueueListNavigationNode</handlerclass>
                   <label><nlsid>MSG_PROCESSORQUEUELIST</nlsid></label>
                   <description>Advance Processor Queue List</description>
               </node>
               </filter>
                <node componentid='searchitems'>
                  <icon>searchstore.gif</icon>
                  <label><nlsid>MSG_SEARCHSTORE</nlsid></label>
                  <streamlinecomponent>searchstorestreamline</streamlinecomponent>
                </node>
                <node componentid="subscriptions_classic">
                  <icon>subscriptions.gif</icon>
                  <label>
                     <nlsid>MSG_SUBSCRIPTIONS</nlsid>
                  </label>
                  <streamlinecomponent>subscriptions_streamline</streamlinecomponent>
                  <handlerclass>com.documentum.webtop.webcomponent.subscription.SubscriptionsNode</handlerclass>
               </node>
               <node componentid="myfiles_classic">
                  <icon>myfiles.gif</icon>
                  <label>
                     <nlsid>MSG_MYFILES</nlsid>
                  </label>
                  <streamlinecomponent>myfiles_streamline</streamlinecomponent>
               </node>
               <!-- MyRooms button
               <node componentid="myrooms_classic">
                  <icon>myrooms.gif</icon>
                  <label><nlsid>MSG_MYROOMS</nlsid></label>
                  <streamlinecomponent>myrooms_streamline</streamlinecomponent>
               </node>
               -->
			  <!-- Start-> Customization to hide Categories node and Add Repository -->
               <!--
               <node componentid="categoryclassic">
                  <icon>classify.gif</icon>
                  <label>
                     <nlsid>MSG_CATEGORIES</nlsid>
                  </label>
                  <handlerclass>com.documentum.webtop.webcomponent.category.CategoryNode</handlerclass>
                  <streamlinecomponent>categorystreamline</streamlinecomponent>
               </node>
                -->
			   <!-- End-> Customization to hide Categories node and Add Repository -->
               <filter role="administrator, queue_manager, dce_user_manager, dmc_wdk_presets_coordinator">
                  <node componentid="administration">
                     <icon>admin.gif</icon>
                     <label>
                        <nlsid>MSG_ADMINISTRATION</nlsid>
                     </label>
                     <streamlinecomponent></streamlinecomponent>
                     <handlerclass>com.documentum.webtop.webcomponent.administration.AdminNavigationNode</handlerclass>
                  </node>
               </filter>
               <node componentid="homecabinet_classic">
                  <icon>homecabinet.gif</icon>
                  <label>
                     <nlsid>MSG_HOME_CABINET</nlsid>
                  </label>
                  <streamlinecomponent>homecabinet_streamline</streamlinecomponent>
                  <handlerclass>com.documentum.webtop.webcomponent.homecabinet.HomeCabinetNode</handlerclass>
               </node>
               <node componentid="cabinets">
                  <icon>cabinets.gif</icon>
                  <label>
                     <nlsid>MSG_DOCBASE_FOLDERS</nlsid>
                  </label>
                  <streamlinecomponent>streamlineview</streamlinecomponent>
                  <handlerclass>com.documentum.web.formext.control.docbase.DocbaseFolderTreeNode</handlerclass>
               </node>
               <entrynode>subscriptions_classic</entrynode>
            </docbasenodes>
         </nodes>
		
         <dragdrop>
            <sourceactions>
            </sourceactions>
            <targetactions>
			   <targetaction>org.ifc.idocs.control.dragdrop.CopyToFolderTargetAction</targetaction>
               <targetaction>org.ifc.idocs.control.dragdrop.MoveToFolderTargetAction</targetaction>
               <targetaction>org.ifc.idocs.control.dragdrop.LinkToFolderTargetAction</targetaction>
               <targetaction>com.documentum.web.formext.control.dragdrop.ImportTargetAction</targetaction>
               <targetaction>com.documentum.web.formext.control.dragdrop.CheckinFromFileTargetAction</targetaction>
               <targetaction>com.documentum.web.formext.control.dragdrop.AddRenditionTargetAction</targetaction>
               <targetaction>com.documentum.web.formext.control.dragdrop.CreateRelationTargetAction</targetaction>                 
			   <targetaction>com.documentum.web.formext.control.dragdrop.AddVirtualDocumentNodeTargetAction</targetaction>
               <targetaction>com.documentum.web.formext.control.dragdrop.RepositionVirtualDocumentNodeTargetAction</targetaction>
            </targetactions>
            <dataproviders>
               <dataprovider>
                  <format>com.documentum.web.formext.control.dragdrop.VdmNodeData</format>
                  <provider>com.documentum.web.form.control.TreeDragDropDataProviderProxy</provider>
               </dataprovider>
               <dataprovider>
                  <format>com.documentum.web.formext.control.dragdrop.ChildIdData</format>
                  <provider>com.documentum.web.form.control.TreeDragDropDataProviderProxy</provider>
               </dataprovider>
               <dataprovider>
                  <format>com.documentum.web.formext.control.dragdrop.ObjectIdData</format>
                  <provider>com.documentum.web.form.control.TreeDragDropDataProviderProxy</provider>
               </dataprovider>
               <dataprovider>
                  <format>com.documentum.web.form.control.TreeDragDropData</format>
                  <provider>com.documentum.web.form.control.TreeDragDropDataProviderProxy</provider>
               </dataprovider>
               <dataprovider>
                  <format>com.documentum.web.formext.control.dragdrop.LockData</format>
                  <provider>com.documentum.web.form.control.TreeDragDropDataProviderProxy</provider>
               </dataprovider>
            </dataproviders>
         </dragdrop>

	  </component>

   </scope>
</config>