<?xml version="1.0" encoding="UTF-8" standalone="no"?>
<!-- Confidential Property of Documentum, Inc.                             -->
<!-- (c) Copyright Documentum, Inc. 2001.                                  -->
<!-- All Rights reserved.                                                  -->
<!-- May not be used without prior written agreement                       -->
<!-- signed by a Documentum corporate officer.                             -->
<!--                                                                       -->
<!-- Component: inboxclassic                                               -->
<!-- Scope: None                                                           -->
<!-- Revision    $Revision: 11$                                             -->
<!-- Modified on $Date: 1/2/2007 11:41:02 PM$                               -->
<config version="1.0">
   <scope role="idocs_member">
      <component id="inboxclassic" extends="inboxlist:custom/config/navigation/inbox/inboxlist_component.xml">
         <desc>
            Extends the WDK inboxlist component and displays the inbox in a 
            single-selection list format. This component is a node in the 
            component browsertree. 
         </desc>
		 <!-- Start-> Customization to display project details in inbox task list -->
	<params>
           <param name="objectId" required="false"/>
         </params>
         <pages>
            <start>/custom/jsps/classic/inbox/inbox.jsp</start>
         </pages>
         <class>org.ifc.idocs.navigation.inbox.IDocsInboxClassic</class>
         <showattachmentinfo>false</showattachmentinfo>
		  <!-- End-> Customization to display project details in inbox task list  -->
         <taskmanagerid>taskmgrclassic</taskmanagerid>
         <showfilters>false</showfilters>
      </component>
   </scope>
</config>
<!--~~~~~~~~~~~~~~~~~~~~~~~~~~~~~~~~~~~~~~~~~~~~~~~~~~~~~~~ Developer's Comments
# Elements
/* <showattachmentinfo>                 Boolean: True to show the attachment 
                                        info 
*/
/* <taskmanagerid>                      ID of the task manager component 
                                        accessible from inbox 
*/
/* <showfilters>                        True to show object type filters 
*/
#
~~~~~~~~~~~~~~~~~~~~~~~~~~~~~~~~~~~~~~~~~~~~~~~~~~~~~~~~~~~~~~~~~~~~~~~~~~~~~-->
