<?xml version="1.0" encoding="UTF-8" standalone="no"?>
<!-- **********************************************************************************-->
<!-- Module Name: objectlist_component		                                           -->
<!-- Module Description: The customized object list component provides a search text   
						 box on top right corner of the doclist body. The search is
						 executed based on the text entered and the folder selected
						 in the browsertree.											-->
<!-- Author name: Parag Doshi											   		        -->
<!-- Date:	8-Sep-2010															        -->
<!-- Module Version No: 1.0                                                             -->
<!--************************************************************************************-->
<config version="1.0"> 
   <scope role="idocs_member">
      <component id="objectlist" extends="doclist:custom/config/navigation/doclist/idocs_doclist_component.xml">
         <desc>
            Displays a list of objects of type dm_sysobject.
         </desc>
		<!--
		
		 There are 4 ways to initialize this component:
		 1. No params  - displays docbase root cabinets
		 2. folderId   - shows the primary location of the specified folder ID
		 3. folderIds  - a list of '.' separated object IDs are used to build
		                 an absolute location to display
		 4. folderPath - displays the specified folder path 
		-->
         <params>
            <param name="folderId" required="false"/>
            <param name="folderIds" required="false"/>
            <param name="folderPath" required="false"/>
            <param name="showAllVersions" required="false"/>
         </params>
         <pages>
            <start>/custom/jsps/objectlist/objectlist.jsp</start>
            <thumbnail>/webtop/classic/objectlist/objectlist_thumbnail.jsp</thumbnail>
         </pages>
        <class>org.ifc.idocs.objectlist.ObjectList</class> 
         <helpcontextid>objectlist</helpcontextid>
         <columns>
			<!-- load invisible attribute flag -->
			<!--
				set the value to "true" means that all the invisible attributes will
				be added to the columns map. The default value is "false" 
		
-->
			<!-- <loadinvisibleattribute>true</loadinvisibleattribute> -->
			<column>
				<attribute>object_name</attribute>
				<label>
					<nlsid>MSG_NAME</nlsid>
				</label>
				<visible>true</visible>
			</column>
			<column>
				<attribute>country_nme</attribute>
				<label>
					<nlsid>MSG_COUNTRY_NME</nlsid>
				</label>
				<visible>true</visible>
			</column>
			<column>
				<attribute>r_modify_date</attribute>
				<label>
					<nlsid>MSG_MODIFIED_DATE</nlsid>
				</label>
				<visible>true</visible>
			</column>
		</columns>
      </component>
   </scope>  
   <scope role="idocs_member" type="idocs_folder" location="/IFCDocs">
      <component id="objectlist" extends="doclist:custom/config/navigation/doclist/doclist_component.xml">
         <desc>
            Displays a list of objects of type dm_sysobject.
         </desc>
		<!--
		
		 There are 4 ways to initialize this component:
		 1. No params  - displays docbase root cabinets
		 2. folderId   - shows the primary location of the specified folder ID
		 3. folderIds  - a list of '.' separated object IDs are used to build
		                 an absolute location to display
		 4. folderPath - displays the specified folder path 
		-->
         <params>
            <param name="folderId" required="false"/>
            <param name="folderIds" required="false"/>
            <param name="folderPath" required="false"/>
            <param name="showAllVersions" required="false"/>
         </params>
         <pages>
            <start>/custom/jsps/objectlist/objectlist.jsp</start>
            <thumbnail>/webtop/classic/objectlist/objectlist_thumbnail.jsp</thumbnail>
         </pages>
        <class>org.ifc.idocs.objectlist.ObjectList</class> 
         <helpcontextid>objectlist</helpcontextid>
         <columns>
			<!-- load invisible attribute flag -->
			<!--
				set the value to "true" means that all the invisible attributes will
				be added to the columns map. The default value is "false"  -->
			<!-- <loadinvisibleattribute>true</loadinvisibleattribute> -->
			<column>
				<attribute>object_name</attribute>
				<label>
					<nlsid>MSG_NAME</nlsid>
				</label>
				<visible>true</visible>
			</column>
			<column>
				<attribute>country_nme</attribute>
				<label>
					<nlsid>MSG_COUNTRY_NME</nlsid>
				</label>
				<visible>true</visible>
			</column>
			<column>
				<attribute>r_modify_date</attribute>
				<label>
					<nlsid>MSG_MODIFIED_DATE</nlsid>
				</label>
				<visible>true</visible>
			</column>
		</columns>
      </component>
   </scope>   
   <scope role="idocs_member" type="idocs_project_folder" location="/IFCDocs" >
   <component id="objectlist" extends="doclist:custom/config/navigation/doclist/doclist_component.xml">
         <desc>
            Displays a list of objects of type dm_sysobject.
         </desc>
		<!--
		
		 There are 4 ways to initialize this component:
		 1. No params  - displays docbase root cabinets
		 2. folderId   - shows the primary location of the specified folder ID
		 3. folderIds  - a list of '.' separated object IDs are used to build
		                 an absolute location to display
		 4. folderPath - displays the specified folder path 
		-->
         <params>
            <param name="folderId" required="false"/>
            <param name="folderIds" required="false"/>
            <param name="folderPath" required="false"/>
            <param name="showAllVersions" required="false"/>
         </params>
         <pages>
            <start>/custom/jsps/objectlist/objectlist.jsp</start>
            <thumbnail>/webtop/classic/objectlist/objectlist_thumbnail.jsp</thumbnail>
         </pages>
        <class>org.ifc.idocs.objectlist.ObjectList</class> 
         <helpcontextid>objectlist</helpcontextid>
         <columns>
         	<column>
               <attribute>object_name</attribute>
               <label>
                  <nlsid>MSG_NAME</nlsid>
               </label>
               <visible>true</visible>
            </column>
            <column>
               <attribute>workflow_status</attribute>
               <label>
                  <nlsid>MSG_WORKFLOW_STATUS</nlsid>
               </label>
               <visible>true</visible>
            </column>
            <column>
               <attribute>r_version_label</attribute>
               <label>
                  <nlsid>MSG_VERSION_LABEL</nlsid>
               </label>
               <visible>true</visible>
            </column>
            <!--  Not required if required un-comment it  -->
            <column>
               <attribute>project_id</attribute>
               <label>
                  <nlsid>MSG_PROJECT_ID</nlsid>
               </label>
               <visible>true</visible>
            </column>
           <!-- 
            <column>
               <attribute>country_nme</attribute>
               <label>
                  <nlsid>MSG_COUNTRY_NME</nlsid>
               </label>
               <visible>true</visible>
            </column>
            -->
            
            <column>
               <attribute>institution_nbr</attribute>
               <label>
                  <nlsid>MSG_INSTITUTION_NBR</nlsid>
               </label>
               <visible>true</visible>
            </column>
            
            <column>
               <attribute>ifcdocs_authors</attribute>
               <label>
                  <nlsid>MSG_MODIFIER</nlsid>
               </label>
               <visible>true</visible>
            </column>	
            <column>
               <attribute>r_modifier</attribute>
               <label>
                  <nlsid>MSG_MODIFIER</nlsid>
               </label>
               <visible>false</visible>
            </column>
            <column>
               <attribute>r_modify_date</attribute>
               <label>
                  <nlsid>MSG_MODIFIED_DATE</nlsid>
               </label>
               <visible>false</visible>
            </column>
            <column>
               <attribute>content_modify_date</attribute>
               <label>
                  <nlsid>MSG_CONTENT_MODIFY_DATE</nlsid>
               </label>
               <visible>true</visible>
            </column>  
            <column>
               <attribute>document_date</attribute>
               <label>
                  <nlsid>MSG_DOCUMENT_DATE</nlsid>
               </label>
               <visible>false</visible>
            </column>
            <column>
               <attribute>orig_filed_idocs_date</attribute>
               <label>
                  <nlsid>MSG_ORIG_FILED_IDOCS_DATE</nlsid>
               </label>
               <visible>false</visible>
            </column>  
            <column>
               <attribute>metadata_modify_date</attribute>
               <label>
                  <nlsid>MSG_METADATA_MODIFY_DATE</nlsid>
               </label>
               <visible>false</visible>
            </column>         
			<column>
               <attribute>topic_status</attribute>
               <label>
                  <nlsid>MSG_DISCUSSION</nlsid>
               </label>
               <visible>true</visible>
            </column> 
                      
            <!-- Adding attributes that are displayed in Column Preferences -->
            <!-- Start of common attributes for idocs_project_doc, idocs_institution_doc and idocs_country_doc types --> 
            <column>
               <attribute>description</attribute>
               <label>
                  <nlsid>MSG_DESCRIPTION</nlsid>
               </label>
               <visible>false</visible>
            </column>            	
            <column>
               <attribute>doc_category</attribute>
               <label>
                  <nlsid>MSG_DOC_CATEGORY</nlsid>
               </label>
               <visible>false</visible>
            </column>	
             <column>
               <attribute>doc_state</attribute>
               <label>
                  <nlsid>MSG_DOC_STATE</nlsid>
               </label>
               <visible>false</visible>
            </column>	
             <column>
               <attribute>doc_subtype_code</attribute>
               <label>
                  <nlsid>MSG_DOC_SUBTYPE_CODE</nlsid>
               </label>
               <visible>false</visible>
            </column>	
             <column>
               <attribute>doc_subtype_nme</attribute>
               <label>
                  <nlsid>MSG_DOC_SUBTYPE_NME</nlsid>
               </label>
               <visible>false</visible>
            </column>		
            <column>
               <attribute>filed_by</attribute>
               <label>
                  <nlsid>MSG_FILED_BY</nlsid>
               </label>
               <visible>false</visible>
            </column>	
            <column>
               <attribute>folder_title</attribute>
               <label>
                  <nlsid>MSG_FOLDER_TITLE</nlsid>
               </label>
               <visible>false</visible>
            </column>	            
            <column>
               <attribute>orig_modified_by</attribute>
               <label>
                  <nlsid>MSG_ORIG_MODIFIED_BY</nlsid>
               </label>
               <visible>false</visible>
            </column>	
            <column>
               <attribute>region_code</attribute>
               <label>
                  <nlsid>MSG_REGION_CODE</nlsid>
               </label>
               <visible>false</visible>
            </column>	
            <column>
               <attribute>region_nme</attribute>
               <label>
                  <nlsid>MSG_REGION_NME</nlsid>
               </label>
               <visible>false</visible>
            </column>	
            <column>
               <attribute>security_classification</attribute>
               <label>
                  <nlsid>MSG_SECURITY_CLASSIFICATION</nlsid>
               </label>
               <visible>false</visible>
            </column>	
            <!-- End of common attributes for idocs_project_doc, idocs_institution_doc and idocs_country_doc types -->           
            <!-- Attributes specific to idocs_project_doc type -->            
            <column>
               <attribute>approval_proc_code</attribute>
               <label>
                  <nlsid>MSG_APPROVAL_PROC_CODE</nlsid>
               </label>
               <visible>false</visible>
            </column>
            <column>
               <attribute>approval_proc_nme</attribute>
               <label>
                  <nlsid>MSG_APPROVAL_PROC_NME</nlsid>
               </label>
               <visible>false</visible>
            </column>
            <column>
               <attribute>dept_div_code</attribute>
               <label>
                  <nlsid>MSG_DEPT_DIV_CODE</nlsid>
               </label>
               <visible>false</visible>
            </column>
            <column>
               <attribute>dept_div_nme</attribute>
               <label>
                  <nlsid>MSG_DEPT_DIV_NME</nlsid>
               </label>
               <visible>false</visible>
            </column>
            <column>
               <attribute>env_category_code</attribute>
               <label>
                  <nlsid>MSG_ENV_CATEGORY_CODE</nlsid>
               </label>
               <visible>false</visible>
            </column>
            <column>
               <attribute>env_category_nme</attribute>
               <label>
                  <nlsid>MSG_ENV_CATEGORY_NME</nlsid>
               </label>
               <visible>false</visible>
            </column>
            <column>
               <attribute>ifc_sector_code</attribute>
               <label>
                  <nlsid>MSG_IFC_SECTOR_CODE</nlsid>
               </label>
               <visible>false</visible>
            </column>
            <column>
               <attribute>ifc_sector_nme</attribute>
               <label>
                  <nlsid>MSG_IFC_SECTOR_NME</nlsid>
               </label>
               <visible>false</visible>
            </column>
            <column>
               <attribute>institution_nbr</attribute>
               <label>
                  <nlsid>MSG_INSTITUTION_NBR</nlsid>
               </label>
               <visible>false</visible>
            </column>
            <column>
               <attribute>institution_short_nme</attribute>
               <label>
                  <nlsid>MSG_INSTITUTION_SHORT_NME</nlsid>
               </label>
               <visible>false</visible>
            </column>
            <column>
               <attribute>project_category_code</attribute>
               <label>
                  <nlsid>MSG_PROJECT_CATEGORY_CODE</nlsid>
               </label>
               <visible>false</visible>
            </column>
            <column>
               <attribute>project_category_nme</attribute>
               <label>
                  <nlsid>MSG_PROJECT_CATEGORY_NME</nlsid>
               </label>
               <visible>false</visible>
            </column>
            <column>
               <attribute>project_id</attribute>
               <label>
                  <nlsid>MSG_PROJECT_ID</nlsid>
               </label>
               <visible>false</visible>
            </column>
            <column>
               <attribute>project_nme</attribute>
               <label>
                  <nlsid>MSG_PROJECT_NME</nlsid>
               </label>
               <visible>false</visible>
            </column>
            <column>
               <attribute>project_stage_code</attribute>
               <label>
                  <nlsid>MSG_PROJECT_STAGE_CODE</nlsid>
               </label>
               <visible>false</visible>
            </column>
            <column>
               <attribute>project_stage_nme</attribute>
               <label>
                  <nlsid>MSG_PROJECT_STAGE_NME</nlsid>
               </label>
               <visible>false</visible>
            </column>
            <column>
               <attribute>project_status_code</attribute>
               <label>
                  <nlsid>MSG_PROJECT_STATUS_CODE</nlsid>
               </label>
               <visible>false</visible>
            </column>
            <column>
               <attribute>project_sub_category_code</attribute>
               <label>
                  <nlsid>MSG_PROJECT_SUB_CATEGORY_CODE</nlsid>
               </label>
               <visible>false</visible>
            </column>
            <column>
               <attribute>project_sub_category_nme</attribute>
               <label>
                  <nlsid>MSG_PROJECT_SUB_CATEGORY_NME</nlsid>
               </label>
               <visible>false</visible>
            </column>
            <column>
               <attribute>project_tier_code</attribute>
               <label>
                  <nlsid>MSG_PROJECT_TIER_CODE</nlsid>
               </label>
               <visible>false</visible>
            </column>
            <column>
               <attribute>project_tier_nme</attribute>
               <label>
                  <nlsid>MSG_PROJECT_TIER_NME</nlsid>
               </label>
               <visible>false</visible>
            </column>
            <column>
               <attribute>published_state</attribute>
               <label>
                  <nlsid>MSG_PUBLISHED_STATE</nlsid>
               </label>
               <visible>false</visible>
            </column>
         </columns>         
      </component>
   </scope>
   <scope role="idocs_member" type="idocs_country_folder" location="/IFCDocs" >
   <component id="objectlist" extends="doclist:custom/config/navigation/doclist/doclist_component.xml">
         <desc>
            Displays a list of objects of type dm_sysobject.
         </desc>
		<!--
		
		 There are 4 ways to initialize this component:
		 1. No params  - displays docbase root cabinets
		 2. folderId   - shows the primary location of the specified folder ID
		 3. folderIds  - a list of '.' separated object IDs are used to build
		                 an absolute location to display
		 4. folderPath - displays the specified folder path 
		-->
         <params>
            <param name="folderId" required="false"/>
            <param name="folderIds" required="false"/>
            <param name="folderPath" required="false"/>
            <param name="showAllVersions" required="false"/>
         </params>
         <pages>
            <start>/custom/jsps/objectlist/objectlist.jsp</start>
            <thumbnail>/webtop/classic/objectlist/objectlist_thumbnail.jsp</thumbnail>
         </pages>
        <class>org.ifc.idocs.objectlist.ObjectList</class> 
         <helpcontextid>objectlist</helpcontextid>
         <columns>
         	<column>
               <attribute>object_name</attribute>
               <label>
                  <nlsid>MSG_NAME</nlsid>
               </label>
               <visible>true</visible>
            </column>
            <column>
               <attribute>workflow_status</attribute>
               <label>
                  <nlsid>MSG_WORKFLOW_STATUS</nlsid>
               </label>
               <visible>true</visible>
            </column>		
			<column>
               <attribute>r_version_label</attribute>
               <label>
                  <nlsid>MSG_VERSION_LABEL</nlsid>
               </label>
               <visible>true</visible>
            </column>
            <column>
               <attribute>country_nme</attribute>
               <label>
                  <nlsid>MSG_COUNTRY_NME</nlsid>
               </label>
               <visible>true</visible>
            </column>
            <column>
               <attribute>r_modifier</attribute>
               <label>
                  <nlsid>MSG_MODIFIER</nlsid>
               </label>
               <visible>false</visible>
            </column>
            <column>
               <attribute>r_modify_date</attribute>
               <label>
                  <nlsid>MSG_MODIFIED_DATE</nlsid>
               </label>
               <visible>false</visible>
            </column>
            <column>
               <attribute>ifcdocs_authors</attribute>
               <label>
                  <nlsid>MSG_MODIFIER</nlsid>
               </label>
               <visible>true</visible>
            </column>	
            <column>
               <attribute>content_modify_date</attribute>
               <label>
                  <nlsid>MSG_CONTENT_MODIFY_DATE</nlsid>
               </label>
               <visible>true</visible>
            </column>  
            <column>
               <attribute>document_date</attribute>
               <label>
                  <nlsid>MSG_DOCUMENT_DATE</nlsid>
               </label>
               <visible>false</visible>
            </column>
            <column>
               <attribute>orig_filed_idocs_date</attribute>
               <label>
                  <nlsid>MSG_ORIG_FILED_IDOCS_DATE</nlsid>
               </label>
               <visible>false</visible>
            </column>
            <column>
               <attribute>metadata_modify_date</attribute>
               <label>
                  <nlsid>MSG_METADATA_MODIFY_DATE</nlsid>
               </label>
               <visible>false</visible>
            </column> 
            <column>
               <attribute>topic_status</attribute>
               <label>
                  <nlsid>MSG_DISCUSSION</nlsid>
               </label>
               <visible>true</visible>
            </column>                                     
            <!-- Adding attributes that are displayed in Column Preferences -->
            <!-- Start of common attributes for idocs_project_doc, idocs_institution_doc and idocs_country_doc types -->	
             <column>
               <attribute>description</attribute>
               <label>
                  <nlsid>MSG_DESCRIPTION</nlsid>
               </label>
               <visible>false</visible>
            </column> 
             <column>
               <attribute>country_code</attribute>
               <label>
                  <nlsid>MSG_COUNTRY_CODE</nlsid>
               </label>
               <visible>false</visible>
            </column>	
            <column>
               <attribute>doc_category</attribute>
               <label>
                  <nlsid>MSG_DOC_CATEGORY</nlsid>
               </label>
               <visible>false</visible>
            </column>	
             <column>
               <attribute>doc_state</attribute>
               <label>
                  <nlsid>MSG_DOC_STATE</nlsid>
               </label>
               <visible>false</visible>
            </column>	
             <column>
               <attribute>doc_subtype_code</attribute>
               <label>
                  <nlsid>MSG_DOC_SUBTYPE_CODE</nlsid>
               </label>
               <visible>false</visible>
            </column>	
             <column>
               <attribute>doc_subtype_nme</attribute>
               <label>
                  <nlsid>MSG_DOC_SUBTYPE_NME</nlsid>
               </label>
               <visible>false</visible>
            </column>	
            <column>
               <attribute>filed_by</attribute>
               <label>
                  <nlsid>MSG_FILED_BY</nlsid>
               </label>
               <visible>false</visible>
            </column>	
            <column>
               <attribute>folder_title</attribute>
               <label>
                  <nlsid>MSG_FOLDER_TITLE</nlsid>
               </label>
               <visible>false</visible>
            </column>	
            <column>
               <attribute>orig_modified_by</attribute>
               <label>
                  <nlsid>MSG_ORIG_MODIFIED_BY</nlsid>
               </label>
               <visible>false</visible>
            </column>	
            <column>
               <attribute>region_code</attribute>
               <label>
                  <nlsid>MSG_REGION_CODE</nlsid>
               </label>
               <visible>false</visible>
            </column>	
            <column>
               <attribute>region_nme</attribute>
               <label>
                  <nlsid>MSG_REGION_NME</nlsid>
               </label>
               <visible>false</visible>
            </column>	
            <column>
               <attribute>security_classification</attribute>
               <label>
                  <nlsid>MSG_SECURITY_CLASSIFICATION</nlsid>
               </label>
               <visible>false</visible>
            </column>
            <!-- End Start of common attributes for idocs_project_doc, idocs_institution_doc and idocs_country_doc types -->
            <!-- Attributes specific to idocs_country_doc type -->
            <column>
               <attribute>country_long_nme</attribute>
               <label>
                  <nlsid>MSG_COUNTRY_LONG_NME</nlsid>
               </label>
               <visible>false</visible>
            </column>
         </columns>         
      </component>
   </scope>
   <scope role="idocs_member" type="idocs_institution_folder" location="/IFCDocs" >
   <component id="objectlist" extends="doclist:custom/config/navigation/doclist/doclist_component.xml">
         <desc>
            Displays a list of objects of type dm_sysobject.
         </desc>
		<!--
		
		 There are 4 ways to initialize this component:
		 1. No params  - displays docbase root cabinets
		 2. folderId   - shows the primary location of the specified folder ID
		 3. folderIds  - a list of '.' separated object IDs are used to build
		                 an absolute location to display
		 4. folderPath - displays the specified folder path 
		-->
         <params>
            <param name="folderId" required="false"/>
            <param name="folderIds" required="false"/>
            <param name="folderPath" required="false"/>
            <param name="showAllVersions" required="false"/>
         </params>
         <pages>
            <start>/custom/jsps/objectlist/objectlist.jsp</start>
            <thumbnail>/webtop/classic/objectlist/objectlist_thumbnail.jsp</thumbnail>
         </pages>
        <class>org.ifc.idocs.objectlist.ObjectList</class> 
         <helpcontextid>objectlist</helpcontextid>
         <columns>
         	<column>
               <attribute>object_name</attribute>
               <label>
                  <nlsid>MSG_NAME</nlsid>
               </label>
               <visible>true</visible>
            </column>
            <column>
               <attribute>workflow_status</attribute>
               <label>
                  <nlsid>MSG_WORKFLOW_STATUS</nlsid>
               </label>
               <visible>true</visible>
            </column>		
			<column>
               <attribute>r_version_label</attribute>
               <label>
                  <nlsid>MSG_VERSION_LABEL</nlsid>
               </label>
               <visible>true</visible>
            </column>
            <column>
               <attribute>country_nme</attribute>
               <label>
                  <nlsid>MSG_COUNTRY_NME</nlsid>
               </label>
               <visible>true</visible>
            </column>
            <column>
               <attribute>r_modifier</attribute>
               <label>
                  <nlsid>MSG_MODIFIER</nlsid>
               </label>
               <visible>false</visible>
            </column>
            <column>
               <attribute>r_modify_date</attribute>
               <label>
                  <nlsid>MSG_MODIFIED_DATE</nlsid>
               </label>
               <visible>false</visible>
            </column>
            <column>
               <attribute>ifcdocs_authors</attribute>
               <label>
                  <nlsid>MSG_MODIFIER</nlsid>
               </label>
               <visible>true</visible>
            </column>	
            <column>
               <attribute>content_modify_date</attribute>
               <label>
                  <nlsid>MSG_CONTENT_MODIFY_DATE</nlsid>
               </label>
               <visible>true</visible>
            </column>
            <column>
               <attribute>document_date</attribute>
               <label>
                  <nlsid>MSG_DOCUMENT_DATE</nlsid>
               </label>
               <visible>false</visible>
            </column>
            <column>
               <attribute>orig_filed_idocs_date</attribute>
               <label>
                  <nlsid>MSG_ORIG_FILED_IDOCS_DATE</nlsid>
               </label>
               <visible>false</visible>
            </column>
            <column>
               <attribute>metadata_modify_date</attribute>
               <label>
                  <nlsid>MSG_METADATA_MODIFY_DATE</nlsid>
               </label>
               <visible>false</visible>
            </column>     			  
            <column>
               <attribute>topic_status</attribute>
               <label>
                  <nlsid>MSG_DISCUSSION</nlsid>
               </label>
               <visible>true</visible>
            </column>                                   
            <!-- Adding attributes that are displayed in Column Preferences -->
            <!-- Start of common attributes for idocs_project_doc, idocs_institution_doc and idocs_country_doc types -->
             <column>
               <attribute>description</attribute>
               <label>
                  <nlsid>MSG_DESCRIPTION</nlsid>
               </label>
               <visible>false</visible>
            </column> 
             <column>
               <attribute>country_code</attribute>
               <label>
                  <nlsid>MSG_COUNTRY_CODE</nlsid>
               </label>
               <visible>false</visible>
            </column>	
            <column>
               <attribute>doc_category</attribute>
               <label>
                  <nlsid>MSG_DOC_CATEGORY</nlsid>
               </label>
               <visible>false</visible>
            </column>	
             <column>
               <attribute>doc_state</attribute>
               <label>
                  <nlsid>MSG_DOC_STATE</nlsid>
               </label>
               <visible>false</visible>
            </column>	
             <column>
               <attribute>doc_subtype_code</attribute>
               <label>
                  <nlsid>MSG_DOC_SUBTYPE_CODE</nlsid>
               </label>
               <visible>false</visible>
            </column>	
             <column>
               <attribute>doc_subtype_nme</attribute>
               <label>
                  <nlsid>MSG_DOC_SUBTYPE_NME</nlsid>
               </label>
               <visible>false</visible>
            </column>	
            <column>
               <attribute>filed_by</attribute>
               <label>
                  <nlsid>MSG_FILED_BY</nlsid>
               </label>
               <visible>false</visible>
            </column>	
            <column>
               <attribute>folder_title</attribute>
               <label>
                  <nlsid>MSG_FOLDER_TITLE</nlsid>
               </label>
               <visible>false</visible>
            </column>	
            <column>
               <attribute>orig_modified_by</attribute>
               <label>
                  <nlsid>MSG_ORIG_MODIFIED_BY</nlsid>
               </label>
               <visible>false</visible>
            </column>	
            <column>
               <attribute>region_code</attribute>
               <label>
                  <nlsid>MSG_REGION_CODE</nlsid>
               </label>
               <visible>false</visible>
            </column>	
            <column>
               <attribute>region_nme</attribute>
               <label>
                  <nlsid>MSG_REGION_NME</nlsid>
               </label>
               <visible>false</visible>
            </column>	
            <column>
               <attribute>security_classification</attribute>
               <label>
                  <nlsid>MSG_SECURITY_CLASSIFICATION</nlsid>
               </label>
               <visible>false</visible>
            </column>
            <!-- End of common attributes for idocs_project_doc, idocs_institution_doc and idocs_country_doc types -->
            <!-- Attributes specific to idocs_institution_doc type -->
             <column>
               <attribute>instit_legal_nme</attribute>
               <label>
                  <nlsid>MSG_INSTIT_LEGAL_NME</nlsid>
               </label>
               <visible>false</visible>
            </column>	
             <column>
               <attribute>instit_role_type_code</attribute>
               <label>
                  <nlsid>MSG_INSTIT_ROLE_TYPE_CODE</nlsid>
               </label>
               <visible>false</visible>
            </column>	
             <column>
               <attribute>instit_role_type_nme</attribute>
               <label>
                  <nlsid>MSG_INSTIT_ROLE_TYPE_NME</nlsid>
               </label>
               <visible>false</visible>
            </column>	
             <column>
               <attribute>instit_short_nme</attribute>
               <label>
                  <nlsid>MSG_INSTIT_SHORT_NME</nlsid>
               </label>
               <visible>false</visible>
            </column>	
             <column>
               <attribute>institution_nbr</attribute>
               <label>
                  <nlsid>MSG_INSTITUTION_NBR</nlsid>
               </label>
               <visible>false</visible>
            </column>
         </columns>         
      </component>
   </scope>
</config>
