<?xml version="1.0" encoding="UTF-8" standalone="no"?>
<!-- **************************************************************************         -->
<!-- Module Name: start_custom_workflow_component		                                        -->
<!-- Module Description: The custom start workflow component is used to start workflow
					     if document fulfils the condition mentioned in the description
					     of the functionality											-->
<!-- Author name: Parag Doshi											   		        -->
<!-- Date:	8-Sep-2010															        -->
<!-- Module Version No: 1.0                                                             -->
<!--****************************************************************************-->
<config version="1.0">
   <scope role="idocs_member">
      <component id="start_custom_workflow">
         <desc>
            This component allows for completion of a workflow task and 
            assignment of a repeat performer for the task. It can only be used  
            for repeatable tasks.
         </desc>
         <params>
            <param name="objectId" required="true"/>
         </params>
         <pages>
            <start>/custom/jsps/workflow/startCustomWorkflow.jsp</start>
         </pages>
             <class>org.ifc.idocs.workflow.startworkflow.StartWorkflow</class>
          <nlsbundle>org.ifc.idocs.workflow.startworkflow.StartCustomWorkflowTaskNlsProp</nlsbundle>
         <helpcontextid>start_custom_workflow</helpcontextid>
      </component>
   </scope>
</config>
<!--~~~~~~~~~~~~~~~~~~~~~~~~~~~~~~~~~~~~~~~~~~~~~~~~~~~~~~~ Developer's Comments
# This Component will be called from Action....
# Parameters
/* objectId                     (Required) ID of the Document to start workflow. 
*/
#
~~~~~~~~~~~~~~~~~~~~~~~~~~~~~~~~~~~~~~~~~~~~~~~~~~~~~~~~~~~~~~~~~~~~~~~~~~~~~-->
