{
  "name" : "process-type",
  "type" : "itk_imqcprocess",
  "label" : "IMQCProcess",
  "runnable-stateless" : false,
  "urn" : "urn:itk:com.emc.ide.artifact.process:Artifacts/Processes/imqcprocess.process",
  "properties" : [ {
    "name" : "process_id",
    "label" : "process_id",
    "type" : "string",
    "length" : 64
  }, {
    "name" : "status",
    "label" : "status",
    "type" : "string",
    "length" : 64
  }, {
    "name" : "id",
    "label" : "id",
    "type" : "string",
    "length" : 64
  }, {
    "name" : "r_runtime_state",
    "label" : "r_runtime_state",
    "type" : "integer"
  }, {
    "name" : "correlation_identifier",
    "label" : "correlation_identifier",
    "type" : "string",
    "length" : 64
  }, {
    "name" : "object_name",
    "label" : "object_name",
    "type" : "string",
    "length" : 64
  }, {
    "name" : "r_creator_name",
    "label" : "r_creator_name",
    "type" : "string",
    "length" : 64
  }, {
    "name" : "r_start_date",
    "label" : "r_start_date",
    "type" : "datetime"
  }, {
    "name" : "supervisor_name",
    "label" : "supervisor_name",
    "type" : "string",
    "length" : 64
  }, {
    "name" : "supervisor_address",
    "label" : "supervisor_address",
    "type" : "string",
    "length" : 64
  } ],
  "tasks" : [ {
    "rel" : "http://identifiers.emc.com/linkrel/task",
    "href" : "${contextPath}types/processes/itk_imqcprocess/tasks/itk_initiate"
  }, {
    "rel" : "http://identifiers.emc.com/linkrel/task",
    "href" : "${contextPath}types/processes/itk_imqcprocess/tasks/itk_qc_task"
  }, {
    "rel" : "http://identifiers.emc.com/linkrel/task",
    "href" : "${contextPath}types/processes/itk_imqcprocess/tasks/itk_is_eligible"
  }, {
    "rel" : "http://identifiers.emc.com/linkrel/task",
    "href" : "${contextPath}types/processes/itk_imqcprocess/tasks/itk_end_process"
  }, {
    "rel" : "http://identifiers.emc.com/linkrel/task",
    "href" : "${contextPath}types/processes/itk_imqcprocess/tasks/itk_get_pqc"
  }, {
    "rel" : "http://identifiers.emc.com/linkrel/task",
    "href" : "${contextPath}types/processes/itk_imqcprocess/tasks/itk_is_selected"
  }, {
    "rel" : "http://identifiers.emc.com/linkrel/task",
    "href" : "${contextPath}types/processes/itk_imqcprocess/tasks/itk_selected_for_qc"
  }, {
    "rel" : "http://identifiers.emc.com/linkrel/task",
    "href" : "${contextPath}types/processes/itk_imqcprocess/tasks/itk_not_selected_for_qc"
  } ],
  "flows" : [ {
    "source" : "${contextPath}types/processes/itk_imqcprocess/tasks/itk_initiate",
    "target" : "${contextPath}types/processes/itk_imqcprocess/tasks/itk_is_eligible",
    "flow-type" : "regular"
  }, {
    "source" : "${contextPath}types/processes/itk_imqcprocess/tasks/itk_qc_task",
    "target" : "${contextPath}types/processes/itk_imqcprocess/tasks/itk_end_process",
    "flow-type" : "regular"
  }, {
    "source" : "${contextPath}types/processes/itk_imqcprocess/tasks/itk_is_eligible",
    "target" : "${contextPath}types/processes/itk_imqcprocess/tasks/itk_get_pqc",
    "flow-type" : "regular"
  }, {
    "source" : "${contextPath}types/processes/itk_imqcprocess/tasks/itk_get_pqc",
    "target" : "${contextPath}types/processes/itk_imqcprocess/tasks/itk_is_selected",
    "flow-type" : "regular"
  }, {
    "source" : "${contextPath}types/processes/itk_imqcprocess/tasks/itk_is_selected",
    "target" : "${contextPath}types/processes/itk_imqcprocess/tasks/itk_selected_for_qc",
    "flow-type" : "regular"
  }, {
    "source" : "${contextPath}types/processes/itk_imqcprocess/tasks/itk_is_selected",
    "target" : "${contextPath}types/processes/itk_imqcprocess/tasks/itk_not_selected_for_qc",
    "flow-type" : "regular"
  }, {
    "source" : "${contextPath}types/processes/itk_imqcprocess/tasks/itk_not_selected_for_qc",
    "target" : "${contextPath}types/processes/itk_imqcprocess/tasks/itk_end_process",
    "flow-type" : "regular"
  }, {
    "source" : "${contextPath}types/processes/itk_imqcprocess/tasks/itk_selected_for_qc",
    "target" : "${contextPath}types/processes/itk_imqcprocess/tasks/itk_qc_task",
    "flow-type" : "regular"
  }, {
    "source" : "${contextPath}types/processes/itk_imqcprocess/tasks/itk_is_eligible",
    "target" : "${contextPath}types/processes/itk_imqcprocess/tasks/itk_end_process",
    "flow-type" : "regular"
  } ],
  "data" : {
    "packages" : [ {
      "name" : "package0",
      "label" : "package0",
      "mandatory" : false,
      "visible" : true,
      "version-label" : "CURRENT",
      "type" : "${contextPath}types/contents/itk_transaction"
    } ],
    "variables" : [ {
      "name" : "p_percent_quality_check",
      "label" : "p_percent_quality_check",
      "type" : "integer",
      "repeating" : false,
      "default-value" : null,
      "mandatory" : false
    } ]
  },
  "links" : [ {
    "rel" : "self",
    "href" : "${contextPath}types/processes/itk_imqcprocess"
  }, {
    "rel" : "http://identifiers.emc.com/linkrel/instances",
    "href" : "${contextPath}processes/itk_imqcprocess"
  }, {
    "rel" : "http://identifiers.emc.com/linkrel/halt"
  }, {
    "rel" : "http://identifiers.emc.com/linkrel/resume"
  }, {
    "rel" : "http://identifiers.emc.com/linkrel/terminate"
  }, {
    "rel" : "http://identifiers.emc.com/linkrel/tasks"
  }, {
    "rel" : "http://identifiers.emc.com/linkrel/attachments"
  } ]
}