{
  "name" : "process-type",
  "type" : "itk_getas400exceptionin",
  "label" : "GetAS400ExceptionInfo",
  "runnable-stateless" : true,
  "urn" : "urn:itk:com.emc.ide.artifact.process:Artifacts/Processes/getas400exceptionin.process",
  "properties" : [ {
    "name" : "process_id",
    "label" : "process_id",
    "type" : "string",
    "length" : 64
  }, {
    "name" : "status",
    "label" : "status",
    "type" : "string",
    "length" : 64
  }, {
    "name" : "id",
    "label" : "id",
    "type" : "string",
    "length" : 64
  }, {
    "name" : "r_runtime_state",
    "label" : "r_runtime_state",
    "type" : "integer"
  }, {
    "name" : "correlation_identifier",
    "label" : "correlation_identifier",
    "type" : "string",
    "length" : 64
  }, {
    "name" : "object_name",
    "label" : "object_name",
    "type" : "string",
    "length" : 64
  }, {
    "name" : "r_creator_name",
    "label" : "r_creator_name",
    "type" : "string",
    "length" : 64
  }, {
    "name" : "r_start_date",
    "label" : "r_start_date",
    "type" : "datetime"
  }, {
    "name" : "supervisor_name",
    "label" : "supervisor_name",
    "type" : "string",
    "length" : 64
  }, {
    "name" : "supervisor_address",
    "label" : "supervisor_address",
    "type" : "string",
    "length" : 64
  } ],
  "tasks" : [ {
    "rel" : "http://identifiers.emc.com/linkrel/task",
    "href" : "${contextPath}types/processes/itk_getas400exceptionin/tasks/itk_initiate"
  }, {
    "rel" : "http://identifiers.emc.com/linkrel/task",
    "href" : "${contextPath}types/processes/itk_getas400exceptionin/tasks/itk_join"
  }, {
    "rel" : "http://identifiers.emc.com/linkrel/task",
    "href" : "${contextPath}types/processes/itk_getas400exceptionin/tasks/itk_decision_split"
  }, {
    "rel" : "http://identifiers.emc.com/linkrel/task",
    "href" : "${contextPath}types/processes/itk_getas400exceptionin/tasks/itk_read_as400_auto_dat"
  }, {
    "rel" : "http://identifiers.emc.com/linkrel/task",
    "href" : "${contextPath}types/processes/itk_getas400exceptionin/tasks/itk_get_total_exception"
  }, {
    "rel" : "http://identifiers.emc.com/linkrel/task",
    "href" : "${contextPath}types/processes/itk_getas400exceptionin/tasks/itk_get_exceptions_loan"
  }, {
    "rel" : "http://identifiers.emc.com/linkrel/task",
    "href" : "${contextPath}types/processes/itk_getas400exceptionin/tasks/itk_are_there_any_excep"
  } ],
  "flows" : [ {
    "source" : "${contextPath}types/processes/itk_getas400exceptionin/tasks/itk_read_as400_auto_dat",
    "target" : "${contextPath}types/processes/itk_getas400exceptionin/tasks/itk_join",
    "flow-type" : "regular"
  }, {
    "source" : "${contextPath}types/processes/itk_getas400exceptionin/tasks/itk_initiate",
    "target" : "${contextPath}types/processes/itk_getas400exceptionin/tasks/itk_get_total_exception",
    "flow-type" : "regular"
  }, {
    "source" : "${contextPath}types/processes/itk_getas400exceptionin/tasks/itk_decision_split",
    "target" : "${contextPath}types/processes/itk_getas400exceptionin/tasks/itk_read_as400_auto_dat",
    "flow-type" : "regular"
  }, {
    "source" : "${contextPath}types/processes/itk_getas400exceptionin/tasks/itk_decision_split",
    "target" : "${contextPath}types/processes/itk_getas400exceptionin/tasks/itk_join",
    "flow-type" : "regular"
  }, {
    "source" : "${contextPath}types/processes/itk_getas400exceptionin/tasks/itk_get_exceptions_loan",
    "target" : "${contextPath}types/processes/itk_getas400exceptionin/tasks/itk_decision_split",
    "flow-type" : "regular"
  }, {
    "source" : "${contextPath}types/processes/itk_getas400exceptionin/tasks/itk_get_total_exception",
    "target" : "${contextPath}types/processes/itk_getas400exceptionin/tasks/itk_are_there_any_excep",
    "flow-type" : "regular"
  }, {
    "source" : "${contextPath}types/processes/itk_getas400exceptionin/tasks/itk_are_there_any_excep",
    "target" : "${contextPath}types/processes/itk_getas400exceptionin/tasks/itk_join",
    "flow-type" : "regular"
  }, {
    "source" : "${contextPath}types/processes/itk_getas400exceptionin/tasks/itk_are_there_any_excep",
    "target" : "${contextPath}types/processes/itk_getas400exceptionin/tasks/itk_get_exceptions_loan",
    "flow-type" : "regular"
  } ],
  "data" : {
    "packages" : [ {
      "name" : "package0",
      "label" : "package0",
      "mandatory" : false,
      "visible" : false,
      "version-label" : "CURRENT",
      "type" : "${contextPath}types/contents/xcp_dm_document",
      "input" : false,
      "output" : false
    } ],
    "variables" : [ {
      "name" : "p_exclude_loan_row",
      "label" : "p_exclude_loan_row",
      "type" : "integer",
      "repeating" : false,
      "default-value" : "0",
      "mandatory" : false,
      "input" : true,
      "output" : true
    }, {
      "name" : "p_total_rows",
      "label" : "p_total_rows",
      "type" : "integer",
      "repeating" : false,
      "default-value" : "0",
      "mandatory" : false,
      "input" : false,
      "output" : true
    }, {
      "name" : "p_loan_number",
      "label" : "p_loan_number",
      "type" : "string",
      "repeating" : false,
      "default-value" : null,
      "mandatory" : false,
      "input" : false,
      "output" : true
    }, {
      "name" : "p_property_address1",
      "label" : "p_property_address1",
      "type" : "string",
      "repeating" : false,
      "default-value" : null,
      "mandatory" : false,
      "input" : false,
      "output" : true
    }, {
      "name" : "p_property_address2",
      "label" : "p_property_address2",
      "type" : "string",
      "repeating" : false,
      "default-value" : null,
      "mandatory" : false,
      "input" : false,
      "output" : true
    }, {
      "name" : "p_property_city",
      "label" : "p_property_city",
      "type" : "string",
      "repeating" : false,
      "default-value" : null,
      "mandatory" : false,
      "input" : false,
      "output" : true
    }, {
      "name" : "p_borrower_name",
      "label" : "p_borrower_name",
      "type" : "string",
      "repeating" : false,
      "default-value" : null,
      "mandatory" : false,
      "input" : false,
      "output" : true
    }, {
      "name" : "p_policy_number",
      "label" : "p_policy_number",
      "type" : "string",
      "repeating" : false,
      "default-value" : null,
      "mandatory" : false,
      "input" : false,
      "output" : true
    }, {
      "name" : "p_property_state",
      "label" : "p_property_state",
      "type" : "string",
      "repeating" : false,
      "default-value" : null,
      "mandatory" : false,
      "input" : false,
      "output" : true
    }, {
      "name" : "p_property_zip",
      "label" : "p_property_zip",
      "type" : "string",
      "repeating" : false,
      "default-value" : null,
      "mandatory" : false,
      "input" : false,
      "output" : true
    }, {
      "name" : "p_co_borrower_name",
      "label" : "p_co_borrower_name",
      "type" : "string",
      "repeating" : false,
      "default-value" : null,
      "mandatory" : false,
      "input" : false,
      "output" : true
    }, {
      "name" : "p_loan_suffix",
      "label" : "p_loan_suffix",
      "type" : "string",
      "repeating" : false,
      "default-value" : null,
      "mandatory" : false,
      "input" : false,
      "output" : true
    }, {
      "name" : "p_vin",
      "label" : "p_vin",
      "type" : "string",
      "repeating" : false,
      "default-value" : null,
      "mandatory" : false,
      "input" : false,
      "output" : true
    }, {
      "name" : "p_business_type",
      "label" : "p_business_type",
      "type" : "string",
      "repeating" : false,
      "default-value" : null,
      "mandatory" : false,
      "input" : true,
      "output" : false
    }, {
      "name" : "p_account_no",
      "label" : "p_account_no",
      "type" : "string",
      "repeating" : false,
      "default-value" : null,
      "mandatory" : false,
      "input" : false,
      "output" : true
    }, {
      "name" : "p_effective_date",
      "label" : "p_effective_date",
      "type" : "string",
      "repeating" : false,
      "default-value" : null,
      "mandatory" : false,
      "input" : false,
      "output" : true
    }, {
      "name" : "p_expiration_date",
      "label" : "p_expiration_date",
      "type" : "string",
      "repeating" : false,
      "default-value" : null,
      "mandatory" : false,
      "input" : false,
      "output" : true
    }, {
      "name" : "p_carrier_name",
      "label" : "p_carrier_name",
      "type" : "string",
      "repeating" : false,
      "default-value" : null,
      "mandatory" : false,
      "input" : false,
      "output" : true
    }, {
      "name" : "p_carrier_phone",
      "label" : "p_carrier_phone",
      "type" : "string",
      "repeating" : false,
      "default-value" : null,
      "mandatory" : false,
      "input" : false,
      "output" : true
    }, {
      "name" : "p_cancel_date",
      "label" : "p_cancel_date",
      "type" : "string",
      "repeating" : false,
      "default-value" : null,
      "mandatory" : false,
      "input" : false,
      "output" : true
    }, {
      "name" : "p_doc_issue_date",
      "label" : "p_doc_issue_date",
      "type" : "string",
      "repeating" : false,
      "default-value" : null,
      "mandatory" : false,
      "input" : false,
      "output" : true
    }, {
      "name" : "p_coll_deduct",
      "label" : "p_coll_deduct",
      "type" : "string",
      "repeating" : false,
      "default-value" : null,
      "mandatory" : false,
      "input" : false,
      "output" : true
    }, {
      "name" : "p_comp_deduct",
      "label" : "p_comp_deduct",
      "type" : "string",
      "repeating" : false,
      "default-value" : null,
      "mandatory" : false,
      "input" : false,
      "output" : true
    }, {
      "name" : "p_exclude_loan_row2",
      "label" : "p_exclude_loan_row2",
      "type" : "integer",
      "repeating" : false,
      "default-value" : "0",
      "mandatory" : false,
      "input" : true,
      "output" : false
    }, {
      "name" : "p_collateral_year",
      "label" : "p_collateral_year",
      "type" : "string",
      "repeating" : false,
      "default-value" : null,
      "mandatory" : false,
      "input" : false,
      "output" : true
    }, {
      "name" : "p_collateral_make",
      "label" : "p_collateral_make",
      "type" : "string",
      "repeating" : false,
      "default-value" : null,
      "mandatory" : false,
      "input" : false,
      "output" : true
    }, {
      "name" : "p_collateral_model",
      "label" : "p_collateral_model",
      "type" : "string",
      "repeating" : false,
      "default-value" : null,
      "mandatory" : false,
      "input" : false,
      "output" : true
    }, {
      "name" : "p_cur_work_queue",
      "label" : "p_cur_work_queue",
      "type" : "string",
      "repeating" : false,
      "default-value" : null,
      "mandatory" : false,
      "input" : true,
      "output" : true
    }, {
      "name" : "p_trans_exp_obj_id",
      "label" : "p_trans_exp_obj_id",
      "type" : "string",
      "repeating" : false,
      "default-value" : null,
      "mandatory" : false,
      "input" : true,
      "output" : false
    }, {
      "name" : "p_carrier_address1",
      "label" : "p_carrier_address1",
      "type" : "string",
      "repeating" : false,
      "default-value" : null,
      "mandatory" : false,
      "input" : false,
      "output" : true
    }, {
      "name" : "p_insurance_co",
      "label" : "p_insurance_co",
      "type" : "string",
      "repeating" : false,
      "default-value" : null,
      "mandatory" : false,
      "input" : false,
      "output" : true
    }, {
      "name" : "p_bodily_injury_per_person",
      "label" : "p_bodily_injury_per_person",
      "type" : "string",
      "repeating" : false,
      "default-value" : null,
      "mandatory" : false,
      "input" : false,
      "output" : true
    }, {
      "name" : "p_bodily_injury_per_occ",
      "label" : "p_bodily_injury_per_occ",
      "type" : "string",
      "repeating" : false,
      "default-value" : null,
      "mandatory" : false,
      "input" : false,
      "output" : true
    }, {
      "name" : "p_property_damage_person",
      "label" : "p_property_damage_person",
      "type" : "string",
      "repeating" : false,
      "default-value" : null,
      "mandatory" : false,
      "input" : false,
      "output" : true
    }, {
      "name" : "p_uninsured_motorist_per_person",
      "label" : "p_uninsured_motorist_per_person",
      "type" : "string",
      "repeating" : false,
      "default-value" : null,
      "mandatory" : false,
      "input" : false,
      "output" : true
    }, {
      "name" : "p_uninsured_motorist_per_occ",
      "label" : "p_uninsured_motorist_per_occ",
      "type" : "string",
      "repeating" : false,
      "default-value" : null,
      "mandatory" : false,
      "input" : false,
      "output" : true
    }, {
      "name" : "p_carrier_city",
      "label" : "p_carrier_city",
      "type" : "string",
      "repeating" : false,
      "default-value" : null,
      "mandatory" : false,
      "input" : false,
      "output" : true
    }, {
      "name" : "p_carrier_state",
      "label" : "p_carrier_state",
      "type" : "string",
      "repeating" : false,
      "default-value" : null,
      "mandatory" : false,
      "input" : false,
      "output" : true
    }, {
      "name" : "p_carrier_zip",
      "label" : "p_carrier_zip",
      "type" : "string",
      "repeating" : false,
      "default-value" : null,
      "mandatory" : false,
      "input" : false,
      "output" : true
    }, {
      "name" : "p_carrier_address2",
      "label" : "p_carrier_address2",
      "type" : "string",
      "repeating" : false,
      "default-value" : null,
      "mandatory" : false,
      "input" : false,
      "output" : true
    } ]
  },
  "links" : [ {
    "rel" : "self",
    "href" : "${contextPath}types/processes/itk_getas400exceptionin"
  }, {
    "rel" : "http://identifiers.emc.com/linkrel/instances",
    "href" : "${contextPath}processes/itk_getas400exceptionin"
  }, {
    "rel" : "http://identifiers.emc.com/linkrel/halt"
  }, {
    "rel" : "http://identifiers.emc.com/linkrel/resume"
  }, {
    "rel" : "http://identifiers.emc.com/linkrel/terminate"
  }, {
    "rel" : "http://identifiers.emc.com/linkrel/tasks"
  }, {
    "rel" : "http://identifiers.emc.com/linkrel/attachments"
  } ]
}