<?xml version="1.0" encoding="UTF-8" standalone="no"?>
<!-- **************************************************************************         -->
<!-- Module Name: taskmanagercontainer_component		                                        -->
<!-- Module Description: Modify task manager container component to include 
							container component											-->
<!-- Author name: Parag Doshi											   		        -->
<!-- Date:	8-Sep-2010															        -->
<!-- Module Version No: 1.0                                                             -->
<!--****************************************************************************-->
<config version="1.0">
   <scope type="dm_notification" role="idocs_member">
      <component id="taskmanagercontainer" extends="propertysheetcontainer:wdk/config/propertysheetcontainer_component.xml">
		 <desc>
            Extends the component propertysheetcontainer. This component is 
            defined for following scopes: dm_notification, dm_queued, 
            dm_router_task, and dm_task. The definitions for dm_notification, 
            dm_queued, and dm_router_task do not contain components. 
         </desc>
         <params>
            <param name="objectId" required="true"/>
            <param name="component" required="false"/>
            <param name="taskmanagerId" required="true"/>
         </params>
         <pages>
            <start>/webcomponent/library/workflow/taskmgrcontainer/taskManagerContainer.jsp</start>
         </pages>
         <contains>
            <!-- component>taskmanager</component -->
         </contains>
         <class>com.documentum.webcomponent.library.workflow.taskmgrcontainer.TaskMgrContainer</class>
         <nlsbundle>com.documentum.webcomponent.library.workflow.taskmgrcontainer.TaskMgrContainerNlsProp</nlsbundle>
<!--~~~~~~~~~~~~~~~~~~~~~~~~~~~~~~~~~~~~~~~~~~~~~~~~~~~~~~~ Developer's Comments
# See end of file for descriptions of common parameters.
#
~~~~~~~~~~~~~~~~~~~~~~~~~~~~~~~~~~~~~~~~~~~~~~~~~~~~~~~~~~~~~~~~~~~~~~~~~~~~~-->
      </component>
   </scope>
   <scope type="dm_queued" role="idocs_member">
      <component id="taskmanagercontainer" extends="propertysheetcontainer:wdk/config/propertysheetcontainer_component.xml">
         <desc>
            Extends the component propertysheetcontainer. This component is 
            defined for following scopes: dm_notification, dm_queued, 
            dm_router_task, and dm_task. The definitions for dm_notification, 
            dm_queued, and dm_router_task do not contain components. 
         </desc>
         <params>
            <param name="objectId" required="true"/>
            <param name="component" required="false"/>
            <param name="taskmanagerId" required="true"/>
         </params>
         <pages>
            <start>/webcomponent/library/workflow/taskmgrcontainer/taskManagerContainer.jsp</start>
         </pages>
         <contains>
            <!-- component>taskmanager</component -->
         </contains>
         <class>com.documentum.webcomponent.library.workflow.taskmgrcontainer.TaskMgrContainer</class>
         <nlsbundle>com.documentum.webcomponent.library.workflow.taskmgrcontainer.TaskMgrContainerNlsProp</nlsbundle>
<!--~~~~~~~~~~~~~~~~~~~~~~~~~~~~~~~~~~~~~~~~~~~~~~~~~~~~~~~ Developer's Comments
# See end of file for descriptions of common parameters.
#
~~~~~~~~~~~~~~~~~~~~~~~~~~~~~~~~~~~~~~~~~~~~~~~~~~~~~~~~~~~~~~~~~~~~~~~~~~~~~-->
      </component>
   </scope>
   <!-- router task scope -->
   <scope type="dm_router_task" role="idocs_member">
      <component id="taskmanagercontainer" extends="propertysheetcontainer:wdk/config/propertysheetcontainer_component.xml">
         <desc>
            Extends the component propertysheetcontainer. This component is 
            defined for following scopes: dm_notification, dm_queued, 
            dm_router_task, and dm_task. The definitions for dm_notification, 
            dm_queued, and dm_router_task do not contain components. 
         </desc>
         <params>
            <param name="objectId" required="true"/>
            <param name="component" required="false"/>
            <param name="taskmanagerId" required="true"/>
         </params>
         <pages>
            <start>/webcomponent/library/workflow/taskmgrcontainer/taskManagerContainer.jsp</start>
         </pages>
         <contains>
            <!-- component>taskmanager</component -->
         </contains>
         <class>com.documentum.webcomponent.library.workflow.taskmgrcontainer.TaskMgrContainer</class>
         <nlsbundle>com.documentum.webcomponent.library.workflow.taskmgrcontainer.TaskMgrContainerNlsProp</nlsbundle>
      </component>
   </scope>
   <!-- workflow task scope -->
   <scope type="dm_task" role="idocs_member">
      <component id="taskmanagercontainer" extends="propertysheetcontainer:wdk/config/propertysheetcontainer_component.xml">
         <desc>
            Extends the component propertysheetcontainer. This component is 
            defined for following scopes: dm_notification, dm_queued, 
            dm_router_task, and dm_task. The definitions for dm_notification, 
            dm_queued, and dm_router_task do not contain components. 
         </desc>
         <params>
            <param name="objectId" required="true"/>
            <param name="component" required="false"/>
            <param name="taskmanagerId" required="true"/>
            <param name="source" required="false"/>
            <param name="projectId" required="false" />
            <param name="projectShortName" required="false" /> 
            <param name="countryName" required="false" />
            <param name="documentType" required="false" />
            <param name="countryCode" required="false" />              
         </params>
         <!-- Start-> Customization to hide tabs -->
         <pages>
            <start>/custom/jsps/taskmgrcontainer/taskManagerContainer.jsp</start>
         </pages>
         <!-- Contained components -->
         <contains>
            <!-- component>taskmanager</component -->
            <!-- component>taskcomments</component -->
            <component>taskprogress</component>
			 <component>processdiagram</component>
        </contains>
         <class>org.ifc.idocs.workflow.taskmgrcontainer.TaskMgrContainer</class>
         <nlsbundle>org.ifc.idocs.workflow.taskmgrcontainer.TaskMgrContainerNlsProp</nlsbundle>
		  <!-- End -> Customization to hide tabs -->
<!--~~~~~~~~~~~~~~~~~~~~~~~~~~~~~~~~~~~~~~~~~~~~~~~~~~~~~~~ Developer's Comments
# See end of file for descriptions of common parameters.
#
~~~~~~~~~~~~~~~~~~~~~~~~~~~~~~~~~~~~~~~~~~~~~~~~~~~~~~~~~~~~~~~~~~~~~~~~~~~~~-->
     </component>
   </scope>
</config>