{
itk_simple_transaction_:{
facet_transaction_type:{
label: "${_UI_Facet_itk_simple_transaction__facet_transaction_type_facet_transaction_type}"
}
,
facet_transaction_source:{
label: "${_UI_Facet_itk_simple_transaction__facet_transaction_source_facet_transaction_source}"
}
,
facet_transaction_status:{
label: "${_UI_Facet_itk_simple_transaction__facet_transaction_status_facet_transaction_status}"
}
,
facet_account_number:{
label: "${_UI_Facet_itk_simple_transaction__facet_account_number_facet_account_number}"
}
,
facet_received_date:{
label: "${_UI_Facet_itk_simple_transaction__facet_received_date_facet_received_date}",

values:{
"LAST_YEAR":"${_UI_Facet_itk_simple_transaction__facet_received_date_LAST_YEAR}",

"TODAY":"${_UI_Facet_itk_simple_transaction__facet_received_date_TODAY}",

"LAST_MONTH":"${_UI_Facet_itk_simple_transaction__facet_received_date_LAST_MONTH}",

"THIS_YEAR":"${_UI_Facet_itk_simple_transaction__facet_received_date_THIS_YEAR}",

"YESTERDAY":"${_UI_Facet_itk_simple_transaction__facet_received_date_YESTERDAY}",

"THIS_WEEK":"${_UI_Facet_itk_simple_transaction__facet_received_date_THIS_WEEK}",

"OLDER":"${_UI_Facet_itk_simple_transaction__facet_received_date_OLDER}",

"THIS_MONTH":"${_UI_Facet_itk_simple_transaction__facet_received_date_THIS_MONTH}"
}
}
,
facet_transaction_zip:{
label: "${_UI_Facet_itk_simple_transaction__facet_transaction_zip_facet_transaction_zip}"
}
,
facet_transaction_state:{
label: "${_UI_Facet_itk_simple_transaction__facet_transaction_state_facet_transaction_state}"
}

}
}