<?xml version="1.0" encoding="UTF-8" standalone="no"?>
 <config version="1.0">
    <scope role="idocs_member,ifc pnp parent role">
      <component id="menutabs">
             <desc>
				Displays Tabs with defined controls. 
             </desc>
         <params>
         </params>
         <pages>
            <start>/custom/jsps/menubar/idocsmenutabs.jsp</start>
         </pages>
         <class>com.documentum.webtop.webcomponent.titlebar.TitleBar</class>
         <nlsbundle>org.ifc.idocs.titlebar.TitleBarNlsProp</nlsbundle>
         <failoverenabled>true</failoverenabled>
      </component>
   </scope>
  </config>