<?xml version="1.0" encoding="UTF-8" standalone="no"?>
<!-- **************************************************************************         -->
<!-- Module Name: taskhistory_component		                                        -->
<!-- Module Description:  The customized inbox list component provides Attachment, 
						  Project Id, Project Name, Country and Workflow Name details.  -->
<!-- Author name: Parag Doshi											   		        -->
<!-- Date:	8-Sep-2010															        -->
<!-- Module Version No: 1.0                                                             -->
<!--****************************************************************************        -->
<config version="1.0">
   <scope role="idocs_member">
      <component id="taskhistory" extends="taskhistory:webcomponent/config/library/workflow/taskhistory/taskhistory_component.xml">
         <desc>
            Displays runtime or audit history of a workflow that generated a 
            specific task. It is part of the task manager component group. 
         </desc>
         <params>
            <param name="objectId" required="true"/>
         </params>
         <pages>
            <start>/custom/jsps/workflow/taskhistory/taskHistory.jsp</start>
         </pages>
         <class>org.ifc.idocs.workflow.taskhistory.TaskHistory</class>
         <nlsbundle>org.ifc.idocs.workflow.taskhistory.TaskHistoryNlsProp</nlsbundle>
         <historytype>runtime</historytype>
         <events>
            <!-- visibility of individual audit events in the history 
  NOTE: these visibility settings do not apply to runtime history -->
            <visibility name="dm_abortworkflow">true</visibility>
            <visibility name="dm_addnote">false</visibility>
            <visibility name="dm_addpackage">true</visibility>
            <visibility name="dm_autotransactivity">true</visibility>
            <visibility name="dm_changedactivityinstancestate">true</visibility>
            <visibility name="dm_changestateactivity">false</visibility>
            <visibility name="dm_changestateprocess">true</visibility>
            <visibility name="dm_changestateworkflow">true</visibility>
            <visibility name="dm_completedworkitem">true</visibility>
            <visibility name="dm_createworkflow">false</visibility>
            <visibility name="dm_delegatedworkitem">true</visibility>
            <visibility name="dm_finishworkflow">true</visibility>
            <visibility name="dm_portselect">true</visibility>
            <visibility name="dm_removenote">false</visibility>
            <visibility name="dm_removepackage">true</visibility>
            <visibility name="dm_selectedworkitem">true</visibility>
            <visibility name="dm_signoff">true</visibility>
            <visibility name="dm_startedworkitem">true</visibility>
            <visibility name="dm_startworkflow">true</visibility>
            <visibility name="dm_waitingonevent">false</visibility>
            <visibility name="dm_wf_autodelegate_failure">true</visibility>
            <visibility name="dm_wf_resolve_failure">true</visibility>
         </events>
         <helpcontextid>taskhistory</helpcontextid>
      </component>
   </scope>
</config>
<!--~~~~~~~~~~~~~~~~~~~~~~~~~~~~~~~~~~~~~~~~~~~~~~~~~~~~~~~ Developer's Comments
# Parameters
/* objectId                             (Required) ID of the task 
*/
#
# Elements
/* <historytype>                        Specifies audit or runtime. Valid 
                                        values: audit | auditorruntime (shows 
                                        audit if available) | runtime (default = 
                                        runtime) 
*/
/* <events>                             Contains <visibility> elements which 
                                        correspond to individual audit events 
*/
/* <visibility>                         Corresponds to an event. Set to true to 
                                        display the specified event. Set the 
                                        name attribute to correspond to an audit 
                                        type such as dm_signoff. 
*/
#
~~~~~~~~~~~~~~~~~~~~~~~~~~~~~~~~~~~~~~~~~~~~~~~~~~~~~~~~~~~~~~~~~~~~~~~~~~~~~-->
