{
  "name" : "task-type",
  "type" : "itk_auto_exception_task",
  "label" : "Auto Exception Task",
  "process-type" : "itk_exceptionprocess",
  "properties" : [ {
    "name" : "id",
    "label" : "id",
    "type" : "string",
    "length" : 64
  }, {
    "name" : "act_name",
    "label" : "act_name",
    "type" : "string",
    "length" : 64
  }, {
    "name" : "activity_system_name",
    "label" : "activity_system_name",
    "type" : "string",
    "length" : 64
  }, {
    "name" : "process_system_name",
    "label" : "process_system_name",
    "type" : "string",
    "length" : 64
  }, {
    "name" : "qitem_id",
    "label" : "qitem_id",
    "type" : "string",
    "length" : 64
  }, {
    "name" : "status",
    "label" : "status",
    "type" : "string",
    "length" : 64
  }, {
    "name" : "creation_date",
    "label" : "creation_date",
    "type" : "datetime"
  }, {
    "name" : "performer",
    "label" : "performer",
    "type" : "string",
    "length" : 64
  }, {
    "name" : "performer_address",
    "label" : "performer_address",
    "type" : "string",
    "length" : 64
  }, {
    "name" : "state",
    "label" : "state",
    "type" : "integer"
  }, {
    "name" : "priority",
    "label" : "priority",
    "type" : "integer"
  }, {
    "name" : "task_subject",
    "label" : "task_subject",
    "type" : "string",
    "length" : 64
  }, {
    "name" : "instructions",
    "label" : "instructions",
    "type" : "string",
    "length" : 64
  }, {
    "name" : "received_date",
    "label" : "received_date",
    "type" : "datetime"
  }, {
    "name" : "due_date",
    "label" : "due_date",
    "type" : "datetime"
  }, {
    "name" : "received_from",
    "label" : "received_from",
    "type" : "string",
    "length" : 64
  }, {
    "name" : "queue_name",
    "label" : "queue_name",
    "type" : "string",
    "length" : 64
  }, {
    "name" : "isdelegable",
    "label" : "isdelegable",
    "type" : "boolean"
  }, {
    "name" : "isrepeatable",
    "label" : "isrepeatable",
    "type" : "boolean"
  } ],
  "data" : {
    "packages" : [ {
      "name" : "package3",
      "label" : "package3",
      "mandatory" : "true",
      "visible" : "true",
      "version-label" : "CURRENT",
      "type" : "${contextPath}types/business-objects/itk_trans_decision"
    }, {
      "name" : "package2",
      "label" : "package2",
      "mandatory" : "true",
      "visible" : "true",
      "version-label" : "CURRENT",
      "type" : "${contextPath}types/business-objects/itk_trans_exception"
    }, {
      "name" : "package1",
      "label" : "package1",
      "mandatory" : "true",
      "visible" : "true",
      "version-label" : "CURRENT",
      "type" : "${contextPath}types/business-objects/itk_trans_edit"
    }, {
      "name" : "package0",
      "label" : "package0",
      "mandatory" : "true",
      "visible" : "true",
      "version-label" : "CURRENT",
      "type" : "${contextPath}types/contents/itk_transaction"
    }, {
      "name" : "package4",
      "label" : "package4",
      "mandatory" : "true",
      "visible" : "true",
      "version-label" : "CURRENT",
      "type" : "${contextPath}types/business-objects/itk_as400_output"
    } ],
    "variables" : [ {
      "name" : "p_current_wq_priority",
      "label" : "p_current_wq_priority",
      "type" : "string",
      "repeating" : false,
      "default-value" : null,
      "mandatory" : false,
      "visible" : true,
      "use" : "internal"
    }, {
      "name" : "p_task_status_display",
      "label" : "p_task_status_display",
      "type" : "string",
      "repeating" : false,
      "default-value" : null,
      "mandatory" : false,
      "visible" : true,
      "use" : "internal"
    }, {
      "name" : "p_exception_total",
      "label" : "p_exception_total",
      "type" : "integer",
      "repeating" : false,
      "default-value" : "0",
      "mandatory" : false,
      "visible" : true,
      "use" : "internal"
    }, {
      "name" : "p_current_wq_category",
      "label" : "p_current_wq_category",
      "type" : "string",
      "repeating" : false,
      "default-value" : null,
      "mandatory" : false,
      "visible" : true,
      "use" : "internal"
    } ]
  },
  "links" : [ {
    "rel" : "self",
    "href" : "${contextPath}types/processes/itk_exceptionprocess/tasks/itk_auto_exception_task"
  }, {
    "rel" : "http://identifiers.emc.com/linkrel/instances",
    "href" : "${contextPath}processes/itk_exceptionprocess/tasks/itk_auto_exception_task"
  }, {
    "rel" : "up"
  }, {
    "rel" : "http://identifiers.emc.com/linkrel/acquire"
  }, {
    "rel" : "http://identifiers.emc.com/linkrel/complete"
  }, {
    "rel" : "http://identifiers.emc.com/linkrel/reject"
  }, {
    "rel" : "http://identifiers.emc.com/linkrel/repeat"
  }, {
    "rel" : "http://identifiers.emc.com/linkrel/halt"
  }, {
    "rel" : "http://identifiers.emc.com/linkrel/resume"
  }, {
    "rel" : "http://identifiers.emc.com/linkrel/hold"
  }, {
    "rel" : "http://identifiers.emc.com/linkrel/unhold"
  }, {
    "rel" : "edit"
  }, {
    "rel" : "http://identifiers.emc.com/linkrel/assign"
  }, {
    "rel" : "http://identifiers.emc.com/linkrel/reassign"
  }, {
    "rel" : "http://identifiers.emc.com/linkrel/unassign"
  }, {
    "rel" : "http://identifiers.emc.com/linkrel/changeworkqueue"
  }, {
    "rel" : "http://identifiers.emc.com/linkrel/attachments"
  } ]
}