{
  "name" : "process-type",
  "type" : "itk_imqcgetparkedtasklist",
  "label" : "IMQCGetParkedTaskList",
  "runnable-stateless" : true,
  "urn" : "urn:itk:com.emc.ide.artifact.process:Artifacts/Processes/imqcgetparkedtasklist.process",
  "properties" : [ {
    "name" : "process_id",
    "label" : "process_id",
    "type" : "string",
    "length" : 64
  }, {
    "name" : "status",
    "label" : "status",
    "type" : "string",
    "length" : 64
  }, {
    "name" : "id",
    "label" : "id",
    "type" : "string",
    "length" : 64
  }, {
    "name" : "r_runtime_state",
    "label" : "r_runtime_state",
    "type" : "integer"
  }, {
    "name" : "correlation_identifier",
    "label" : "correlation_identifier",
    "type" : "string",
    "length" : 64
  }, {
    "name" : "object_name",
    "label" : "object_name",
    "type" : "string",
    "length" : 64
  }, {
    "name" : "r_creator_name",
    "label" : "r_creator_name",
    "type" : "string",
    "length" : 64
  }, {
    "name" : "r_start_date",
    "label" : "r_start_date",
    "type" : "datetime"
  }, {
    "name" : "supervisor_name",
    "label" : "supervisor_name",
    "type" : "string",
    "length" : 64
  }, {
    "name" : "supervisor_address",
    "label" : "supervisor_address",
    "type" : "string",
    "length" : 64
  } ],
  "tasks" : [ {
    "rel" : "http://identifiers.emc.com/linkrel/task",
    "href" : "${contextPath}types/processes/itk_imqcgetparkedtasklist/tasks/itk_initiate"
  }, {
    "rel" : "http://identifiers.emc.com/linkrel/task",
    "href" : "${contextPath}types/processes/itk_imqcgetparkedtasklist/tasks/itk_get_all_tasks"
  }, {
    "rel" : "http://identifiers.emc.com/linkrel/task",
    "href" : "${contextPath}types/processes/itk_imqcgetparkedtasklist/tasks/itk_tasks_filtered_by_r"
  }, {
    "rel" : "http://identifiers.emc.com/linkrel/task",
    "href" : "${contextPath}types/processes/itk_imqcgetparkedtasklist/tasks/itk_decision_split"
  }, {
    "rel" : "http://identifiers.emc.com/linkrel/task",
    "href" : "${contextPath}types/processes/itk_imqcgetparkedtasklist/tasks/itk_join"
  } ],
  "flows" : [ {
    "source" : "${contextPath}types/processes/itk_imqcgetparkedtasklist/tasks/itk_initiate",
    "target" : "${contextPath}types/processes/itk_imqcgetparkedtasklist/tasks/itk_decision_split",
    "flow-type" : "regular"
  }, {
    "source" : "${contextPath}types/processes/itk_imqcgetparkedtasklist/tasks/itk_decision_split",
    "target" : "${contextPath}types/processes/itk_imqcgetparkedtasklist/tasks/itk_get_all_tasks",
    "flow-type" : "regular"
  }, {
    "source" : "${contextPath}types/processes/itk_imqcgetparkedtasklist/tasks/itk_get_all_tasks",
    "target" : "${contextPath}types/processes/itk_imqcgetparkedtasklist/tasks/itk_join",
    "flow-type" : "regular"
  }, {
    "source" : "${contextPath}types/processes/itk_imqcgetparkedtasklist/tasks/itk_decision_split",
    "target" : "${contextPath}types/processes/itk_imqcgetparkedtasklist/tasks/itk_tasks_filtered_by_r",
    "flow-type" : "regular"
  }, {
    "source" : "${contextPath}types/processes/itk_imqcgetparkedtasklist/tasks/itk_tasks_filtered_by_r",
    "target" : "${contextPath}types/processes/itk_imqcgetparkedtasklist/tasks/itk_join",
    "flow-type" : "regular"
  } ],
  "data" : {
    "variables" : [ {
      "name" : "p_followup_reason",
      "label" : "p_followup_reason",
      "type" : "string",
      "repeating" : false,
      "default-value" : null,
      "mandatory" : false,
      "input" : true,
      "output" : false
    }, {
      "name" : "p_current_user",
      "label" : "p_current_user",
      "type" : "string",
      "repeating" : false,
      "default-value" : null,
      "mandatory" : false,
      "input" : true,
      "output" : false
    }, {
      "name" : "p_transaction_id",
      "label" : "p_transaction_id",
      "type" : "string",
      "repeating" : true,
      "default-value" : null,
      "mandatory" : false,
      "input" : false,
      "output" : true
    }, {
      "name" : "p_object_name",
      "label" : "p_object_name",
      "type" : "string",
      "repeating" : true,
      "default-value" : null,
      "mandatory" : false,
      "input" : false,
      "output" : true
    }, {
      "name" : "p_received_date",
      "label" : "p_received_date",
      "type" : "datetime",
      "repeating" : true,
      "default-value" : null,
      "mandatory" : false,
      "input" : false,
      "output" : true
    }, {
      "name" : "p_followup_date",
      "label" : "p_followup_date",
      "type" : "datetime",
      "repeating" : true,
      "default-value" : null,
      "mandatory" : false,
      "input" : false,
      "output" : true
    }, {
      "name" : "p_object_id",
      "label" : "p_object_id",
      "type" : "string",
      "repeating" : true,
      "default-value" : null,
      "mandatory" : false,
      "input" : false,
      "output" : true
    }, {
      "name" : "p_agent_email",
      "label" : "p_agent_email",
      "type" : "string",
      "repeating" : true,
      "default-value" : null,
      "mandatory" : false,
      "input" : false,
      "output" : true
    } ]
  },
  "links" : [ {
    "rel" : "self",
    "href" : "${contextPath}types/processes/itk_imqcgetparkedtasklist"
  }, {
    "rel" : "http://identifiers.emc.com/linkrel/instances",
    "href" : "${contextPath}processes/itk_imqcgetparkedtasklist"
  }, {
    "rel" : "http://identifiers.emc.com/linkrel/halt"
  }, {
    "rel" : "http://identifiers.emc.com/linkrel/resume"
  }, {
    "rel" : "http://identifiers.emc.com/linkrel/terminate"
  }, {
    "rel" : "http://identifiers.emc.com/linkrel/tasks"
  }, {
    "rel" : "http://identifiers.emc.com/linkrel/attachments"
  } ]
}