<?xml version="1.0" encoding="UTF-8" standalone="no"?>
<!-- **************************************************************************         -->
<!-- Module Name: discussionuserorgrouplocator_component	                                        -->
<!-- Module Description: discussionuserorgrouplocator component is used to provide list 
						 of users for sending mails for comments added for discussion
						 of the document												-->
<!-- Author name: Parag Doshi											   		        -->
<!-- Date:	8-Sep-2010															        -->
<!-- Module Version No: 1.0                                                             -->
<!--****************************************************************************-->
<config version="1.0">
   <scope role="idocs_member">
      <component id="discussionuserorgrouplocator" extends="userorgrouplocator:webcomponent/config/library/locator/userorgrouplocator_component.xml">
         <desc>
            This component is used to locate active users or groups in a 
            repository. The component allows a user to navigate from usergroups 
            to find a user or group. 
         </desc>
         <columns>
            <!-- NOTE: the first column, user_name or group_name is always visible -->
            <!-- NOTE: 'true' to show, 'false' to hide, 'singleselect' to show when single select is on, 'multiselect' to show when multiselect is on  -->
           <!--   <column attribute="address_">false</column> -->
            <!-- dm_user.user_address or dm_group.group_address; not use "address" as an alias causes a parser error-->
          <!--  <column attribute="description">singleselect</column>
            <column attribute="r_modify_date">false</column>
            <column attribute="user_os_name">singleselect</column>
            <column attribute="workflow_disabled">false</column>
            <column attribute="owner_name">singleselect</column> -->

            <column attribute="address_">false</column>
            <!-- dm_user.user_address or dm_group.group_address; not use "address" as an alias causes a parser error-->
            <column attribute="description">false</column>
            <column attribute="r_modify_date">false</column>
            <column attribute="user_os_name">false</column>
            <column attribute="workflow_disabled">false</column>
            <column attribute="owner_name">false</column>
         </columns>
         <pages>
            <start>/custom/jsps/locator/discussionuserorgrouplocator.jsp</start>
         </pages>
        <class>org.ifc.idocs.locator.DiscussionUserOrGroupLocator</class>
         <nlsbundle>com.documentum.webcomponent.library.locator.UserOrGroupLocatorNlsProp</nlsbundle>

        <!--   <class>com.documentum.webcomponent.library.locator.ActiveUserOrGroupLocator</class>-->
         <filter role="dce_user_manager, administrator">
            <includeunlisted>false</includeunlisted>
         </filter>
         <!-- the (logical) base type of the docbase type. Logically a group is also a user -->
         <objecttype>dm_user</objecttype>
         <containerselectable>true</containerselectable>
         <flatlist>false</flatlist>
         <privategroupvisible>false</privategroupvisible>
         <workqueuegroupvisible>false</workqueuegroupvisible>
         <views>
            <view applyto="5.0">
               <queryfiltersets>
                  <queryfilterset>
                     <queryfilter>
                        <displayname>
                           <nlsid>MSG_HIDE_GROUPS</nlsid>
                        </displayname>
                        <excludetypes>dm_group</excludetypes>
                     </queryfilter>
                  </queryfilterset>
               </queryfiltersets>
            </view>
            <view applyto="4.x">
               <queryfiltersets>
                  <queryfilterset>
                     <queryfilter>
                        <displayname>
                           <nlsid>MSG_HIDE_GROUPS</nlsid>
                        </displayname>
                        <excludetypes>dm_group</excludetypes>
                     </queryfilter>
                  </queryfilterset>
               </queryfiltersets>
            </view>
         </views>
         <preset_item id="group_filter">
            <selection>
               <entries>
                  <entry></entry>
               </entries>
            </selection>
         </preset_item>
         <helpcontextid>userorgrouplocator</helpcontextid>
<!--~~~~~~~~~~~~~~~~~~~~~~~~~~~~~~~~~~~~~~~~~~~~~~~~~~~~~~~ Developer's Comments
# Parameters
/* arrangeselect                        (Optional) Boolean: Set to true to allow 
                                        selection of users in a sequential 
                                        order. 
*/
/* flatlist                             (Optional) Boolean: Set to true to list 
                                        objects in a flat list. 
*/
/* multiselect                          (Optional) Boolean: Set to true to 
                                        support multiple object selection. 
*/
/* objecttype                           (Optional) ID of the selected object 
*/
#
# Elements
/* <objecttype>                         Base type to be located 
*/
/* <containerselectable>                Boolean: Set to true to specify that the 
                                        container type is selectable when the 
                                        container is a subtype of the 
                                        objecttype. 
*/
/* <flatlist>                           Boolean: Set to true to display a flat 
                                        list of all selectable objects. 
*/
/* <views>                              Contains <view> elements 
*/
/* <view>                               View element configures root (cabinet 
                                        view), container, and flatlist views. 
                                        The applyto attribute must specify one 
                                        or more of the views in a 
                                        comma-separated list, for example, 
                                        applyto='root,container,flatlist'. 
*/
/* <queryfiltersets>                    Contains <queryfilterset> elements that 
                                        present a drop-down list that will be 
                                        visible if there is more than one filter 
                                        (<queryfilterset>) defined. 
*/
/* <queryfilterset>                     Contains a set of queries contained in 
                                        <queryfilter> elements that filter the 
                                        selection list, for example, folders 
                                        only. Defines one dropdown item. Each 
                                        view can contain up to three filter 
                                        sets. 
*/
/* <queryfilter>                        Each filter contains a DQL query: select 
                                        <includetypes> from <containertypes> not 
                                        <excludetypes> where <attribute> 
                                        <predicate> <value> <and> <attribute> 
                                        <predicate> <value> ... 
*/
/* <queryfilter>.<displayname>          Specifies the name to be displayed for 
                                        the queryfilter. Can contain a <nlsid> 
                                        element or text string. 
*/
/* <queryfilter>.<containertypes>       Comma-separated list of navigable object 
                                        types, such as dm_cabinet, dm_folder. 
*/
/* <includetypes>                       Optional element (cannot be more than 
                                        one instance of this element) that 
                                        specifies a comma-separated list of 
                                        Documentum types to be included in the 
                                        view. The container must be listed along 
                                        with the subtypes within the container, 
                                        for example, dm_folder, dm_document 
*/
/* <excludetypes>                       Optional element (cannot be more than 
                                        one instance of this element) that 
                                        specifies the type of object to be 
                                        excluded from the view. if a container 
                                        type is not one of the subtypes listed 
                                        in this tag, the containers are not 
                                        listed. If a container type is listed, 
                                        the objects of the container type will 
                                        be hidden, for example, dm_folder, 
                                        dm_document hides all folders or 
                                        documents. 
*/
/* <attributefilters>                   Cannot be more than one instance of this 
                                        element. Contains <attributefilter> sets 
                                        that filter objects based on their 
                                        attributes 
*/
/* <attributefilter>                    Contains <and>, <attribute>, 
                                        <predicate>, and <value> to compose an 
                                        attribute filter 
*/
/* <and>                                Boolean: true to combine attribute 
                                        filters, false to perform OR filter 
                                        (single tag only) 
*/
/* <attribute>                          (Required) String attribute name, for 
                                        example, a_content_type (single tag 
                                        only) 
*/
/* <predicate>                          Contains a logical operation such as 
                                        equals. Valid values: sw (starts with), 
                                        ew (ends with), co (contains), nc (not 
                                        contains), eq (equal), ne (not equal), 
                                        gt (greater than), ge (greater than or 
                                        equal), lt (less than), le (less than or 
                                        equal) 
*/
/* <value>                              Use the attribute dqlformatted='false' 
                                        to quote and escape a value. Use the 
                                        attribute casesensitive='true' to 
                                        require a case-sensitive comparison 
                                        (must be true for integer attributes on 
                                        Content Server/DB2 environment) 
*/
/* <columns>                            Contains <column> elements to display or 
                                        hide attributes 
*/
/* <column>                             True to display a column of attribute 
                                        values. The attribute to be displayed is 
                                        specified as the value of the 
                                        "attribute" attribute. For example, 
                                        <column attribute='owner_name'. Valid 
                                        values of this element: false | true | 
                                        singleselect | multiselect. The first 
                                        value hides the column, the last three 
                                        make the column visible. Set to 
                                        singleselect to allow only one selection 
                                        from the located components, multiselect 
                                        to allow multiple selection. 
*/
/* <includeunlisted>                    TBD.
*/
#
~~~~~~~~~~~~~~~~~~~~~~~~~~~~~~~~~~~~~~~~~~~~~~~~~~~~~~~~~~~~~~~~~~~~~~~~~~~~~-->
      </component>
      <component id="discussionuserorgrouplocatorcontainer" extends="locatorcontainer:custom/config/library/locator/locatorcontainer_component.xml">
         <desc>
            Container for simple user-or-group locator used in 
            sendtodistributionlist. 
         </desc>
         <params>
            <param name="objecttype" required="false"/>
            <param name="flatlist" required="false"/>
            <param name="repository" required="false"/>
            <param name="multiselect" required="false"/>
            <param name="arrangeselect" required="false"/>
            <param name="selectedobjectids" required="false"/>
            <param name="projectId" required="false"/>
            <param name="type" required="false"/>
            <param name="documentID" required="false"/>
         </params>
         <nlsbundle>com.documentum.webcomponent.library.locator.WfUserOrGroupLocatorContainerNlsProp</nlsbundle>
         <contains>
            <!-- <component>component-id</component> -->
            <!-- etc.                                -->
            <component>discussionuserorgrouplocator</component>
            <component>showtopic</component>
         </contains>
<!--~~~~~~~~~~~~~~~~~~~~~~~~~~~~~~~~~~~~~~~~~~~~~~~~~~~~~~~ Developer's Comments
# Parameters
/* arrangeselect                        (Optional) Boolean: Set to true to allow 
                                        selection of users in a sequential 
                                        order. 
*/
/* flatlist                             (Optional) Boolean: Set to true to list 
                                        objects in a flat list. 
*/
/* multiselect                          (Optional) Boolean: Set to true to 
                                        support multiple object selection. 
*/
/* objecttype                           (Optional) The type of the selected 
                                        object 
*/
/* repository                           (Optional) ID of the repository in which 
                                        to search 
*/
/* selectedobjectids                    (Optional) IDs of objects that are 
                                        selected when the component is displayed 
*/
#
~~~~~~~~~~~~~~~~~~~~~~~~~~~~~~~~~~~~~~~~~~~~~~~~~~~~~~~~~~~~~~~~~~~~~~~~~~~~~-->
      </component>
   </scope>
</config>
