<?xml version="1.0" encoding="UTF-8" standalone="no"?>
<!-- **************************************************************************         -->
<!-- Module Name: locatorcontainer_component		                                        -->
<!-- Module Description: locatorcontainer is used to provide framework to provide list 
						 of users and to, cc, bcc fields in locatorcontainer jsp		-->
<!-- Author name: Parag Doshi											   		        -->
<!-- Date:	8-Sep-2010															        -->
<!-- Module Version No: 1.0                                                             -->
<!--****************************************************************************-->
<config version="1.0">
   <scope role="idocs_member">
      <component id="locatorcontainer" extends="propertysheetcontainer:wdk/config/propertysheetcontainer_component.xml">
         <desc>
            Extends the container component propertysheetcontainer. This 
            serves as a base locator container component. 
         </desc>
         <params>
            <param name="objecttype" required="false"/>
            <param name="flatlist" required="false"/>
            <param name="repository" required="false"/>
            <param name="folderId" required="false"/>
            <param name="multiselect" required="false"/>
            <param name="selectedobjectids" required="false"/>
            <param name="storelist" required="false"/>
         </params>
         <pages>
            <filter clientenv="not appintg">
               <start>/custom/jsps/locator/locatorcontainer.jsp</start>
            </filter>
            <filter clientenv="appintg">
               <start>/webcomponent/library/locator/appintglocatorcontainer.jsp</start>
            </filter>
         </pages>
         <multidocbasesupport>false</multidocbasesupport>
         <class>com.documentum.webcomponent.library.locator.LocatorContainer</class>
         <nlsbundle>com.documentum.webcomponent.library.locator.LocatorContainerNlsProp</nlsbundle>
         <contains>
         </contains>
      </component>
   </scope>
</config>
<!--~~~~~~~~~~~~~~~~~~~~~~~~~~~~~~~~~~~~~~~~~~~~~~~~~~~~~~~ Developer's Comments
# Parameters
/* flatlist                             (Optional) Boolean: Set to true to list 
                                        all objects in a flat list, set to false 
                                        to display objects in a drop-down list. 
*/
/* folderId                             (Optional) The ID number of the folder 
                                        in which to begin the search. 
*/
/* multiselect                          (Optional) Boolean: Set to true to 
                                        support multiple object selection. 
*/
/* objecttype                           (Optional) Type of the selected object 
*/
/* repository                           (Optional) The docbase in which to 
                                        search 
*/
/* selectedobjectids                    (Optional) Comma-delimited or 
                                        semicolon-delimited list of object IDs 
                                        that are initially selected 
*/
#
# Elements
/* <multidocbasesupport>                Set value to true to enable the locator 
                                        to search across repositories 
*/
#
~~~~~~~~~~~~~~~~~~~~~~~~~~~~~~~~~~~~~~~~~~~~~~~~~~~~~~~~~~~~~~~~~~~~~~~~~~~~~-->
