<?xml version="1.0" encoding="UTF-8" standalone="no"?>
<!-- **************************************************************************         -->
<!-- Module Name: userorgrouplocator_component            	                                    -->
<!-- Module Description: This custom component is used to get list of users who are 
						related to project, while providing access to them					-->
<!-- Author name: Parag Doshi											   		        -->
<!-- Date:	8-Sep-2010															        -->
<!-- Module Version No: 1.0                                                             -->
<!--****************************************************************************-->
<config version="1.0">
   <scope type='idocs_document' role="idocs_member">
      <component id="userorgrouplocator" extends="userorgrouplocator:webcomponent/config/library/locator/userorgrouplocator_component.xml">
         <desc>
            Extends the component userorgrouplocator and locates users and groups 
            in a repository. 
         </desc>
		 <params>
		 	<param name="documentId" required="false"/>
			<param name="objecttype" required="false"/>
			<param name="flatlist" required="false"/>
			<param name="multiselect" required="false"/>
			<param name="arrangeselect" required="false"/>
			<param name="callerComponent" required="false"/>
		 </params>
         <pages>
            <start>/custom/jsps/locator/userorgrouplocator.jsp</start>
         </pages>
         <class>org.ifc.idocs.locator.UserOrGroupLocator</class>
         <nlsbundle>org.ifc.idocs.locator.UserOrGroupLocatorNlsProp</nlsbundle>
         <failoverenabled>true</failoverenabled>
         <iconwell_icon>icons/iconwell/iconwell_all.gif</iconwell_icon>
         <columns>
            <!-- NOTE: the first column, user_name or group_name is always visible -->
            <!-- NOTE: 'true' to show, 'false' to hide, 'singleselect' to show when single select is on, 'multiselect' to show when multiselect is on  -->
            <column attribute="address_">false</column>
            <column attribute="description">singleselect</column>
            <column attribute="r_modify_date">false</column>
            <column attribute="user_os_name">singleselect</column>
            <column attribute="workflow_disabled">false</column>
            <column attribute="owner_name">singleselect</column>
         </columns>
         <!-- the (logical) base type of the docbase type. Logically a group is also a user -->
         <objecttype>dm_user</objecttype>
         <containerselectable>true</containerselectable>
         <flatlist>false</flatlist>
         <privategroupvisible>false</privategroupvisible>
         <workqueuegroupvisible>false</workqueuegroupvisible>
         <views>
            <view applyto="5.0">
               <queryfiltersets>
                  <queryfilterset>
                     <queryfilter>
                        <displayname>
                           <nlsid>MSG_SHOW_ALL_50</nlsid>
                        </displayname>
                        <containertypes>dm_group</containertypes>
                     </queryfilter>
                     <queryfilter>
                        <displayname>
                           <nlsid>MSG_HIDE_GROUPS</nlsid>
                        </displayname>
                        <excludetypes>dm_group</excludetypes>
                     </queryfilter>
                     <queryfilter>
                        <displayname>
                           <nlsid>MSG_HIDE_USERS</nlsid>
                        </displayname>
                        <containertypes>dm_group</containertypes>
                        <includetypes>dm_group</includetypes>
                        <attributefilters>
                           <attributefilter>
                              <attribute>group_class</attribute>
                              <predicate>ne</predicate>
                              <value dqlformatted="false">role</value>
                           </attributefilter>
                        </attributefilters>
                     </queryfilter>
                     <queryfilter>
                        <displayname>
                           <nlsid>MSG_SHOW_ROLES</nlsid>
                        </displayname>
                        <containertypes>dm_group</containertypes>
                        <includetypes>dm_group</includetypes>
                        <attributefilters>
                           <attributefilter>
                              <attribute>group_class</attribute>
                              <predicate>eq</predicate>
                              <value dqlformatted="false">role</value>
                           </attributefilter>
                        </attributefilters>
                     </queryfilter>
                  </queryfilterset>
               </queryfiltersets>
            </view>
            <view applyto="4.x">
               <queryfiltersets>
                  <queryfilterset>
                     <queryfilter>
                        <displayname>
                           <nlsid>MSG_SHOW_ALL_4X</nlsid>
                        </displayname>
                        <containertypes>dm_group</containertypes>
                     </queryfilter>
                     <queryfilter>
                        <displayname>
                           <nlsid>MSG_HIDE_GROUPS</nlsid>
                        </displayname>
                        <excludetypes>dm_group</excludetypes>
                     </queryfilter>
                     <queryfilter>
                        <displayname>
                           <nlsid>MSG_HIDE_USERS</nlsid>
                        </displayname>
                        <!-- show groups before users, groups are navigatable -->
                        <containertypes>dm_group</containertypes>
                        <includetypes>dm_group</includetypes>
                     </queryfilter>
                  </queryfilterset>
               </queryfiltersets>
            </view>
         </views>
         <preset_item id="group_filter">
            <selection>
               <entries>
                  <entry></entry>
               </entries>
            </selection>
         </preset_item>
         <helpcontextid>userorgrouplocator</helpcontextid>
      </component>

	  <component id="userorgrouplocatorcontainer" extends="userorgrouplocatorcontainer:webcomponent/config/library/locator/userorgrouplocator_component.xml">
         <desc>
            Extends the component userorgrouplocatorcontainer and contains the locator 
            components userorgrouplocator and recentuserorgrouplocator. 
         </desc>
		 <params>
			<param name="documentId" required="false"/>
			<param name="objecttype" required="false"/>
			<param name="flatlist" required="false"/>
			<param name="multiselect" required="false"/>
			<param name="arrangeselect" required="false"/>
			<param name="selectedobjectids" required="false"/>
			<param name="callerComponent" required="false"/>
		 </params>
         <nlsbundle>org.ifc.idocs.locator.UserOrGroupLocatorContainerNlsProp</nlsbundle>
         <failoverenabled>true</failoverenabled>
         <contains>
            <!-- <component>component-id</component> -->
            <!-- etc.                                -->
            <component>userorgrouplocator</component>
            <!-- <component>recentuserorgrouplocator</component>  -->
         </contains>
      </component>
   </scope>
</config>
