{
  "name" : "process-type",
  "type" : "itk_executematchexception",
  "label" : "ExecuteMatchException",
  "runnable-stateless" : true,
  "urn" : "urn:itk:com.emc.ide.artifact.process:Artifacts/Processes/executematchexception.process",
  "properties" : [ {
    "name" : "process_id",
    "label" : "process_id",
    "type" : "string",
    "length" : 64
  }, {
    "name" : "status",
    "label" : "status",
    "type" : "string",
    "length" : 64
  }, {
    "name" : "id",
    "label" : "id",
    "type" : "string",
    "length" : 64
  }, {
    "name" : "r_runtime_state",
    "label" : "r_runtime_state",
    "type" : "integer"
  }, {
    "name" : "correlation_identifier",
    "label" : "correlation_identifier",
    "type" : "string",
    "length" : 64
  }, {
    "name" : "object_name",
    "label" : "object_name",
    "type" : "string",
    "length" : 64
  }, {
    "name" : "r_creator_name",
    "label" : "r_creator_name",
    "type" : "string",
    "length" : 64
  }, {
    "name" : "r_start_date",
    "label" : "r_start_date",
    "type" : "datetime"
  }, {
    "name" : "supervisor_name",
    "label" : "supervisor_name",
    "type" : "string",
    "length" : 64
  }, {
    "name" : "supervisor_address",
    "label" : "supervisor_address",
    "type" : "string",
    "length" : 64
  } ],
  "tasks" : [ {
    "rel" : "http://identifiers.emc.com/linkrel/task",
    "href" : "${contextPath}types/processes/itk_executematchexception/tasks/itk_initiate"
  }, {
    "rel" : "http://identifiers.emc.com/linkrel/task",
    "href" : "${contextPath}types/processes/itk_executematchexception/tasks/itk_execute_no_match_pr"
  }, {
    "rel" : "http://identifiers.emc.com/linkrel/task",
    "href" : "${contextPath}types/processes/itk_executematchexception/tasks/itk_get_total_number_of"
  }, {
    "rel" : "http://identifiers.emc.com/linkrel/task",
    "href" : "${contextPath}types/processes/itk_executematchexception/tasks/itk_redirect_back_to_sa"
  }, {
    "rel" : "http://identifiers.emc.com/linkrel/task",
    "href" : "${contextPath}types/processes/itk_executematchexception/tasks/itk_are_ther_more_loan_"
  }, {
    "rel" : "http://identifiers.emc.com/linkrel/task",
    "href" : "${contextPath}types/processes/itk_executematchexception/tasks/itk_no_more_loan_except"
  }, {
    "rel" : "http://identifiers.emc.com/linkrel/task",
    "href" : "${contextPath}types/processes/itk_executematchexception/tasks/itk_join"
  }, {
    "rel" : "http://identifiers.emc.com/linkrel/task",
    "href" : "${contextPath}types/processes/itk_executematchexception/tasks/itk_which_process_type"
  }, {
    "rel" : "http://identifiers.emc.com/linkrel/task",
    "href" : "${contextPath}types/processes/itk_executematchexception/tasks/itk_execute_match_proce"
  }, {
    "rel" : "http://identifiers.emc.com/linkrel/task",
    "href" : "${contextPath}types/processes/itk_executematchexception/tasks/itk_execute_reprocess_p"
  }, {
    "rel" : "http://identifiers.emc.com/linkrel/task",
    "href" : "${contextPath}types/processes/itk_executematchexception/tasks/itk_compete_task"
  }, {
    "rel" : "http://identifiers.emc.com/linkrel/task",
    "href" : "${contextPath}types/processes/itk_executematchexception/tasks/itk_call_get_processor_"
  }, {
    "rel" : "http://identifiers.emc.com/linkrel/task",
    "href" : "${contextPath}types/processes/itk_executematchexception/tasks/itk_are_there_more_item"
  }, {
    "rel" : "http://identifiers.emc.com/linkrel/task",
    "href" : "${contextPath}types/processes/itk_executematchexception/tasks/itk_acquire_task"
  }, {
    "rel" : "http://identifiers.emc.com/linkrel/task",
    "href" : "${contextPath}types/processes/itk_executematchexception/tasks/itk_is_processor_role"
  }, {
    "rel" : "http://identifiers.emc.com/linkrel/task",
    "href" : "${contextPath}types/processes/itk_executematchexception/tasks/itk_set_bypass_flag"
  }, {
    "rel" : "http://identifiers.emc.com/linkrel/task",
    "href" : "${contextPath}types/processes/itk_executematchexception/tasks/itk_emc_concurrency_wor"
  } ],
  "flows" : [ {
    "source" : "${contextPath}types/processes/itk_executematchexception/tasks/itk_get_total_number_of",
    "target" : "${contextPath}types/processes/itk_executematchexception/tasks/itk_are_ther_more_loan_",
    "flow-type" : "regular"
  }, {
    "source" : "${contextPath}types/processes/itk_executematchexception/tasks/itk_are_ther_more_loan_",
    "target" : "${contextPath}types/processes/itk_executematchexception/tasks/itk_redirect_back_to_sa",
    "flow-type" : "regular"
  }, {
    "source" : "${contextPath}types/processes/itk_executematchexception/tasks/itk_redirect_back_to_sa",
    "target" : "${contextPath}types/processes/itk_executematchexception/tasks/itk_join",
    "flow-type" : "regular"
  }, {
    "source" : "${contextPath}types/processes/itk_executematchexception/tasks/itk_no_more_loan_except",
    "target" : "${contextPath}types/processes/itk_executematchexception/tasks/itk_join",
    "flow-type" : "regular"
  }, {
    "source" : "${contextPath}types/processes/itk_executematchexception/tasks/itk_initiate",
    "target" : "${contextPath}types/processes/itk_executematchexception/tasks/itk_which_process_type",
    "flow-type" : "regular"
  }, {
    "source" : "${contextPath}types/processes/itk_executematchexception/tasks/itk_which_process_type",
    "target" : "${contextPath}types/processes/itk_executematchexception/tasks/itk_execute_no_match_pr",
    "flow-type" : "regular"
  }, {
    "source" : "${contextPath}types/processes/itk_executematchexception/tasks/itk_which_process_type",
    "target" : "${contextPath}types/processes/itk_executematchexception/tasks/itk_execute_match_proce",
    "flow-type" : "regular"
  }, {
    "source" : "${contextPath}types/processes/itk_executematchexception/tasks/itk_which_process_type",
    "target" : "${contextPath}types/processes/itk_executematchexception/tasks/itk_execute_reprocess_p",
    "flow-type" : "regular"
  }, {
    "source" : "${contextPath}types/processes/itk_executematchexception/tasks/itk_are_ther_more_loan_",
    "target" : "${contextPath}types/processes/itk_executematchexception/tasks/itk_compete_task",
    "flow-type" : "regular"
  }, {
    "source" : "${contextPath}types/processes/itk_executematchexception/tasks/itk_call_get_processor_",
    "target" : "${contextPath}types/processes/itk_executematchexception/tasks/itk_are_there_more_item",
    "flow-type" : "regular"
  }, {
    "source" : "${contextPath}types/processes/itk_executematchexception/tasks/itk_are_there_more_item",
    "target" : "${contextPath}types/processes/itk_executematchexception/tasks/itk_join",
    "flow-type" : "regular"
  }, {
    "source" : "${contextPath}types/processes/itk_executematchexception/tasks/itk_are_there_more_item",
    "target" : "${contextPath}types/processes/itk_executematchexception/tasks/itk_no_more_loan_except",
    "flow-type" : "regular"
  }, {
    "source" : "${contextPath}types/processes/itk_executematchexception/tasks/itk_acquire_task",
    "target" : "${contextPath}types/processes/itk_executematchexception/tasks/itk_redirect_back_to_sa",
    "flow-type" : "regular"
  }, {
    "source" : "${contextPath}types/processes/itk_executematchexception/tasks/itk_execute_no_match_pr",
    "target" : "${contextPath}types/processes/itk_executematchexception/tasks/itk_get_total_number_of",
    "flow-type" : "regular"
  }, {
    "source" : "${contextPath}types/processes/itk_executematchexception/tasks/itk_execute_match_proce",
    "target" : "${contextPath}types/processes/itk_executematchexception/tasks/itk_get_total_number_of",
    "flow-type" : "regular"
  }, {
    "source" : "${contextPath}types/processes/itk_executematchexception/tasks/itk_execute_reprocess_p",
    "target" : "${contextPath}types/processes/itk_executematchexception/tasks/itk_get_total_number_of",
    "flow-type" : "regular"
  }, {
    "source" : "${contextPath}types/processes/itk_executematchexception/tasks/itk_compete_task",
    "target" : "${contextPath}types/processes/itk_executematchexception/tasks/itk_is_processor_role",
    "flow-type" : "regular"
  }, {
    "source" : "${contextPath}types/processes/itk_executematchexception/tasks/itk_is_processor_role",
    "target" : "${contextPath}types/processes/itk_executematchexception/tasks/itk_call_get_processor_",
    "flow-type" : "regular"
  }, {
    "source" : "${contextPath}types/processes/itk_executematchexception/tasks/itk_is_processor_role",
    "target" : "${contextPath}types/processes/itk_executematchexception/tasks/itk_set_bypass_flag",
    "flow-type" : "regular"
  }, {
    "source" : "${contextPath}types/processes/itk_executematchexception/tasks/itk_set_bypass_flag",
    "target" : "${contextPath}types/processes/itk_executematchexception/tasks/itk_call_get_processor_",
    "flow-type" : "regular"
  }, {
    "source" : "${contextPath}types/processes/itk_executematchexception/tasks/itk_which_process_type",
    "target" : "${contextPath}types/processes/itk_executematchexception/tasks/itk_emc_concurrency_wor",
    "flow-type" : "regular"
  }, {
    "source" : "${contextPath}types/processes/itk_executematchexception/tasks/itk_emc_concurrency_wor",
    "target" : "${contextPath}types/processes/itk_executematchexception/tasks/itk_acquire_task",
    "flow-type" : "regular"
  } ],
  "data" : {
    "variables" : [ {
      "name" : "p_trans_obj_id",
      "label" : "p_trans_obj_id",
      "type" : "string",
      "repeating" : false,
      "default-value" : null,
      "mandatory" : false,
      "input" : true,
      "output" : false
    }, {
      "name" : "p_trans_exception_obj_id",
      "label" : "p_trans_exception_obj_id",
      "type" : "string",
      "repeating" : false,
      "default-value" : null,
      "mandatory" : false,
      "input" : true,
      "output" : false
    }, {
      "name" : "p_loan_number",
      "label" : "p_loan_number",
      "type" : "string",
      "repeating" : false,
      "default-value" : null,
      "mandatory" : false,
      "input" : true,
      "output" : false
    }, {
      "name" : "p_loan_suffix",
      "label" : "p_loan_suffix",
      "type" : "string",
      "repeating" : false,
      "default-value" : null,
      "mandatory" : false,
      "input" : true,
      "output" : false
    }, {
      "name" : "p_cur_work_queue",
      "label" : "p_cur_work_queue",
      "type" : "string",
      "repeating" : false,
      "default-value" : null,
      "mandatory" : false,
      "input" : true,
      "output" : true
    }, {
      "name" : "p_total_number_exception",
      "label" : "p_total_number_exception",
      "type" : "integer",
      "repeating" : false,
      "default-value" : null,
      "mandatory" : false,
      "input" : false,
      "output" : false
    }, {
      "name" : "p_page_rediret",
      "label" : "p_page_rediret",
      "type" : "string",
      "repeating" : false,
      "default-value" : null,
      "mandatory" : false,
      "input" : false,
      "output" : true
    }, {
      "name" : "p_workflow_id",
      "label" : "p_workflow_id",
      "type" : "string",
      "repeating" : false,
      "default-value" : null,
      "mandatory" : false,
      "input" : true,
      "output" : false
    }, {
      "name" : "p_workflow_item_id",
      "label" : "p_workflow_item_id",
      "type" : "string",
      "repeating" : false,
      "default-value" : null,
      "mandatory" : false,
      "input" : true,
      "output" : false
    }, {
      "name" : "p_workflow_task_id",
      "label" : "p_workflow_task_id",
      "type" : "string",
      "repeating" : false,
      "default-value" : null,
      "mandatory" : false,
      "input" : true,
      "output" : false
    }, {
      "name" : "p_process_type",
      "label" : "p_process_type",
      "type" : "string",
      "repeating" : false,
      "default-value" : null,
      "mandatory" : false,
      "input" : true,
      "output" : false
    }, {
      "name" : "p_performer",
      "label" : "p_performer",
      "type" : "string",
      "repeating" : false,
      "default-value" : null,
      "mandatory" : false,
      "input" : false,
      "output" : false
    }, {
      "name" : "p_iir_vin",
      "label" : "p_iir_vin",
      "type" : "string",
      "repeating" : false,
      "default-value" : null,
      "mandatory" : false,
      "input" : true,
      "output" : false
    }, {
      "name" : "p_iir_policy_no",
      "label" : "p_iir_policy_no",
      "type" : "string",
      "repeating" : false,
      "default-value" : null,
      "mandatory" : false,
      "input" : true,
      "output" : false
    }, {
      "name" : "p_prop_match_uid",
      "label" : "p_prop_match_uid",
      "type" : "string",
      "repeating" : false,
      "default-value" : null,
      "mandatory" : false,
      "input" : true,
      "output" : false
    }, {
      "name" : "p_prop_collateral_id",
      "label" : "p_prop_collateral_id",
      "type" : "string",
      "repeating" : false,
      "default-value" : null,
      "mandatory" : false,
      "input" : true,
      "output" : false
    }, {
      "name" : "p_prop_collateral_year",
      "label" : "p_prop_collateral_year",
      "type" : "string",
      "repeating" : false,
      "default-value" : null,
      "mandatory" : false,
      "input" : true,
      "output" : false
    }, {
      "name" : "p_prop_collateral_make",
      "label" : "p_prop_collateral_make",
      "type" : "string",
      "repeating" : false,
      "default-value" : null,
      "mandatory" : false,
      "input" : true,
      "output" : false
    }, {
      "name" : "p_prop_collateral_model",
      "label" : "p_prop_collateral_model",
      "type" : "string",
      "repeating" : false,
      "default-value" : null,
      "mandatory" : false,
      "input" : true,
      "output" : false
    }, {
      "name" : "p_prop_policy_no",
      "label" : "p_prop_policy_no",
      "type" : "string",
      "repeating" : false,
      "default-value" : null,
      "mandatory" : false,
      "input" : true,
      "output" : false
    }, {
      "name" : "p_prop_borrower_name",
      "label" : "p_prop_borrower_name",
      "type" : "string",
      "repeating" : false,
      "default-value" : null,
      "mandatory" : false,
      "input" : true,
      "output" : false
    }, {
      "name" : "p_prop_address_1",
      "label" : "p_prop_address_1",
      "type" : "string",
      "repeating" : false,
      "default-value" : null,
      "mandatory" : false,
      "input" : true,
      "output" : false
    }, {
      "name" : "p_prop_city",
      "label" : "p_prop_city",
      "type" : "string",
      "repeating" : false,
      "default-value" : null,
      "mandatory" : false,
      "input" : true,
      "output" : false
    }, {
      "name" : "p_prop_state_name",
      "label" : "p_prop_state_name",
      "type" : "string",
      "repeating" : false,
      "default-value" : null,
      "mandatory" : false,
      "input" : true,
      "output" : false
    }, {
      "name" : "p_prop_zip",
      "label" : "p_prop_zip",
      "type" : "string",
      "repeating" : false,
      "default-value" : null,
      "mandatory" : false,
      "input" : true,
      "output" : false
    }, {
      "name" : "p_prop_loan_number",
      "label" : "p_prop_loan_number",
      "type" : "string",
      "repeating" : false,
      "default-value" : null,
      "mandatory" : false,
      "input" : true,
      "output" : false
    }, {
      "name" : "p_prop_loan_suffix",
      "label" : "p_prop_loan_suffix",
      "type" : "string",
      "repeating" : false,
      "default-value" : null,
      "mandatory" : false,
      "input" : true,
      "output" : false
    }, {
      "name" : "p_prop_trans_comments",
      "label" : "p_prop_trans_comments",
      "type" : "string",
      "repeating" : false,
      "default-value" : null,
      "mandatory" : false,
      "input" : true,
      "output" : false
    }, {
      "name" : "p_is_get_last_item",
      "label" : "p_is_get_last_item",
      "type" : "boolean",
      "repeating" : false,
      "default-value" : "true",
      "mandatory" : false,
      "input" : true,
      "output" : false
    }, {
      "name" : "p_are_there_more_items",
      "label" : "p_are_there_more_items",
      "type" : "boolean",
      "repeating" : false,
      "default-value" : "false",
      "mandatory" : false,
      "input" : false,
      "output" : false
    }, {
      "name" : "p_prop_coborrower_name",
      "label" : "p_prop_coborrower_name",
      "type" : "string",
      "repeating" : false,
      "default-value" : null,
      "mandatory" : false,
      "input" : true,
      "output" : false
    }, {
      "name" : "p_prop_account_number",
      "label" : "p_prop_account_number",
      "type" : "string",
      "repeating" : false,
      "default-value" : null,
      "mandatory" : false,
      "input" : true,
      "output" : false
    }, {
      "name" : "p_account_number",
      "label" : "p_account_number",
      "type" : "string",
      "repeating" : false,
      "default-value" : null,
      "mandatory" : false,
      "input" : true,
      "output" : false
    }, {
      "name" : "p_current_role",
      "label" : "p_current_role",
      "type" : "string",
      "repeating" : false,
      "default-value" : null,
      "mandatory" : false,
      "input" : true,
      "output" : false
    } ]
  },
  "links" : [ {
    "rel" : "self",
    "href" : "${contextPath}types/processes/itk_executematchexception"
  }, {
    "rel" : "http://identifiers.emc.com/linkrel/instances",
    "href" : "${contextPath}processes/itk_executematchexception"
  }, {
    "rel" : "http://identifiers.emc.com/linkrel/halt"
  }, {
    "rel" : "http://identifiers.emc.com/linkrel/resume"
  }, {
    "rel" : "http://identifiers.emc.com/linkrel/terminate"
  }, {
    "rel" : "http://identifiers.emc.com/linkrel/tasks"
  }, {
    "rel" : "http://identifiers.emc.com/linkrel/attachments"
  } ]
}