{
  "name" : "process-type",
  "type" : "itk_gettransactionaudittrailinfo",
  "label" : "GetTransactionAuditTrailInfo",
  "runnable-stateless" : true,
  "urn" : "urn:itk:com.emc.ide.artifact.process:Artifacts/Processes/gettransactionaudittrailinfo.process",
  "properties" : [ {
    "name" : "process_id",
    "label" : "process_id",
    "type" : "string",
    "length" : 64
  }, {
    "name" : "status",
    "label" : "status",
    "type" : "string",
    "length" : 64
  }, {
    "name" : "id",
    "label" : "id",
    "type" : "string",
    "length" : 64
  }, {
    "name" : "r_runtime_state",
    "label" : "r_runtime_state",
    "type" : "integer"
  }, {
    "name" : "correlation_identifier",
    "label" : "correlation_identifier",
    "type" : "string",
    "length" : 64
  }, {
    "name" : "object_name",
    "label" : "object_name",
    "type" : "string",
    "length" : 64
  }, {
    "name" : "r_creator_name",
    "label" : "r_creator_name",
    "type" : "string",
    "length" : 64
  }, {
    "name" : "r_start_date",
    "label" : "r_start_date",
    "type" : "datetime"
  }, {
    "name" : "supervisor_name",
    "label" : "supervisor_name",
    "type" : "string",
    "length" : 64
  }, {
    "name" : "supervisor_address",
    "label" : "supervisor_address",
    "type" : "string",
    "length" : 64
  } ],
  "tasks" : [ {
    "rel" : "http://identifiers.emc.com/linkrel/task",
    "href" : "${contextPath}types/processes/itk_gettransactionaudittrailinfo/tasks/itk_initiate"
  }, {
    "rel" : "http://identifiers.emc.com/linkrel/task",
    "href" : "${contextPath}types/processes/itk_gettransactionaudittrailinfo/tasks/itk_exclude_system_acco"
  }, {
    "rel" : "http://identifiers.emc.com/linkrel/task",
    "href" : "${contextPath}types/processes/itk_gettransactionaudittrailinfo/tasks/itk_return_system_accou"
  }, {
    "rel" : "http://identifiers.emc.com/linkrel/task",
    "href" : "${contextPath}types/processes/itk_gettransactionaudittrailinfo/tasks/itk_show_all_accounts"
  }, {
    "rel" : "http://identifiers.emc.com/linkrel/task",
    "href" : "${contextPath}types/processes/itk_gettransactionaudittrailinfo/tasks/itk_show_specific_user_"
  }, {
    "rel" : "http://identifiers.emc.com/linkrel/task",
    "href" : "${contextPath}types/processes/itk_gettransactionaudittrailinfo/tasks/itk_prep_username_param"
  }, {
    "rel" : "http://identifiers.emc.com/linkrel/task",
    "href" : "${contextPath}types/processes/itk_gettransactionaudittrailinfo/tasks/itk_join"
  } ],
  "flows" : [ {
    "source" : "${contextPath}types/processes/itk_gettransactionaudittrailinfo/tasks/itk_return_system_accou",
    "target" : "${contextPath}types/processes/itk_gettransactionaudittrailinfo/tasks/itk_exclude_system_acco",
    "flow-type" : "regular"
  }, {
    "source" : "${contextPath}types/processes/itk_gettransactionaudittrailinfo/tasks/itk_return_system_accou",
    "target" : "${contextPath}types/processes/itk_gettransactionaudittrailinfo/tasks/itk_show_all_accounts",
    "flow-type" : "regular"
  }, {
    "source" : "${contextPath}types/processes/itk_gettransactionaudittrailinfo/tasks/itk_initiate",
    "target" : "${contextPath}types/processes/itk_gettransactionaudittrailinfo/tasks/itk_return_system_accou",
    "flow-type" : "regular"
  }, {
    "source" : "${contextPath}types/processes/itk_gettransactionaudittrailinfo/tasks/itk_return_system_accou",
    "target" : "${contextPath}types/processes/itk_gettransactionaudittrailinfo/tasks/itk_prep_username_param",
    "flow-type" : "regular"
  }, {
    "source" : "${contextPath}types/processes/itk_gettransactionaudittrailinfo/tasks/itk_prep_username_param",
    "target" : "${contextPath}types/processes/itk_gettransactionaudittrailinfo/tasks/itk_show_specific_user_",
    "flow-type" : "regular"
  }, {
    "source" : "${contextPath}types/processes/itk_gettransactionaudittrailinfo/tasks/itk_exclude_system_acco",
    "target" : "${contextPath}types/processes/itk_gettransactionaudittrailinfo/tasks/itk_join",
    "flow-type" : "regular"
  }, {
    "source" : "${contextPath}types/processes/itk_gettransactionaudittrailinfo/tasks/itk_show_all_accounts",
    "target" : "${contextPath}types/processes/itk_gettransactionaudittrailinfo/tasks/itk_join",
    "flow-type" : "regular"
  }, {
    "source" : "${contextPath}types/processes/itk_gettransactionaudittrailinfo/tasks/itk_show_specific_user_",
    "target" : "${contextPath}types/processes/itk_gettransactionaudittrailinfo/tasks/itk_join",
    "flow-type" : "regular"
  } ],
  "data" : {
    "variables" : [ {
      "name" : "p_user_name",
      "label" : "p_user_name",
      "type" : "string",
      "repeating" : false,
      "default-value" : null,
      "mandatory" : false,
      "input" : true,
      "output" : false
    }, {
      "name" : "p_transaction_id",
      "label" : "p_transaction_id",
      "type" : "string",
      "repeating" : false,
      "default-value" : null,
      "mandatory" : false,
      "input" : true,
      "output" : false
    }, {
      "name" : "p_user_temp_val",
      "label" : "p_user_temp_val",
      "type" : "string",
      "repeating" : false,
      "default-value" : null,
      "mandatory" : false,
      "input" : false,
      "output" : false
    }, {
      "name" : "p_last_changed",
      "label" : "p_last_changed",
      "type" : "datetime",
      "repeating" : true,
      "default-value" : null,
      "mandatory" : false,
      "input" : false,
      "output" : true
    }, {
      "name" : "p_changed_by",
      "label" : "p_changed_by",
      "type" : "string",
      "repeating" : true,
      "default-value" : null,
      "mandatory" : false,
      "input" : false,
      "output" : true
    }, {
      "name" : "p_account_no",
      "label" : "p_account_no",
      "type" : "string",
      "repeating" : true,
      "default-value" : null,
      "mandatory" : false,
      "input" : false,
      "output" : true
    }, {
      "name" : "p_policy_no",
      "label" : "p_policy_no",
      "type" : "string",
      "repeating" : true,
      "default-value" : null,
      "mandatory" : false,
      "input" : false,
      "output" : true
    }, {
      "name" : "p_policy_holder",
      "label" : "p_policy_holder",
      "type" : "string",
      "repeating" : true,
      "default-value" : null,
      "mandatory" : false,
      "input" : false,
      "output" : true
    }, {
      "name" : "p_effective_date",
      "label" : "p_effective_date",
      "type" : "datetime",
      "repeating" : true,
      "default-value" : null,
      "mandatory" : false,
      "input" : false,
      "output" : true
    }, {
      "name" : "p_expiration_date",
      "label" : "p_expiration_date",
      "type" : "datetime",
      "repeating" : true,
      "default-value" : null,
      "mandatory" : false,
      "input" : false,
      "output" : true
    }, {
      "name" : "p_insurance_co",
      "label" : "p_insurance_co",
      "type" : "string",
      "repeating" : true,
      "default-value" : null,
      "mandatory" : false,
      "input" : false,
      "output" : true
    }, {
      "name" : "p_agent_name",
      "label" : "p_agent_name",
      "type" : "string",
      "repeating" : true,
      "default-value" : null,
      "mandatory" : false,
      "input" : false,
      "output" : true
    }, {
      "name" : "p_agent_address1",
      "label" : "p_agent_address1",
      "type" : "string",
      "repeating" : true,
      "default-value" : null,
      "mandatory" : false,
      "input" : false,
      "output" : true
    }, {
      "name" : "p_agent_address2",
      "label" : "p_agent_address2",
      "type" : "string",
      "repeating" : true,
      "default-value" : null,
      "mandatory" : false,
      "input" : false,
      "output" : true
    }, {
      "name" : "p_agent_city",
      "label" : "p_agent_city",
      "type" : "string",
      "repeating" : true,
      "default-value" : null,
      "mandatory" : false,
      "input" : false,
      "output" : true
    }, {
      "name" : "p_agent_state",
      "label" : "p_agent_state",
      "type" : "string",
      "repeating" : true,
      "default-value" : null,
      "mandatory" : false,
      "input" : false,
      "output" : true
    }, {
      "name" : "p_agent_zip",
      "label" : "p_agent_zip",
      "type" : "string",
      "repeating" : true,
      "default-value" : null,
      "mandatory" : false,
      "input" : false,
      "output" : true
    }, {
      "name" : "p_agent_phone",
      "label" : "p_agent_phone",
      "type" : "string",
      "repeating" : true,
      "default-value" : null,
      "mandatory" : false,
      "input" : false,
      "output" : true
    }, {
      "name" : "p_cancel_date",
      "label" : "p_cancel_date",
      "type" : "datetime",
      "repeating" : true,
      "default-value" : null,
      "mandatory" : false,
      "input" : false,
      "output" : true
    }, {
      "name" : "p_reinstate_date",
      "label" : "p_reinstate_date",
      "type" : "datetime",
      "repeating" : true,
      "default-value" : null,
      "mandatory" : false,
      "input" : false,
      "output" : true
    }, {
      "name" : "p_doc_issue_date",
      "label" : "p_doc_issue_date",
      "type" : "datetime",
      "repeating" : true,
      "default-value" : null,
      "mandatory" : false,
      "input" : false,
      "output" : true
    }, {
      "name" : "p_comp_decuctible",
      "label" : "p_comp_decuctible",
      "type" : "float",
      "repeating" : true,
      "default-value" : null,
      "mandatory" : false,
      "input" : false,
      "output" : true
    }, {
      "name" : "p_coll_deductible",
      "label" : "p_coll_deductible",
      "type" : "float",
      "repeating" : true,
      "default-value" : null,
      "mandatory" : false,
      "input" : false,
      "output" : true
    }, {
      "name" : "p_bipp",
      "label" : "p_bipp",
      "type" : "float",
      "repeating" : true,
      "default-value" : null,
      "mandatory" : false,
      "input" : false,
      "output" : true
    }, {
      "name" : "p_bipo",
      "label" : "p_bipo",
      "type" : "float",
      "repeating" : true,
      "default-value" : null,
      "mandatory" : false,
      "input" : false,
      "output" : true
    }, {
      "name" : "p_pdpo",
      "label" : "p_pdpo",
      "type" : "float",
      "repeating" : true,
      "default-value" : null,
      "mandatory" : false,
      "input" : false,
      "output" : true
    }, {
      "name" : "o_uimpo",
      "label" : "o_uimpo",
      "type" : "float",
      "repeating" : true,
      "default-value" : null,
      "mandatory" : false,
      "input" : false,
      "output" : true
    }, {
      "name" : "p_uimpp",
      "label" : "p_uimpp",
      "type" : "float",
      "repeating" : true,
      "default-value" : null,
      "mandatory" : false,
      "input" : false,
      "output" : true
    }, {
      "name" : "p_transact_id",
      "label" : "p_transact_id",
      "type" : "string",
      "repeating" : true,
      "default-value" : null,
      "mandatory" : false,
      "input" : false,
      "output" : true
    }, {
      "name" : "p_exclude_sys_accts",
      "label" : "p_exclude_sys_accts",
      "type" : "boolean",
      "repeating" : false,
      "default-value" : "false",
      "mandatory" : false,
      "input" : true,
      "output" : false
    }, {
      "name" : "p_transact_vin",
      "label" : "p_transact_vin",
      "type" : "string",
      "repeating" : true,
      "default-value" : null,
      "mandatory" : false,
      "input" : false,
      "output" : true
    } ]
  },
  "links" : [ {
    "rel" : "self",
    "href" : "${contextPath}types/processes/itk_gettransactionaudittrailinfo"
  }, {
    "rel" : "http://identifiers.emc.com/linkrel/instances",
    "href" : "${contextPath}processes/itk_gettransactionaudittrailinfo"
  }, {
    "rel" : "http://identifiers.emc.com/linkrel/halt"
  }, {
    "rel" : "http://identifiers.emc.com/linkrel/resume"
  }, {
    "rel" : "http://identifiers.emc.com/linkrel/terminate"
  }, {
    "rel" : "http://identifiers.emc.com/linkrel/tasks"
  }, {
    "rel" : "http://identifiers.emc.com/linkrel/attachments"
  } ]
}