{
  "name" : "process-type",
  "type" : "xcp_taskhistory",
  "label" : "taskhistory",
  "runnable-stateless" : true,
  "urn" : "urn:xcp:com.emc.ide.artifact.process:Artifacts/Processes/taskhistory.process",
  "properties" : [ {
    "name" : "process_id",
    "label" : "process_id",
    "type" : "string",
    "length" : 64
  }, {
    "name" : "status",
    "label" : "status",
    "type" : "string",
    "length" : 64
  }, {
    "name" : "id",
    "label" : "id",
    "type" : "string",
    "length" : 64
  }, {
    "name" : "r_runtime_state",
    "label" : "r_runtime_state",
    "type" : "integer"
  }, {
    "name" : "correlation_identifier",
    "label" : "correlation_identifier",
    "type" : "string",
    "length" : 64
  }, {
    "name" : "object_name",
    "label" : "object_name",
    "type" : "string",
    "length" : 64
  }, {
    "name" : "r_creator_name",
    "label" : "r_creator_name",
    "type" : "string",
    "length" : 64
  }, {
    "name" : "r_start_date",
    "label" : "r_start_date",
    "type" : "datetime"
  }, {
    "name" : "supervisor_name",
    "label" : "supervisor_name",
    "type" : "string",
    "length" : 64
  }, {
    "name" : "supervisor_address",
    "label" : "supervisor_address",
    "type" : "string",
    "length" : 64
  } ],
  "tasks" : [ {
    "rel" : "http://identifiers.emc.com/linkrel/task",
    "href" : "${contextPath}types/processes/xcp_taskhistory/tasks/xcp_initiate"
  }, {
    "rel" : "http://identifiers.emc.com/linkrel/task",
    "href" : "${contextPath}types/processes/xcp_taskhistory/tasks/xcp_read_from_repositor"
  } ],
  "flows" : [ {
    "source" : "${contextPath}types/processes/xcp_taskhistory/tasks/xcp_initiate",
    "target" : "${contextPath}types/processes/xcp_taskhistory/tasks/xcp_read_from_repositor",
    "flow-type" : "regular"
  } ],
  "data" : {
    "variables" : [ {
      "name" : "process_instance_id",
      "label" : "process_instance_id",
      "type" : "string",
      "repeating" : false,
      "default-value" : "",
      "mandatory" : false,
      "input" : true,
      "output" : false
    }, {
      "name" : "performer",
      "label" : "performer",
      "type" : "string",
      "repeating" : true,
      "default-value" : "",
      "mandatory" : false,
      "input" : false,
      "output" : true
    }, {
      "name" : "date",
      "label" : "date",
      "type" : "datetime",
      "repeating" : true,
      "default-value" : null,
      "mandatory" : false,
      "input" : false,
      "output" : true
    }, {
      "name" : "activity_name",
      "label" : "activity_name",
      "type" : "string",
      "repeating" : true,
      "default-value" : "",
      "mandatory" : false,
      "input" : false,
      "output" : true
    }, {
      "name" : "status",
      "label" : "status",
      "type" : "integer",
      "repeating" : true,
      "default-value" : "",
      "mandatory" : false,
      "input" : false,
      "output" : true
    } ]
  },
  "links" : [ {
    "rel" : "self",
    "href" : "${contextPath}types/processes/xcp_taskhistory"
  }, {
    "rel" : "http://identifiers.emc.com/linkrel/instances",
    "href" : "${contextPath}processes/xcp_taskhistory"
  }, {
    "rel" : "http://identifiers.emc.com/linkrel/halt"
  }, {
    "rel" : "http://identifiers.emc.com/linkrel/resume"
  }, {
    "rel" : "http://identifiers.emc.com/linkrel/terminate"
  }, {
    "rel" : "http://identifiers.emc.com/linkrel/tasks"
  }, {
    "rel" : "http://identifiers.emc.com/linkrel/attachments"
  } ]
}