{
  "cls" : "itk_dm_document_dm_document_chk",
  "padding" : "0",
  "border" : false,
  "xtype" : "xcp_form",
  "models" : [ "xcp_dm_document" ],
  "items" : [ {
    "xtype" : "xcp_action_container",
    "actions" : [ ]
  }, {
    "xtype" : "xcp_uievent_publisher",
    "plugins" : [ {
      "ptype" : "xcp_publish_uievents",
      "publish" : [ ]
    } ]
  }, {
    "xtype" : "xcp_fragment_input",
    "plugins" : [ {
      "ptype" : "xcp_expression_properties",
      "expression" : [ ]
    } ]
  }, {
    "xtype" : "xcp_fragment_output",
    "plugins" : [ {
      "ptype" : "xcp_expression_properties",
      "expression" : [ {
        "propertyId" : "model",
        "setterFunName" : "setOutputValue",
        "etype" : "itk_dm_document_chk_model_1",
        "events" : [ "xcp_dm_document.change", "xcp_dm_document.load" ],
        "disableInitialEval" : false
      }, {
        "propertyId" : "model.object_name",
        "setterFunName" : "setModelAttributeValue",
        "etype" : "itk_dm_document_chk_model_object_name_1",
        "events" : [ "object_name.change" ],
        "disableInitialEval" : false
      } ]
    } ]
  }, {
    "xcpId" : "columnvbox",
    "xtype" : "xcp_columnvbox",
    "orientation" : "Vertical",
    "width" : "100%",
    "split" : true,
    "overflow_x" : "hidden",
    "labelWidth" : 150,
    "labelAlign" : "left",
    "halign" : "left",
    "valign" : "top",
    "defaultMargins" : "5",
    "items" : [ {
      "xcpId" : "object_name",
      "xtype" : "xcp_text_input",
      "fieldLabel" : "${_UI_Page_xcp_dm_document_chk_object_name_fieldLabel}",
      "hstretch" : true,
      "valueType" : "STRING",
      "name" : "xcp_dm_document@object_name"
    } ]
  } ]
}