<?xml version="1.0" encoding="UTF-8" standalone="no"?>
<!-- **************************************************************************         -->
<!-- Module Name: idocs_document_clipboard_actions		                                -->
<!-- Module Description: This action is used to be provided an option “Add to clipboard”
						 for move/copy/link the document to other level 2 subfolder.	-->
<!-- Author name: Parag Doshi											   		        -->
<!-- Date:	8-Sep-2010															        -->
<!-- Module Version No: 1.0                                                             -->
<!--************************************************************************************-->
<config version="1.0">
   <scope role="idocs_member" type="idocs_doc, idocs_project_doc, idocs_institution_doc, idocs_country_doc, idocs_folder, idocs_project_folder, idocs_institution_folder, idocs_country_folder, idocs_sub_folder">
      <action id="addtoclipboard" extends="addtoclipboard:webcomponent/config/environment/clipboard/dm_sysobject_clipboard_actions.xml">
         <preconditions>
            
             <!--<precondition class="org.ifc.idocs.environment.actions.AddToClipboardActionPrecondition">
            </precondition>-->
            <precondition class="com.documentum.web.formext.action.RolePrecondition">
               <role>contributor</role>
            </precondition>
         </preconditions>
         <execution class="com.documentum.webcomponent.environment.actions.AddToClipboardAction">
         </execution>
      </action>
      
      <action id="copy" extends="copy:webcomponent/config/environment/clipboard/dm_sysobject_clipboard_actions.xml">
         <execution class="org.ifc.idocs.environment.actions.IDocsCopyAction">
         	<nlsbundle>org.ifc.idocs.clipboard.ClipboardErrorsNlsProp</nlsbundle>
         </execution>
      </action>
      
      <action id="move" extends="move:webcomponent/config/environment/clipboard/dm_sysobject_clipboard_actions.xml">
         <execution class="org.ifc.idocs.environment.actions.IDocsMoveAction">
         	<nlsbundle>org.ifc.idocs.clipboard.ClipboardErrorsNlsProp</nlsbundle>
         </execution>
      </action>
   </scope>
</config>
