{
  "name" : "process-type",
  "type" : "itk_checkifuserisruleadmin",
  "label" : "CheckIfUserIsRuleAdmin",
  "runnable-stateless" : true,
  "urn" : "urn:itk:com.emc.ide.artifact.process:Artifacts/Processes/checkifuserisruleadmin.process",
  "properties" : [ {
    "name" : "process_id",
    "label" : "process_id",
    "type" : "string",
    "length" : 64
  }, {
    "name" : "status",
    "label" : "status",
    "type" : "string",
    "length" : 64
  }, {
    "name" : "id",
    "label" : "id",
    "type" : "string",
    "length" : 64
  }, {
    "name" : "r_runtime_state",
    "label" : "r_runtime_state",
    "type" : "integer"
  }, {
    "name" : "correlation_identifier",
    "label" : "correlation_identifier",
    "type" : "string",
    "length" : 64
  }, {
    "name" : "object_name",
    "label" : "object_name",
    "type" : "string",
    "length" : 64
  }, {
    "name" : "r_creator_name",
    "label" : "r_creator_name",
    "type" : "string",
    "length" : 64
  }, {
    "name" : "r_start_date",
    "label" : "r_start_date",
    "type" : "datetime"
  }, {
    "name" : "supervisor_name",
    "label" : "supervisor_name",
    "type" : "string",
    "length" : 64
  }, {
    "name" : "supervisor_address",
    "label" : "supervisor_address",
    "type" : "string",
    "length" : 64
  } ],
  "tasks" : [ {
    "rel" : "http://identifiers.emc.com/linkrel/task",
    "href" : "${contextPath}types/processes/itk_checkifuserisruleadmin/tasks/itk_read_from_repositor"
  }, {
    "rel" : "http://identifiers.emc.com/linkrel/task",
    "href" : "${contextPath}types/processes/itk_checkifuserisruleadmin/tasks/itk_initiate"
  }, {
    "rel" : "http://identifiers.emc.com/linkrel/task",
    "href" : "${contextPath}types/processes/itk_checkifuserisruleadmin/tasks/itk_set_rule_admin_true"
  }, {
    "rel" : "http://identifiers.emc.com/linkrel/task",
    "href" : "${contextPath}types/processes/itk_checkifuserisruleadmin/tasks/itk_decision_split"
  }, {
    "rel" : "http://identifiers.emc.com/linkrel/task",
    "href" : "${contextPath}types/processes/itk_checkifuserisruleadmin/tasks/itk_join"
  } ],
  "flows" : [ {
    "source" : "${contextPath}types/processes/itk_checkifuserisruleadmin/tasks/itk_set_rule_admin_true",
    "target" : "${contextPath}types/processes/itk_checkifuserisruleadmin/tasks/itk_join",
    "flow-type" : "regular"
  }, {
    "source" : "${contextPath}types/processes/itk_checkifuserisruleadmin/tasks/itk_decision_split",
    "target" : "${contextPath}types/processes/itk_checkifuserisruleadmin/tasks/itk_join",
    "flow-type" : "regular"
  }, {
    "source" : "${contextPath}types/processes/itk_checkifuserisruleadmin/tasks/itk_decision_split",
    "target" : "${contextPath}types/processes/itk_checkifuserisruleadmin/tasks/itk_set_rule_admin_true",
    "flow-type" : "regular"
  }, {
    "source" : "${contextPath}types/processes/itk_checkifuserisruleadmin/tasks/itk_initiate",
    "target" : "${contextPath}types/processes/itk_checkifuserisruleadmin/tasks/itk_read_from_repositor",
    "flow-type" : "regular"
  }, {
    "source" : "${contextPath}types/processes/itk_checkifuserisruleadmin/tasks/itk_read_from_repositor",
    "target" : "${contextPath}types/processes/itk_checkifuserisruleadmin/tasks/itk_decision_split",
    "flow-type" : "regular"
  } ],
  "data" : {
    "variables" : [ {
      "name" : "p_user_name",
      "label" : "p_user_name",
      "type" : "string",
      "repeating" : false,
      "default-value" : null,
      "mandatory" : false,
      "input" : true,
      "output" : false
    }, {
      "name" : "p_count",
      "label" : "p_count",
      "type" : "integer",
      "repeating" : false,
      "default-value" : null,
      "mandatory" : false,
      "input" : false,
      "output" : false
    }, {
      "name" : "p_is_rule_admin",
      "label" : "p_is_rule_admin",
      "type" : "boolean",
      "repeating" : false,
      "default-value" : "false",
      "mandatory" : false,
      "input" : false,
      "output" : true
    } ]
  },
  "links" : [ {
    "rel" : "self",
    "href" : "${contextPath}types/processes/itk_checkifuserisruleadmin"
  }, {
    "rel" : "http://identifiers.emc.com/linkrel/instances",
    "href" : "${contextPath}processes/itk_checkifuserisruleadmin"
  }, {
    "rel" : "http://identifiers.emc.com/linkrel/halt"
  }, {
    "rel" : "http://identifiers.emc.com/linkrel/resume"
  }, {
    "rel" : "http://identifiers.emc.com/linkrel/terminate"
  }, {
    "rel" : "http://identifiers.emc.com/linkrel/tasks"
  }, {
    "rel" : "http://identifiers.emc.com/linkrel/attachments"
  } ]
}