<?xml version="1.0" encoding="UTF-8" standalone="no"?>
<!-- Confidential Property of Documentum, Inc.                             -->
<!-- (c) Copyright Documentum, Inc. 2001.                                  -->
<!-- All Rights reserved.                                                  -->
<!-- May not be used without prior written agreement                       -->
<!-- signed by a Documentum corporate officer.                             -->
<!--                                                                       -->
<!-- Component: report details summary                                     -->
<!-- Scope: None                                                           -->
<!-- Revision    $Revision: 4$                                              -->
<!-- Modified on $Date: 5/12/2008 4:12:34 PM$                              -->
<config version="1.0">
   <scope role="idocs_member">
      <component id="reportdetailssummarylist" extends="reportdetailssummarylist:webcomponent/config/library/workflow/reportdetails/reportdetailssummarylist_component.xml">
         <desc>
            Displays the summary of a selected workflow's tasks and their 
            attributes, such as task name, runtime status, action, performer, 
            comments, and receive/complete/overdue days. 
         </desc>
         <params>
            <param name="objectId" required="true"/>
            <param name="showAttachment" required="false"/>
            <param name="taskFilter" required="false"/>
         </params>
         <filter clientenv="not portal">
            <taskmgractionname>taskmgrclassic</taskmgractionname>
         </filter>
         <filter clientenv="portal">
            <taskmgractionname>taskmanager</taskmgractionname>
         </filter>
         <pages>
            <start>/custom/jsps/workflow/reportdetails/reportDetailsSummaryList.jsp</start>
         </pages>
         <columns>
            <!-- NOTE: the first column, displaying 'task name' is always visible -->
            <column attribute="status">true</column>
            <column attribute="action">true</column>
            <column attribute="performer">true</column>
            <column attribute="comment">true</column>
            <column attribute="receive_date">true</column>
            <column attribute="complete_date">true</column>
            <column attribute="due_date">true</column>
         </columns>
         <class>org.ifc.idocs.workflow.reportdetails.ReportDetailsSummary</class>
         <nlsbundle>com.documentum.webcomponent.library.workflow.reportdetails.ReportDetailsSummaryNlsProp</nlsbundle>
         <helpcontextid>reportdetailssummary</helpcontextid>
      </component>
   </scope>
</config>
<!--~~~~~~~~~~~~~~~~~~~~~~~~~~~~~~~~~~~~~~~~~~~~~~~~~~~~~~~ Developer's Comments
# Parameters
/* objectId                             (Required) ID of the selected workflow 
*/
/* showAttachment                       (Optional) Set to true to display 
                                        attached documents with tasks 
*/
/* taskFilter                           (Optional) Sets the selected filter. 
                                        Valid values: 0 = all | 1 = current | 2 
                                        = overdue 
*/
#
~~~~~~~~~~~~~~~~~~~~~~~~~~~~~~~~~~~~~~~~~~~~~~~~~~~~~~~~~~~~~~~~~~~~~~~~~~~~~-->
