<?xml version="1.0" encoding="UTF-8" standalone="no"?>
<!-- Confidential Property of Documentum, Inc.                             -->
<!-- (c) Copyright Documentum, Inc. 2001.                                  -->
<!-- All Rights reserved.                                                  -->
<!-- May not be used without prior written agreement                       -->
<!-- signed by a Documentum corporate officer.                             -->
<!--                                                                       -->
<!-- Component: reporting details header                                   -->
<!-- Scope: None                                                           -->
<!-- Revision    $Revision: 2$                                              -->
<!-- Modified on $Date: 2/27/2007 7:14:55 AM$                              -->
<config version="1.0">
   <scope role="idocs_member">
      <component id="reportdetailsheader" extends="reportdetailsheader:webcomponent/config/library/workflow/reportdetails/reportdetailsheader_component.xml">
         <desc>
            This component is included in the UI of the component 
            reportdetailscontainerlisttypedm_workflow and the component 
            reportdetailscontainerdrilldowntypedm_workflow. The header 
            component displays a different page depending on the active 
            component in the container. 
         </desc>
         <params>
            <param name="objectId" required="true"/>
            <param name="component" required="false"/>
         </params>
         <pages>
            <start>/custom/jsps/workflow/reportdetails/reportDetailsHeader.jsp</start>
            <summary>/custom/jsps/workflow/reportdetails/reportDetailsHeader.jsp</summary>
            <audit>/custom/jsps/workflow/reportdetails/reportDetailsHeader.jsp</audit>
            <map>/custom/jsps/workflow/reportdetails/reportDetailsHeader.jsp</map>
         </pages>
         <class>org.ifc.idocs.workflow.reportdetails.ReportDetailsHeader</class>
         <nlsbundle>org.ifc.idocs.workflow.reportdetails.ReportDetailsHeaderNlsProp</nlsbundle>
         <helpcontextid>reportdetailsheader</helpcontextid>
      </component>
   </scope>
</config>
<!--~~~~~~~~~~~~~~~~~~~~~~~~~~~~~~~~~~~~~~~~~~~~~~~~~~~~~~~ Developer's Comments
# Parameters
/* component                            (Optional) Specifies the component for 
                                        which to display the header. 
*/
/* objectId                             (Required) ID of the selected workflow 
*/
#
~~~~~~~~~~~~~~~~~~~~~~~~~~~~~~~~~~~~~~~~~~~~~~~~~~~~~~~~~~~~~~~~~~~~~~~~~~~~~-->
