<?xml version="1.0" encoding="UTF-8" standalone="no"?>
<!-- Confidential Property of Documentum, Inc.                             -->
<!-- (c) Copyright Documentum, Inc. 2001.                                  -->
<!-- All Rights reserved.                                                  -->
<!-- May not be used without prior written agreement                       -->
<!-- signed by a Documentum corporate officer.                             -->
<!--                                                                       -->
<!-- Component: report details audit                                       -->
<!-- Scope: None                                                           -->
<!-- Revision    $Revision: 2$                                              -->
<!-- Modified on $Date: 2/27/2007 7:14:55 AM$                              -->
<config version="1.0">
   <scope role="idocs_member">
      <component id="reportdetailsauditlist" extends="reportdetailsauditlist:webcomponent/config/library/workflow/reportdetails/reportdetailsauditlist_component.xml">
         <desc>
            This component displays the audit events of a workflow instance. 
            The user will see no events if the workflow is not audited. 
         </desc>
         <params>
            <param name="objectId" required="true"/>
            <param name="eventFilter" required="false"/>
            <param name="hideEvents" required="false"/>
         </params>
         <pages>
            <start>/custom/jsps/workflow/reportdetails/reportDetailsAuditList.jsp</start>
         </pages>
         <columns>
            <!-- NOTE: the first column, displaying 'event' is always visible -->
            <column attribute="performer">true</column>
            <column attribute="date">true</column>
         </columns>
         <class>com.documentum.webcomponent.library.workflow.reportdetails.ReportDetailsAudit</class>
         <nlsbundle>com.documentum.webcomponent.library.workflow.reportdetails.ReportDetailsAuditNlsProp</nlsbundle>
         <helpcontextid>reportdetailsaudit</helpcontextid>
      </component>
   </scope>
</config>
<!--~~~~~~~~~~~~~~~~~~~~~~~~~~~~~~~~~~~~~~~~~~~~~~~~~~~~~~~ Developer's Comments
# Parameters
/* eventFilter                          (Optional) Specifies the filter to use: 
                                        0 = show workflow events | 1 = show 
                                        workflow and doc events 
*/
/* hideEvents                           (Optional) String of event names that 
                                        should not be displayed. Event names are 
                                        listed in the Content Server API 
                                        Reference Manual. 
*/
/* objectId                             (Required) ID of the selected workflow 
*/
#
~~~~~~~~~~~~~~~~~~~~~~~~~~~~~~~~~~~~~~~~~~~~~~~~~~~~~~~~~~~~~~~~~~~~~~~~~~~~~-->
