{
  "name" : "process-type",
  "type" : "itk_getmortgagetransactiontaskinfo",
  "label" : "GetMortgageTransactionTaskInfo",
  "runnable-stateless" : true,
  "urn" : "urn:itk:com.emc.ide.artifact.process:Artifacts/Processes/getmortgagetransactiontaskinfo.process",
  "properties" : [ {
    "name" : "process_id",
    "label" : "process_id",
    "type" : "string",
    "length" : 64
  }, {
    "name" : "status",
    "label" : "status",
    "type" : "string",
    "length" : 64
  }, {
    "name" : "id",
    "label" : "id",
    "type" : "string",
    "length" : 64
  }, {
    "name" : "r_runtime_state",
    "label" : "r_runtime_state",
    "type" : "integer"
  }, {
    "name" : "correlation_identifier",
    "label" : "correlation_identifier",
    "type" : "string",
    "length" : 64
  }, {
    "name" : "object_name",
    "label" : "object_name",
    "type" : "string",
    "length" : 64
  }, {
    "name" : "r_creator_name",
    "label" : "r_creator_name",
    "type" : "string",
    "length" : 64
  }, {
    "name" : "r_start_date",
    "label" : "r_start_date",
    "type" : "datetime"
  }, {
    "name" : "supervisor_name",
    "label" : "supervisor_name",
    "type" : "string",
    "length" : 64
  }, {
    "name" : "supervisor_address",
    "label" : "supervisor_address",
    "type" : "string",
    "length" : 64
  } ],
  "tasks" : [ {
    "rel" : "http://identifiers.emc.com/linkrel/task",
    "href" : "${contextPath}types/processes/itk_getmortgagetransactiontaskinfo/tasks/itk_initiate"
  }, {
    "rel" : "http://identifiers.emc.com/linkrel/task",
    "href" : "${contextPath}types/processes/itk_getmortgagetransactiontaskinfo/tasks/itk_read_cognasys_mortg"
  }, {
    "rel" : "http://identifiers.emc.com/linkrel/task",
    "href" : "${contextPath}types/processes/itk_getmortgagetransactiontaskinfo/tasks/itk_which_type"
  }, {
    "rel" : "http://identifiers.emc.com/linkrel/task",
    "href" : "${contextPath}types/processes/itk_getmortgagetransactiontaskinfo/tasks/itk_read_edi_mortgage"
  }, {
    "rel" : "http://identifiers.emc.com/linkrel/task",
    "href" : "${contextPath}types/processes/itk_getmortgagetransactiontaskinfo/tasks/itk_join"
  }, {
    "rel" : "http://identifiers.emc.com/linkrel/task",
    "href" : "${contextPath}types/processes/itk_getmortgagetransactiontaskinfo/tasks/itk_read_imcovered_mort"
  }, {
    "rel" : "http://identifiers.emc.com/linkrel/task",
    "href" : "${contextPath}types/processes/itk_getmortgagetransactiontaskinfo/tasks/itk_read_dialer_mortgag"
  }, {
    "rel" : "http://identifiers.emc.com/linkrel/task",
    "href" : "${contextPath}types/processes/itk_getmortgagetransactiontaskinfo/tasks/itk_read_openspan_mortg"
  } ],
  "flows" : [ {
    "source" : "${contextPath}types/processes/itk_getmortgagetransactiontaskinfo/tasks/itk_initiate",
    "target" : "${contextPath}types/processes/itk_getmortgagetransactiontaskinfo/tasks/itk_which_type",
    "flow-type" : "regular"
  }, {
    "source" : "${contextPath}types/processes/itk_getmortgagetransactiontaskinfo/tasks/itk_which_type",
    "target" : "${contextPath}types/processes/itk_getmortgagetransactiontaskinfo/tasks/itk_read_cognasys_mortg",
    "flow-type" : "regular"
  }, {
    "source" : "${contextPath}types/processes/itk_getmortgagetransactiontaskinfo/tasks/itk_which_type",
    "target" : "${contextPath}types/processes/itk_getmortgagetransactiontaskinfo/tasks/itk_read_edi_mortgage",
    "flow-type" : "regular"
  }, {
    "source" : "${contextPath}types/processes/itk_getmortgagetransactiontaskinfo/tasks/itk_read_edi_mortgage",
    "target" : "${contextPath}types/processes/itk_getmortgagetransactiontaskinfo/tasks/itk_join",
    "flow-type" : "regular"
  }, {
    "source" : "${contextPath}types/processes/itk_getmortgagetransactiontaskinfo/tasks/itk_read_cognasys_mortg",
    "target" : "${contextPath}types/processes/itk_getmortgagetransactiontaskinfo/tasks/itk_join",
    "flow-type" : "regular"
  }, {
    "source" : "${contextPath}types/processes/itk_getmortgagetransactiontaskinfo/tasks/itk_which_type",
    "target" : "${contextPath}types/processes/itk_getmortgagetransactiontaskinfo/tasks/itk_read_imcovered_mort",
    "flow-type" : "regular"
  }, {
    "source" : "${contextPath}types/processes/itk_getmortgagetransactiontaskinfo/tasks/itk_read_imcovered_mort",
    "target" : "${contextPath}types/processes/itk_getmortgagetransactiontaskinfo/tasks/itk_join",
    "flow-type" : "regular"
  }, {
    "source" : "${contextPath}types/processes/itk_getmortgagetransactiontaskinfo/tasks/itk_which_type",
    "target" : "${contextPath}types/processes/itk_getmortgagetransactiontaskinfo/tasks/itk_read_dialer_mortgag",
    "flow-type" : "regular"
  }, {
    "source" : "${contextPath}types/processes/itk_getmortgagetransactiontaskinfo/tasks/itk_which_type",
    "target" : "${contextPath}types/processes/itk_getmortgagetransactiontaskinfo/tasks/itk_read_openspan_mortg",
    "flow-type" : "regular"
  }, {
    "source" : "${contextPath}types/processes/itk_getmortgagetransactiontaskinfo/tasks/itk_read_dialer_mortgag",
    "target" : "${contextPath}types/processes/itk_getmortgagetransactiontaskinfo/tasks/itk_join",
    "flow-type" : "regular"
  }, {
    "source" : "${contextPath}types/processes/itk_getmortgagetransactiontaskinfo/tasks/itk_read_openspan_mortg",
    "target" : "${contextPath}types/processes/itk_getmortgagetransactiontaskinfo/tasks/itk_join",
    "flow-type" : "regular"
  } ],
  "data" : {
    "packages" : [ {
      "name" : "package0",
      "label" : "package0",
      "mandatory" : false,
      "visible" : true,
      "version-label" : "CURRENT",
      "type" : "${contextPath}types/contents/xcp_dm_document",
      "input" : false,
      "output" : false
    } ],
    "variables" : [ {
      "name" : "p_trans_obj_id",
      "label" : "p_trans_obj_id",
      "type" : "string",
      "repeating" : false,
      "default-value" : null,
      "mandatory" : false,
      "input" : true,
      "output" : false
    }, {
      "name" : "p_object_type",
      "label" : "p_object_type",
      "type" : "string",
      "repeating" : false,
      "default-value" : null,
      "mandatory" : false,
      "input" : true,
      "output" : false
    }, {
      "name" : "p_policy_holder_borrower",
      "label" : "p_policy_holder_borrower",
      "type" : "string",
      "repeating" : false,
      "default-value" : null,
      "mandatory" : false,
      "input" : false,
      "output" : true
    }, {
      "name" : "p_policy_number",
      "label" : "p_policy_number",
      "type" : "string",
      "repeating" : false,
      "default-value" : null,
      "mandatory" : false,
      "input" : false,
      "output" : true
    }, {
      "name" : "p_property_address1",
      "label" : "p_property_address1",
      "type" : "string",
      "repeating" : false,
      "default-value" : null,
      "mandatory" : false,
      "input" : false,
      "output" : true
    }, {
      "name" : "p_property_address2",
      "label" : "p_property_address2",
      "type" : "string",
      "repeating" : false,
      "default-value" : null,
      "mandatory" : false,
      "input" : false,
      "output" : true
    }, {
      "name" : "p_property_city",
      "label" : "p_property_city",
      "type" : "string",
      "repeating" : false,
      "default-value" : null,
      "mandatory" : false,
      "input" : false,
      "output" : true
    }, {
      "name" : "p_property_state",
      "label" : "p_property_state",
      "type" : "string",
      "repeating" : false,
      "default-value" : null,
      "mandatory" : false,
      "input" : false,
      "output" : true
    }, {
      "name" : "p_property_zip",
      "label" : "p_property_zip",
      "type" : "string",
      "repeating" : false,
      "default-value" : null,
      "mandatory" : false,
      "input" : false,
      "output" : true
    }, {
      "name" : "p_match_uid",
      "label" : "p_match_uid",
      "type" : "string",
      "repeating" : false,
      "default-value" : null,
      "mandatory" : false,
      "input" : false,
      "output" : true
    }, {
      "name" : "p_coverage_code",
      "label" : "p_coverage_code",
      "type" : "string",
      "repeating" : false,
      "default-value" : null,
      "mandatory" : false,
      "input" : false,
      "output" : true
    }, {
      "name" : "p_coverage_amt",
      "label" : "p_coverage_amt",
      "type" : "float",
      "repeating" : false,
      "default-value" : "0.0",
      "mandatory" : false,
      "input" : false,
      "output" : true
    }, {
      "name" : "p_payee_code",
      "label" : "p_payee_code",
      "type" : "string",
      "repeating" : false,
      "default-value" : null,
      "mandatory" : false,
      "input" : false,
      "output" : true
    }, {
      "name" : "p_policy_effective_date",
      "label" : "p_policy_effective_date",
      "type" : "datetime",
      "repeating" : false,
      "default-value" : null,
      "mandatory" : false,
      "input" : false,
      "output" : true
    }, {
      "name" : "p_policy_expiration_date",
      "label" : "p_policy_expiration_date",
      "type" : "datetime",
      "repeating" : false,
      "default-value" : null,
      "mandatory" : false,
      "input" : false,
      "output" : true
    }, {
      "name" : "p_carrier_name",
      "label" : "p_carrier_name",
      "type" : "string",
      "repeating" : false,
      "default-value" : null,
      "mandatory" : false,
      "input" : false,
      "output" : true
    }, {
      "name" : "p_carrier_address",
      "label" : "p_carrier_address",
      "type" : "string",
      "repeating" : false,
      "default-value" : null,
      "mandatory" : false,
      "input" : false,
      "output" : true
    }, {
      "name" : "p_carrier_phone",
      "label" : "p_carrier_phone",
      "type" : "string",
      "repeating" : false,
      "default-value" : null,
      "mandatory" : false,
      "input" : false,
      "output" : true
    }, {
      "name" : "p_policy_cancel_date",
      "label" : "p_policy_cancel_date",
      "type" : "datetime",
      "repeating" : false,
      "default-value" : null,
      "mandatory" : false,
      "input" : false,
      "output" : true
    }, {
      "name" : "p_policy_reinstatement_date",
      "label" : "p_policy_reinstatement_date",
      "type" : "datetime",
      "repeating" : false,
      "default-value" : null,
      "mandatory" : false,
      "input" : false,
      "output" : true
    }, {
      "name" : "p_premium_amt",
      "label" : "p_premium_amt",
      "type" : "float",
      "repeating" : false,
      "default-value" : "0.0",
      "mandatory" : false,
      "input" : false,
      "output" : true
    }, {
      "name" : "p_add_premium_amt",
      "label" : "p_add_premium_amt",
      "type" : "float",
      "repeating" : false,
      "default-value" : "0.0",
      "mandatory" : false,
      "input" : false,
      "output" : true
    }, {
      "name" : "p_doc_issue_date",
      "label" : "p_doc_issue_date",
      "type" : "datetime",
      "repeating" : false,
      "default-value" : null,
      "mandatory" : false,
      "input" : false,
      "output" : true
    }, {
      "name" : "p_impairment_code",
      "label" : "p_impairment_code",
      "type" : "string",
      "repeating" : false,
      "default-value" : null,
      "mandatory" : false,
      "input" : false,
      "output" : true
    }, {
      "name" : "p_deductible",
      "label" : "p_deductible",
      "type" : "float",
      "repeating" : false,
      "default-value" : "0.0",
      "mandatory" : false,
      "input" : false,
      "output" : true
    }, {
      "name" : "p_flood_zone",
      "label" : "p_flood_zone",
      "type" : "string",
      "repeating" : false,
      "default-value" : null,
      "mandatory" : false,
      "input" : false,
      "output" : true
    }, {
      "name" : "p_grandfather_zone",
      "label" : "p_grandfather_zone",
      "type" : "string",
      "repeating" : false,
      "default-value" : null,
      "mandatory" : false,
      "input" : false,
      "output" : true
    } ]
  },
  "links" : [ {
    "rel" : "self",
    "href" : "${contextPath}types/processes/itk_getmortgagetransactiontaskinfo"
  }, {
    "rel" : "http://identifiers.emc.com/linkrel/instances",
    "href" : "${contextPath}processes/itk_getmortgagetransactiontaskinfo"
  }, {
    "rel" : "http://identifiers.emc.com/linkrel/halt"
  }, {
    "rel" : "http://identifiers.emc.com/linkrel/resume"
  }, {
    "rel" : "http://identifiers.emc.com/linkrel/terminate"
  }, {
    "rel" : "http://identifiers.emc.com/linkrel/tasks"
  }, {
    "rel" : "http://identifiers.emc.com/linkrel/attachments"
  } ]
}