<?xml version="1.0" encoding="UTF-8"?>

<config version="1.0">
	<scope>
		<component id="showtemplatelist">
			<desc>
			Shows a List of available templates to the User.
            User can select the template from the list of templates shown there. 
        	</desc>
			<params>
	         	<param name="objectId" required="false"/>
	          	<param name="folderCategory" required="false"/>
			</params>
			<pages>
				<start>/custom/jsps/create/showtemplatelist.jsp</start>
			</pages>
			<class>org.ifc.idocs.create.ShowTemplateList</class>
			<!--<nlsbundle>org.ifc.idocs.contenttransfer.importcontent.ImportContentNlsProp</nlsbundle>-->
			<nlsbundle>org.ifc.idocs.create.ShowTemplateListNlsProp</nlsbundle>
			<helpcontextid>showtemplatelist</helpcontextid>
		</component>
	</scope>
</config>	