<?xml version="1.0" encoding="UTF-8" standalone="no"?>
<!-- **************************************************************************         -->
<!-- Module Name: newdoccontainer_component		                                        -->
<!-- Module Description: This container component is used to provide custom new document
						 component            											-->
<!-- Author name: Parag Doshi											   		        -->
<!-- Date:	8-Sep-2010															        -->
<!-- Module Version No: 1.0                                                             -->
<!--****************************************************************************-->
<config version="1.0">
   <scope type='idocs_folder,idocs_sub_folder' role="idocs_member">
     <component id="newdoccontainer" extends="newdoccontainer:webcomponent/config/library/create/newdoccontainer_component.xml">
        <desc>  
            Extends the component propertysheetwizardcontainer and contains 
            attributes, the component newdocument, and permissions. The 
            component newdocument requires a visit. 
         </desc>
         <params>
            <param name="component" required="true"/>
            <param name="editAfterCreate" required="false"/>
            <param name="contentType" required="false"/>
            <param name="templateName" required="false"/>
            <param name="callerComponent" required="false"/>
		  </params>
         <pages>
            <filter clientenv="not appintg">
               <start>/custom/jsps/create/newContainer.jsp</start>
            </filter>
            <filter clientenv="appintg">
               <start>/webcomponent/library/create/appIntgNewContainer.jsp</start>
            </filter>
         </pages>
         <contains>
            <component requiresVisit="true">newdocument</component>
            <component requiresVisit="true">attributes</component>
            <component requiresVisit="false">permissions</component>
         </contains>
         <class>org.ifc.idocs.create.NewDocumentContainer</class>
         <filter clientenv='not appintg'>
            <nlsbundle>org.ifc.idocs.create.NewDocContainerNlsProp</nlsbundle>
         </filter>
         <filter clientenv='appintg'>
            <nlsbundle>com.documentum.webcomponent.library.create.AppIntgNewContainerNlsProp</nlsbundle>
            <!-- Set "numberedtabs" to true to display each -->
            <!-- tab's title with a sequential number.      -->
            <numberedtabs>false</numberedtabs>
         </filter>
        <newcomponentname>newdocument</newcomponentname>
      </component>
   </scope>
</config>
