<?xml version="1.0" encoding="UTF-8" standalone="no"?>
<!-- **************************************************************************         -->
<!-- Module Name: newdocument_component			                                        -->
<!-- Module Description: New document component is customized for create 
		document based on document template								   			    -->
<!-- Author name: Parag Doshi											   		        -->
<!-- Date:	8-Sep-2010															        -->
<!-- Module Version No: 1.0                                               				-->
<!--****************************************************************************-->
<config version="1.0">
   <scope type='idocs_folder,idocs_sub_folder' role="idocs_member">
      <component id="newdocument" extends="newdocument:webcomponent/config/library/create/newdocument_component.xml">
         <desc>
            Creates new objects. This component must run within the component 
            newdoccontainer or the component the component new httpdoccontainer. 
            Each custom object must have a template in the repository Templates 
            cabinet in order for the template and its associated formats to show 
            up in the newdocument UI. 
         </desc>
         <params>
           <param name="objectId" required="true"/>
            <param name="templateName" required="false"/>
            <param name="callerComponent" required="false"/>
         </params>
         <pages>
            <start>/custom/jsps/create/newDocument.jsp</start>
         </pages>
         <class>org.ifc.idocs.create.NewDocument</class>
         <nlsbundle>org.ifc.idocs.create.NewDocumentNlsProp</nlsbundle>
         <helpcontextid>newdocument</helpcontextid>
         <combo_defaults>
            <base_type>idocs_document</base_type>
            <type>dm_document</type>
            <format>msw8</format>
         </combo_defaults>
          <!-- Configuration to enable | disable the wdk new document aspect functionality. OOTB it is disabled-->
          <!-- If Enabled and if the logged in user has only the VERSION permission the system sets the acl-->
          <!-- as the dmc_wdk_new_document_acl acl for the new document and it attaches an aspect. -->
          <!-- The aspect is detached after the first check in / version of the object created. -->
          <!-- If Disabled,  and if the logged in user has only the VERSION permission the system does not allow-->
          <!-- creating the new document properly. OOTB it is disabled -->
          <!-- Please refer Bug # WEBTOP-3945-->
          <wdk_new_doc_aspect>
             <enabled>false</enabled>
             <!-- do not apply the new doc aspect for the documents created under the exclusion -->
             <!-- list (comma seperated) of folder types, even if above flag is set enabled -->
             <!-- For example: dmc_datatable, dmc_notepage , etc... -->
             <exclusion_list></exclusion_list> 
          </wdk_new_doc_aspect>

         <document_filter>
            <preset_item id="type_filter">
               <selection>
                  <entries>
                     <entry></entry>
                  </entries>
               </selection>
            </preset_item>
         </document_filter>

        <preset_item id="acl_filter">
            <selection>
               <entries>
                  <entry></entry>
               </entries>
            </selection>
         </preset_item>
         
         <preset_item id="format_filter">
            <selection>
               <entries>
                  <entry></entry>
               </entries>
            </selection>
            <allow_nocontent_entry></allow_nocontent_entry>                        
         </preset_item>

         <preset_item id="template_filter">
            <selection>
               <entries>
                  <entry></entry>
               </entries>
            </selection>
         </preset_item>

         <preset_item id='autoattributes'>
            <attributes>
               <attribute>
                  <name></name>
                  <values>
                     <value></value>
                  </values>
               </attribute>
            </attributes>
         </preset_item>

      </component>
   </scope>
</config>
