{
  "name" : "fulltext-query-type",
  "type" : "itk_simple_transaction_",
  "label" : "Simple Transaction Search",
  "data-type" : "${contextPath}types/contents/itk_transaction",
  "showSummary" : "true",
  "description" : "",
  "properties" : [ {
    "name" : "transaction_id",
    "output-name" : "transaction_id",
    "type" : "${contextPath}types/contents/itk_transaction",
    "mapping" : "",
    "sortable" : "false"
  }, {
    "name" : "transaction_source",
    "output-name" : "transaction_source",
    "type" : "${contextPath}types/contents/itk_transaction",
    "mapping" : "",
    "sortable" : "false"
  }, {
    "name" : "transaction_type",
    "output-name" : "transaction_type",
    "type" : "${contextPath}types/contents/itk_transaction",
    "mapping" : "",
    "sortable" : "true"
  }, {
    "name" : "transaction_status",
    "output-name" : "transaction_status",
    "type" : "${contextPath}types/contents/itk_transaction",
    "mapping" : "",
    "sortable" : "false"
  }, {
    "name" : "account_number",
    "output-name" : "account_number",
    "type" : "${contextPath}types/contents/itk_transaction",
    "mapping" : "",
    "sortable" : "true"
  }, {
    "name" : "account_name",
    "output-name" : "account_name",
    "type" : "${contextPath}types/contents/itk_transaction",
    "mapping" : "",
    "sortable" : "false"
  }, {
    "name" : "institution_code",
    "output-name" : "institution_code",
    "type" : "${contextPath}types/contents/itk_transaction",
    "mapping" : "",
    "sortable" : "false"
  }, {
    "name" : "received_date",
    "output-name" : "received_date",
    "type" : "${contextPath}types/contents/itk_transaction",
    "mapping" : "",
    "sortable" : "true"
  }, {
    "name" : "loan_number",
    "output-name" : "loan_number",
    "type" : "${contextPath}types/contents/itk_transaction",
    "mapping" : "",
    "sortable" : "false"
  }, {
    "name" : "policy_no",
    "output-name" : "policy_no",
    "type" : "${contextPath}types/contents/itk_transaction",
    "mapping" : "",
    "sortable" : "false"
  }, {
    "name" : "transaction_zip",
    "output-name" : "transaction_zip",
    "type" : "${contextPath}types/contents/itk_transaction",
    "mapping" : "",
    "sortable" : "false"
  }, {
    "name" : "transaction_state",
    "output-name" : "transaction_state",
    "type" : "${contextPath}types/contents/itk_transaction",
    "mapping" : "",
    "sortable" : "false"
  }, {
    "name" : "transaction_address_1",
    "output-name" : "transaction_address_1",
    "type" : "${contextPath}types/contents/itk_transaction",
    "mapping" : "",
    "sortable" : "false"
  }, {
    "name" : "r_object_id",
    "output-name" : "id",
    "type" : "${contextPath}types/contents/itk_transaction",
    "mapping" : "r_object_id",
    "sortable" : "false",
    "mandatory" : "true"
  }, {
    "name" : "r_object_type",
    "output-name" : "r_object_type",
    "type" : "${contextPath}types/contents/itk_transaction",
    "mapping" : "r_object_type",
    "sortable" : "false",
    "mandatory" : "true"
  }, {
    "label" : "Owner Permit",
    "name" : "owner_permit",
    "output-name" : "owner_permit",
    "type" : "${contextPath}types/contents/itk_transaction",
    "mapping" : "owner_permit",
    "sortable" : "false",
    "mandatory" : "true"
  }, {
    "label" : "Owner Name",
    "name" : "owner_name",
    "output-name" : "owner_name",
    "type" : "${contextPath}types/contents/itk_transaction",
    "mapping" : "owner_name",
    "sortable" : "false",
    "mandatory" : "true"
  }, {
    "label" : "Lock Owner",
    "name" : "r_lock_owner",
    "output-name" : "r_lock_owner",
    "type" : "${contextPath}types/contents/itk_transaction",
    "mapping" : "r_lock_owner",
    "sortable" : "false",
    "mandatory" : "true"
  }, {
    "label" : "ACL Name",
    "name" : "acl_name",
    "output-name" : "acl_name",
    "type" : "${contextPath}types/contents/itk_transaction",
    "mapping" : "acl_name",
    "sortable" : "false",
    "mandatory" : "true"
  }, {
    "label" : "ACL Domain",
    "name" : "acl_domain",
    "output-name" : "acl_domain",
    "type" : "${contextPath}types/contents/itk_transaction",
    "mapping" : "acl_domain",
    "sortable" : "false",
    "mandatory" : "true"
  } ],
  "expression-set" : {
    "properties" : [ ],
    "fulltext" : {
      "input-type" : "form-input",
      "input-name" : "q",
      "case-sensitive" : ""
    },
    "operator" : "AND"
  },
  "facets" : [ {
    "group-by" : "",
    "id" : "transaction_type",
    "max-values" : "",
    "sort" : "VALUE_ASCENDING",
    "property" : {
      "name" : "transaction_type",
      "type" : "${contextPath}types/contents/itk_transaction"
    }
  }, {
    "group-by" : "",
    "id" : "transaction_source",
    "max-values" : "",
    "sort" : "VALUE_ASCENDING",
    "property" : {
      "name" : "transaction_source",
      "type" : "${contextPath}types/contents/itk_transaction"
    }
  }, {
    "group-by" : "",
    "id" : "transaction_status",
    "max-values" : "",
    "sort" : "FREQUENCY",
    "property" : {
      "name" : "transaction_status",
      "type" : "${contextPath}types/contents/itk_transaction"
    }
  }, {
    "group-by" : "",
    "id" : "account_number",
    "max-values" : "",
    "sort" : "FREQUENCY",
    "property" : {
      "name" : "account_number",
      "type" : "${contextPath}types/contents/itk_transaction"
    }
  }, {
    "group-by" : "relativeDate",
    "id" : "received_date",
    "max-values" : "",
    "sort" : "NONE",
    "property" : {
      "name" : "received_date",
      "type" : "${contextPath}types/contents/itk_transaction"
    }
  }, {
    "group-by" : "",
    "id" : "transaction_zip",
    "max-values" : "",
    "sort" : "VALUE_ASCENDING",
    "property" : {
      "name" : "transaction_zip",
      "type" : "${contextPath}types/contents/itk_transaction"
    }
  }, {
    "group-by" : "",
    "id" : "transaction_state",
    "max-values" : "",
    "sort" : "VALUE_ASCENDING",
    "property" : {
      "name" : "transaction_state",
      "type" : "${contextPath}types/contents/itk_transaction"
    }
  } ],
  "options" : [ {
    "versions" : "LATEST"
  } ],
  "links" : [ {
    "rel" : "self",
    "href" : "${contextPath}types/fulltext-queries/itk_simple_transaction_"
  }, {
    "rel" : "http://identifiers.emc.com/linkrel/instances",
    "href" : "${contextPath}fulltext-queries/itk_simple_transaction_"
  } ]
}