{
  "name" : "process-type",
  "type" : "itk_imqcgetqueuecounts",
  "label" : "IMQCGetQueueCounts",
  "runnable-stateless" : true,
  "urn" : "urn:itk:com.emc.ide.artifact.process:Artifacts/Processes/imqcgetqueuecounts.process",
  "properties" : [ {
    "name" : "process_id",
    "label" : "process_id",
    "type" : "string",
    "length" : 64
  }, {
    "name" : "status",
    "label" : "status",
    "type" : "string",
    "length" : 64
  }, {
    "name" : "id",
    "label" : "id",
    "type" : "string",
    "length" : 64
  }, {
    "name" : "r_runtime_state",
    "label" : "r_runtime_state",
    "type" : "integer"
  }, {
    "name" : "correlation_identifier",
    "label" : "correlation_identifier",
    "type" : "string",
    "length" : 64
  }, {
    "name" : "object_name",
    "label" : "object_name",
    "type" : "string",
    "length" : 64
  }, {
    "name" : "r_creator_name",
    "label" : "r_creator_name",
    "type" : "string",
    "length" : 64
  }, {
    "name" : "r_start_date",
    "label" : "r_start_date",
    "type" : "datetime"
  }, {
    "name" : "supervisor_name",
    "label" : "supervisor_name",
    "type" : "string",
    "length" : 64
  }, {
    "name" : "supervisor_address",
    "label" : "supervisor_address",
    "type" : "string",
    "length" : 64
  } ],
  "tasks" : [ {
    "rel" : "http://identifiers.emc.com/linkrel/task",
    "href" : "${contextPath}types/processes/itk_imqcgetqueuecounts/tasks/itk_getagentqueuecount"
  }, {
    "rel" : "http://identifiers.emc.com/linkrel/task",
    "href" : "${contextPath}types/processes/itk_imqcgetqueuecounts/tasks/itk_initiate"
  }, {
    "rel" : "http://identifiers.emc.com/linkrel/task",
    "href" : "${contextPath}types/processes/itk_imqcgetqueuecounts/tasks/itk_getnonagentqueuecou"
  }, {
    "rel" : "http://identifiers.emc.com/linkrel/task",
    "href" : "${contextPath}types/processes/itk_imqcgetqueuecounts/tasks/itk_getqcqueuecount"
  }, {
    "rel" : "http://identifiers.emc.com/linkrel/task",
    "href" : "${contextPath}types/processes/itk_imqcgetqueuecounts/tasks/itk_set_process_data"
  }, {
    "rel" : "http://identifiers.emc.com/linkrel/task",
    "href" : "${contextPath}types/processes/itk_imqcgetqueuecounts/tasks/itk_getfollowupqueuecou"
  } ],
  "flows" : [ {
    "source" : "${contextPath}types/processes/itk_imqcgetqueuecounts/tasks/itk_initiate",
    "target" : "${contextPath}types/processes/itk_imqcgetqueuecounts/tasks/itk_getagentqueuecount",
    "flow-type" : "regular"
  }, {
    "source" : "${contextPath}types/processes/itk_imqcgetqueuecounts/tasks/itk_getagentqueuecount",
    "target" : "${contextPath}types/processes/itk_imqcgetqueuecounts/tasks/itk_getnonagentqueuecou",
    "flow-type" : "regular"
  }, {
    "source" : "${contextPath}types/processes/itk_imqcgetqueuecounts/tasks/itk_getqcqueuecount",
    "target" : "${contextPath}types/processes/itk_imqcgetqueuecounts/tasks/itk_set_process_data",
    "flow-type" : "regular"
  }, {
    "source" : "${contextPath}types/processes/itk_imqcgetqueuecounts/tasks/itk_getnonagentqueuecou",
    "target" : "${contextPath}types/processes/itk_imqcgetqueuecounts/tasks/itk_getfollowupqueuecou",
    "flow-type" : "regular"
  }, {
    "source" : "${contextPath}types/processes/itk_imqcgetqueuecounts/tasks/itk_getfollowupqueuecou",
    "target" : "${contextPath}types/processes/itk_imqcgetqueuecounts/tasks/itk_getqcqueuecount",
    "flow-type" : "regular"
  } ],
  "data" : {
    "variables" : [ {
      "name" : "p_agent_count",
      "label" : "p_agent_count",
      "type" : "integer",
      "repeating" : false,
      "default-value" : "",
      "mandatory" : false,
      "input" : false,
      "output" : true
    }, {
      "name" : "p_nonagent_count",
      "label" : "p_nonagent_count",
      "type" : "integer",
      "repeating" : false,
      "default-value" : null,
      "mandatory" : false,
      "input" : false,
      "output" : true
    }, {
      "name" : "p_qc_count",
      "label" : "p_qc_count",
      "type" : "integer",
      "repeating" : false,
      "default-value" : "",
      "mandatory" : false,
      "input" : false,
      "output" : true
    }, {
      "name" : "p_total_count",
      "label" : "p_total_count",
      "type" : "integer",
      "repeating" : false,
      "default-value" : "",
      "mandatory" : false,
      "input" : false,
      "output" : true
    }, {
      "name" : "p_followup_count",
      "label" : "p_followup_count",
      "type" : "integer",
      "repeating" : false,
      "default-value" : "",
      "mandatory" : false,
      "input" : false,
      "output" : true
    } ]
  },
  "links" : [ {
    "rel" : "self",
    "href" : "${contextPath}types/processes/itk_imqcgetqueuecounts"
  }, {
    "rel" : "http://identifiers.emc.com/linkrel/instances",
    "href" : "${contextPath}processes/itk_imqcgetqueuecounts"
  }, {
    "rel" : "http://identifiers.emc.com/linkrel/halt"
  }, {
    "rel" : "http://identifiers.emc.com/linkrel/resume"
  }, {
    "rel" : "http://identifiers.emc.com/linkrel/terminate"
  }, {
    "rel" : "http://identifiers.emc.com/linkrel/tasks"
  }, {
    "rel" : "http://identifiers.emc.com/linkrel/attachments"
  } ]
}