<?xml version="1.0" encoding="UTF-8" standalone="no"?>
<!--***********************************************************************-->
<!-- Project        Component Library                                      -->
<!-- Module         VDM Preferences                                        -->
<!-- File           idocs_vdmlist_component.xml                            -->
<!-- Description    VDM list Component 				                       -->
<!-- Created on     18 July 2012                                           -->
<!-- Tab width      3                                                      -->
<!--***********************************************************************-->
<config version="1.0">
   <scope role="idocs_member" location="/IFCDocs">
      <component id="vdmlist" extends="vdmlist:webtop/config/vdmlist_component.xml"> 
         <desc>
            Displays the structure of a virtual document. The user can 
            navigate to the different parts of the virtual document by 
            clicking on the breadcrumb or the child node. This component has 
            an extended version in Webtop called vdmlist. 
         </desc>
         <pages>
            <start>/custom/jsps/navigation/vdm/idocs_vdmlist.jsp</start>
         </pages>
          <class>org.ifc.idocs.vdm.IDocsVDMList</class>
         <nlsbundle>org.ifc.idocs.navigation.vdm.IDocsVDMNlsProp</nlsbundle>
         <columns>
            <!-- NOTE: the first column, displaying 'object_name' is always visible -->
            <!-- NOTE: the r_object_id column is the binding label column -->
            <column>
               <attribute>r_object_id</attribute>
               <label>
                  <nlsid>MSG_BINDING_RULE</nlsid>
               </label>
               <visible>false</visible>
            </column>
            <column>
               <attribute>r_version_label</attribute>
               <label>
                  <nlsid>MSG_VERSION_LABEL</nlsid>
               </label>
               <visible>false</visible>
            </column>
            <column>
               <attribute>a_content_type</attribute>
               <label>
                  <nlsid>MSG_FORMAT</nlsid>
               </label>
               <visible>true</visible>
            </column>
            <column>
               <attribute>r_full_content_size</attribute>
               <label><nlsid>MSG_FULL_CONTENT_SIZE</nlsid></label>
               <visible>true</visible>
            </column>
            <column>
               <attribute>r_content_size</attribute>
               <label>
                  <nlsid>MSG_SIZE</nlsid>
               </label>
               <visible>false</visible>
            </column>
            <column>
               <attribute>topic_status</attribute>
               <label>
                  <nlsid>MSG_DISCUSSION</nlsid>
               </label>
               <visible>true</visible>
            </column>
            <column>
               <attribute>r_modify_date</attribute>
               <label>
                  <nlsid>MSG_MODIFIED_DATE</nlsid>
               </label>
               <visible>false</visible>
            </column>
            <column>
               <attribute>title</attribute>
               <label>
                  <nlsid>MSG_ATTR_TITLE</nlsid>
               </label>
               <visible>false</visible>
            </column>
            <column>
               <attribute>authors</attribute>
               <label>
                  <nlsid>MSG_AUTHORS</nlsid>
               </label>
               <visible>false</visible>
            </column>
            <column>
               <attribute>owner_name</attribute>
               <label>
                  <nlsid>MSG_OWNER_NAME</nlsid>
               </label>
               <visible>false</visible>
            </column>
            <column>
               <attribute>r_lock_owner</attribute>
               <label>
                  <nlsid>MSG_LOCK_OWNER</nlsid>
               </label>
               <visible>false</visible>
            </column>
            <column>
               <attribute>r_object_type</attribute>
               <label>
                  <nlsid>MSG_OBJECT_TYPE</nlsid>
               </label>
               <visible>false</visible>
            </column>
            <column>
               <attribute>r_creation_date</attribute>
               <label>
                  <nlsid>MSG_CREATION_DATE</nlsid>
               </label>
               <visible>false</visible>
            </column>
            <column>
               <attribute>r_modifier</attribute>
               <label>
                  <nlsid>MSG_MODIFIER</nlsid>
               </label>
               <visible>false</visible>
            </column>
            <column>
               <attribute>r_access_date</attribute>
               <label>
                  <nlsid>MSG_ACCESS_DATE</nlsid>
               </label>
               <visible>false</visible>
            </column>
            <column>
               <attribute>group_name</attribute>
               <label>
                  <nlsid>MSG_GROUP_NAME</nlsid>
               </label>
               <visible>false</visible>
            </column>
            <column>
               <attribute>r_creator_name</attribute>
               <label>
                  <nlsid>MSG_CREATOR_NAME</nlsid>
               </label>
               <visible>false</visible>
            </column>
            <column>
               <attribute>room_status</attribute>
               <label>
                  <nlsid>MSG_ROOM_ICON</nlsid>
               </label>
               <visible>false</visible>
            </column>
           
            <column>
               <attribute>lifecycle_name</attribute>
               <label><nlsid>MSG_LIFECYCLE</nlsid></label>
               <visible>false</visible>
            </column>
            <column>
               <attribute>current_state_name</attribute>
               <label><nlsid>MSG_CURRENT_STATE</nlsid></label>
               <visible>false</visible>
            </column>
            <column>
               <attribute>acl_name</attribute>
               <label><nlsid>MSG_ACL_NAME</nlsid></label>
               <visible>false</visible>
            </column>
            <column>
               <attribute>log_entry</attribute>
               <label><nlsid>MSG_USER_COMMENTS</nlsid></label>
               <visible>false</visible>
            </column>
            <column>
               <attribute>r_current_state</attribute>
               <label><nlsid>MSG_CURR_STATE</nlsid></label>
               <visible>false</visible>
            </column>
            <column>
               <attribute>i_retainer_id</attribute>
               <label><nlsid>MSG_RETAINER_ID</nlsid></label>
               <visible>false</visible>
            </column>
            <column>
               <attribute>a_is_template</attribute>
               <label><nlsid>MSG_TEMPLATE</nlsid></label>
               <visible>false</visible>
            </column>
            <column>
               <attribute>world_permit</attribute>
               <label><nlsid>MSG_WORLD_PERMISSIONS</nlsid></label>
               <visible>false</visible>
            </column>
            <column>
               <attribute>r_resume_state</attribute>
               <label><nlsid>MSG_RESUME_TO_STATE</nlsid></label>
               <visible>false</visible>
            </column>
            <column>
               <attribute>i_retain_until</attribute>
               <label><nlsid>MSG_RETAIN_CONTENT_UNTIL</nlsid></label>
               <visible>false</visible>
            </column>
            <column>
               <attribute>r_aspect_name</attribute>
               <label><nlsid>MSG_ASPECT_NAME</nlsid></label>
               <visible>false</visible>
            </column>
            <column>
               <attribute>i_branch_cnt</attribute>
               <label><nlsid>MSG_BRANCH_COUNT</nlsid></label>
               <visible>false</visible>
            </column>
            <column>
               <attribute>a_category</attribute>
               <label><nlsid>MSG_CATEGORY</nlsid></label>
               <visible>false</visible>
            </column>
            <column>
               <attribute>a_effective_flag</attribute>
               <label><nlsid>MSG_EFFECTIVE_FLAG</nlsid></label>
               <visible>false</visible>
            </column>
            <column>
               <attribute>a_effective_label</attribute>
               <label><nlsid>MSG_EFFECTIVE_LABEL</nlsid></label>
               <visible>false</visible>
            </column>
            <column>
               <attribute>a_expiration_date</attribute>
               <label><nlsid>MSG_EXPIRATION_DATE</nlsid></label>
               <visible>false</visible>
            </column>
            <column>
               <attribute>a_extended_properties</attribute>
               <label><nlsid>MSG_EXTENDED_PROPERTIES</nlsid></label>
               <visible>false</visible>
            </column>
            <column>
               <attribute>a_controlling_app</attribute>
               <label><nlsid>MSG_CONTROLLING_APP</nlsid></label>
               <visible>false</visible>
            </column>
            <column>
               <attribute>a_effective_date</attribute>
               <label><nlsid>MSG_EFFECTIVE_DATE</nlsid></label>
               <visible>false</visible>
            </column>
            
            <column>
               <attribute>a_full_text</attribute>
               <label><nlsid>MSG_FULL_TEXT_INDEXED</nlsid></label>
               <visible>false</visible>
            </column>
            <column>
               <attribute>group_permit</attribute>
               <label><nlsid>MSG_GROUP_PERMIT</nlsid></label>
               <visible>false</visible>
            </column>
            <column>
               <attribute>r_has_events</attribute>
               <label><nlsid>MSG_HAS_EVENTS</nlsid></label>
               <visible>false</visible>
            </column>
            <column>
               <attribute>r_has_frzn_assembly</attribute>
               <label><nlsid>MSG_HAS_FROZEN_ASSEMBLY</nlsid></label>
               <visible>false</visible>
            </column>
            <column>
               <attribute>keywords</attribute>
               <label><nlsid>MSG_KEYWORD</nlsid></label>
               <visible>false</visible>
            </column>
            <column>
               <attribute>a_is_hidden</attribute>
               <label><nlsid>MSG_HIDDEN</nlsid></label>
               <visible>false</visible>
            </column>
            <column>
               <attribute>i_is_replica</attribute>
               <label><nlsid>MSG_IS_REPLICA</nlsid></label>
               <visible>false</visible>
            </column>
            <column>
               <attribute>a_is_signed</attribute>
               <label><nlsid>MSG_IS_SIGNED</nlsid></label>
               <visible>false</visible>
            </column>
            <column>
               <attribute>language_code</attribute>
               <label><nlsid>MSG_LANGUAGE_CODE</nlsid></label>
               <visible>false</visible>
            </column>
            <column>
               <attribute>a_last_review_date</attribute>
               <label><nlsid>MSG_LAST_REVIEW_DATE</nlsid></label>
               <visible>false</visible>
            </column>
            <column>
               <attribute>i_latest_flag</attribute>
               <label><nlsid>MSG_LATEST_VERSION_ON_BRANCH</nlsid></label>
               <visible>false</visible>
            </column>
            <column>
               <attribute>r_link_cnt</attribute>
               <label><nlsid>MSG_LINK_COUNT</nlsid></label>
               <visible>false</visible>
            </column>
            <column>
               <attribute>a_link_resolved</attribute>
               <label><nlsid>MSG_LINK_RESOLVED</nlsid></label>
               <visible>false</visible>
            </column>
            <column>
               <attribute>r_lock_date</attribute>
               <label><nlsid>MSG_LOCK_DATE</nlsid></label>
               <visible>false</visible>
            </column>
            <column>
               <attribute>r_lock_machine</attribute>
               <label><nlsid>MSG_LOCK_OWNERS</nlsid></label>
               <visible>false</visible>
            </column>
            <column>
               <attribute>owner_permit</attribute>
               <label><nlsid>MSG_OWNER_PERM</nlsid></label>
               <visible>false</visible>
            </column>
            <column>
               <attribute>r_is_public</attribute>
               <label><nlsid>MSG_PUBLIC</nlsid></label>
               <visible>false</visible>
            </column>
            <column>
               <attribute>a_publish_formats</attribute>
               <label><nlsid>MSG_PUBLISH_FORMATS</nlsid></label>
               <visible>false</visible>
            </column>
            <column>
               <attribute>i_is_reference</attribute>
               <label><nlsid>MSG_REFERENCE</nlsid></label>
               <visible>false</visible>
            </column>
         </columns>         
         <preset_item id="column_filter">
             <selection>
                <entries>
                   <entry></entry>
                </entries>
             </selection>
          </preset_item>
         <dragdrop>
            <sourceactions>
            </sourceactions>
            <targetactions>
               <targetaction>com.documentum.web.formext.control.dragdrop.AddVirtualDocumentNodeTargetAction</targetaction>
               <targetaction>com.documentum.web.formext.control.dragdrop.RepositionVirtualDocumentNodeTargetAction</targetaction>
               <targetaction>com.documentum.web.formext.control.dragdrop.ImportTargetAction</targetaction>
               <targetaction>com.documentum.web.formext.control.dragdrop.CheckinFromFileTargetAction</targetaction>
               <targetaction>com.documentum.web.formext.control.dragdrop.AddRenditionTargetAction</targetaction>
               <targetaction>com.documentum.web.formext.control.dragdrop.CreateRelationTargetAction</targetaction>
            </targetactions>
            <dataproviders>
               <dataprovider>
                  <format>com.documentum.web.formext.control.dragdrop.ObjectIdData</format>
                  <provider>com.documentum.web.formext.control.dragdrop.ObjectIdDataProvider</provider>
               </dataprovider>
               <dataprovider>
                  <format>com.documentum.web.formext.control.dragdrop.VdmNodeData</format>
                  <provider>com.documentum.web.formext.control.dragdrop.VdmNodeDataProvider</provider>
               </dataprovider>
               <dataprovider>
                  <format>com.documentum.web.formext.control.dragdrop.LockData</format>
                  <provider>com.documentum.web.formext.control.dragdrop.LockDataProvider</provider>
               </dataprovider>
            </dataproviders>
         </dragdrop>
         <default_binding_filter_values>
            <!-- Uncomment the following line to always include the value "Approved" -->
            <!--<version_label>Approved</version_label>-->
         </default_binding_filter_values>
         <!-- help id -->
         <helpcontextid>vdm</helpcontextid>
      </component>
   </scope>
</config>
<!--~~~~~~~~~~~~~~~~~~~~~~~~~~~~~~~~~~~~~~~~~~~~~~~~~~~~~~~ Developer's Comments
# Parameters
/* nodeId                               (Optional) ID of the node in a virtual 
                                        document
*/
/* objectId                             (Required) ID of the virtual document
*/
/* pathInfo                             (Optional) Path to be displayed in the 
                                        breadcrumb
*/
/* selectedNodeIds                      (Optional) Comma-separated list of 
                                        nodeIds that should be initially 
                                        selected when the vdmlist component is 
                                        first displayed
*/
/* currentPath                          (Optional) In case of viewassembly , this parameter is required to render correct
                                         breadcrumb path
*/
/* startingFolderPath                    (Optional) In case of viewassembly , this parameter is required to render correct
                                         breadcrumb path
*/
#
# Elements
/* <default_binding_filter_values>      List of version labels to include in the 
                                        default child version dropdown. These 
                                        values are in addition to "CURRENT" and 
                                        existing version labels on the virtual 
                                        document root node. 
*/
/* <version_label>                      Additional label to display, for 
                                        example, Approved 
*/
/* <dragdrop>                           Supports the drag and drop feature. 
*/
/* <sourceactions>                      Contains zero or more <sourceaction> 
                                        classes that support drag and drop 
                                        actions on sources in the component. 
*/
/* <targetactions>                      Contains zero or more <targetaction> 
                                        classes that support drag and drop 
                                        actions on targets in the component. 
*/
/* <targetaction>                       Contains a fully qualified class name of 
                                        the class that implements 
                                        IDragTargetAction, for example, 
                                        com.documentum.web.formext.control. 
                                        dragdrop.CopyToFolderTargetAction. 
*/
/* <dataproviders>                      Contains one or more <dataprovider> 
                                        elements. 
*/
/* <dataprovider>                       Contains a <format> element and a 
                                        <provider> element. 
*/
/* <dataprovider>.<format>              Fully qualified class name for the class 
                                        that provides data for the format. 
                                        Built-in formats include object ID, tree 
                                        node, and external files. <Ask Lani 
                                        about (Need List)> 
*/
/* <dataprovider>.<provider>            Fully qualified class name for the class 
                                        that implements IDragDropDataProvider 
                                        and provides data for the associated 
                                        format. 
*/
/* <preset_item>                        TBD.
*/
#
~~~~~~~~~~~~~~~~~~~~~~~~~~~~~~~~~~~~~~~~~~~~~~~~~~~~~~~~~~~~~~~~~~~~~~~~~~~~~-->
