{
  "name" : "process-type",
  "type" : "itk_decisionprocess",
  "label" : "DecisionProcess",
  "runnable-stateless" : false,
  "urn" : "urn:itk:com.emc.ide.artifact.process:Artifacts/Processes/decisionprocess.process",
  "properties" : [ {
    "name" : "process_id",
    "label" : "process_id",
    "type" : "string",
    "length" : 64
  }, {
    "name" : "status",
    "label" : "status",
    "type" : "string",
    "length" : 64
  }, {
    "name" : "id",
    "label" : "id",
    "type" : "string",
    "length" : 64
  }, {
    "name" : "r_runtime_state",
    "label" : "r_runtime_state",
    "type" : "integer"
  }, {
    "name" : "correlation_identifier",
    "label" : "correlation_identifier",
    "type" : "string",
    "length" : 64
  }, {
    "name" : "object_name",
    "label" : "object_name",
    "type" : "string",
    "length" : 64
  }, {
    "name" : "r_creator_name",
    "label" : "r_creator_name",
    "type" : "string",
    "length" : 64
  }, {
    "name" : "r_start_date",
    "label" : "r_start_date",
    "type" : "datetime"
  }, {
    "name" : "supervisor_name",
    "label" : "supervisor_name",
    "type" : "string",
    "length" : 64
  }, {
    "name" : "supervisor_address",
    "label" : "supervisor_address",
    "type" : "string",
    "length" : 64
  } ],
  "tasks" : [ {
    "rel" : "http://identifiers.emc.com/linkrel/task",
    "href" : "${contextPath}types/processes/itk_decisionprocess/tasks/itk_initiate"
  }, {
    "rel" : "http://identifiers.emc.com/linkrel/task",
    "href" : "${contextPath}types/processes/itk_decisionprocess/tasks/itk_evaulate_exception"
  }, {
    "rel" : "http://identifiers.emc.com/linkrel/task",
    "href" : "${contextPath}types/processes/itk_decisionprocess/tasks/itk_imqc"
  }, {
    "rel" : "http://identifiers.emc.com/linkrel/task",
    "href" : "${contextPath}types/processes/itk_decisionprocess/tasks/itk_recognition_and_des"
  }, {
    "rel" : "http://identifiers.emc.com/linkrel/task",
    "href" : "${contextPath}types/processes/itk_decisionprocess/tasks/itk_create_process_data"
  }, {
    "rel" : "http://identifiers.emc.com/linkrel/task",
    "href" : "${contextPath}types/processes/itk_decisionprocess/tasks/itk_is_utl"
  }, {
    "rel" : "http://identifiers.emc.com/linkrel/task",
    "href" : "${contextPath}types/processes/itk_decisionprocess/tasks/itk_check_if_qc_enabled"
  }, {
    "rel" : "http://identifiers.emc.com/linkrel/task",
    "href" : "${contextPath}types/processes/itk_decisionprocess/tasks/itk_end_process"
  }, {
    "rel" : "http://identifiers.emc.com/linkrel/task",
    "href" : "${contextPath}types/processes/itk_decisionprocess/tasks/itk_set_flag_for_imqc"
  } ],
  "flows" : [ {
    "source" : "${contextPath}types/processes/itk_decisionprocess/tasks/itk_initiate",
    "target" : "${contextPath}types/processes/itk_decisionprocess/tasks/itk_create_process_data",
    "flow-type" : "regular"
  }, {
    "source" : "${contextPath}types/processes/itk_decisionprocess/tasks/itk_create_process_data",
    "target" : "${contextPath}types/processes/itk_decisionprocess/tasks/itk_recognition_and_des",
    "flow-type" : "regular"
  }, {
    "source" : "${contextPath}types/processes/itk_decisionprocess/tasks/itk_recognition_and_des",
    "target" : "${contextPath}types/processes/itk_decisionprocess/tasks/itk_is_utl",
    "flow-type" : "regular"
  }, {
    "source" : "${contextPath}types/processes/itk_decisionprocess/tasks/itk_is_utl",
    "target" : "${contextPath}types/processes/itk_decisionprocess/tasks/itk_evaulate_exception",
    "flow-type" : "regular"
  }, {
    "source" : "${contextPath}types/processes/itk_decisionprocess/tasks/itk_evaulate_exception",
    "target" : "${contextPath}types/processes/itk_decisionprocess/tasks/itk_check_if_qc_enabled",
    "flow-type" : "regular"
  }, {
    "source" : "${contextPath}types/processes/itk_decisionprocess/tasks/itk_is_utl",
    "target" : "${contextPath}types/processes/itk_decisionprocess/tasks/itk_check_if_qc_enabled",
    "flow-type" : "regular"
  }, {
    "source" : "${contextPath}types/processes/itk_decisionprocess/tasks/itk_check_if_qc_enabled",
    "target" : "${contextPath}types/processes/itk_decisionprocess/tasks/itk_end_process",
    "flow-type" : "regular"
  }, {
    "source" : "${contextPath}types/processes/itk_decisionprocess/tasks/itk_imqc",
    "target" : "${contextPath}types/processes/itk_decisionprocess/tasks/itk_end_process",
    "flow-type" : "regular"
  }, {
    "source" : "${contextPath}types/processes/itk_decisionprocess/tasks/itk_check_if_qc_enabled",
    "target" : "${contextPath}types/processes/itk_decisionprocess/tasks/itk_imqc",
    "flow-type" : "regular"
  }, {
    "source" : "${contextPath}types/processes/itk_decisionprocess/tasks/itk_check_if_qc_enabled",
    "target" : "${contextPath}types/processes/itk_decisionprocess/tasks/itk_set_flag_for_imqc",
    "flow-type" : "regular"
  }, {
    "source" : "${contextPath}types/processes/itk_decisionprocess/tasks/itk_set_flag_for_imqc",
    "target" : "${contextPath}types/processes/itk_decisionprocess/tasks/itk_end_process",
    "flow-type" : "regular"
  } ],
  "data" : {
    "packages" : [ {
      "name" : "package3",
      "label" : "package3",
      "mandatory" : false,
      "visible" : true,
      "version-label" : "CURRENT",
      "type" : "${contextPath}types/business-objects/itk_trans_match"
    }, {
      "name" : "package5",
      "label" : "package5",
      "mandatory" : false,
      "visible" : true,
      "version-label" : "CURRENT",
      "type" : "${contextPath}types/business-objects/itk_as400_output"
    }, {
      "name" : "package2",
      "label" : "package2",
      "mandatory" : false,
      "visible" : true,
      "version-label" : "CURRENT",
      "type" : "${contextPath}types/business-objects/itk_trans_exception"
    }, {
      "name" : "package4",
      "label" : "package4",
      "mandatory" : false,
      "visible" : true,
      "version-label" : "CURRENT",
      "type" : "${contextPath}types/business-objects/itk_trans_decision"
    }, {
      "name" : "package0",
      "label" : "package0",
      "mandatory" : true,
      "visible" : true,
      "version-label" : "CURRENT",
      "type" : "${contextPath}types/contents/itk_transaction"
    }, {
      "name" : "package1",
      "label" : "package1",
      "mandatory" : false,
      "visible" : true,
      "version-label" : "CURRENT",
      "type" : "${contextPath}types/business-objects/itk_trans_edit"
    } ],
    "variables" : [ {
      "name" : "p_trans_id",
      "label" : "p_trans_id",
      "type" : "string",
      "repeating" : false,
      "default-value" : null,
      "mandatory" : false
    } ]
  },
  "links" : [ {
    "rel" : "self",
    "href" : "${contextPath}types/processes/itk_decisionprocess"
  }, {
    "rel" : "http://identifiers.emc.com/linkrel/instances",
    "href" : "${contextPath}processes/itk_decisionprocess"
  }, {
    "rel" : "http://identifiers.emc.com/linkrel/halt"
  }, {
    "rel" : "http://identifiers.emc.com/linkrel/resume"
  }, {
    "rel" : "http://identifiers.emc.com/linkrel/terminate"
  }, {
    "rel" : "http://identifiers.emc.com/linkrel/tasks"
  }, {
    "rel" : "http://identifiers.emc.com/linkrel/attachments"
  } ]
}