<?xml version="1.0" encoding="UTF-8" standalone="no"?>
<!--
 ******************************************************************************
 *
 * 1994, 2004 Documentum, a division of EMC Corporation.  All 
 * rights reserved. Confidential Property of Documentum, a 
 * division of EMC Corp.
 *
 ******************************************************************************
 *
 * Project        WDK 5.3
 * Description                    
 * Created on     Apr 27, 2004
 * Tab width      3
 *
 ******************************************************************************
 *
 * PVCS Maintained Data
 *
 * Revision       $Revision: 5$
 * Modified on    $Date: 4/24/2007 3:32:25 AM$
 *
 * Log at EOF
 *
 ******************************************************************************
-->
<config version="1.0">
   <scope type="idocs_document" >
      <component id="cancelcheckoutcontainer" extends="cancelcheckoutcontainer:/webcomponent/config/library/contenttransfer/cancelcheckout/cancelcheckoutcontainer_component.xml">
         <desc>
            This is the WDK cancelcheckoutcontainer component. It allows
            users to remove the lock on specified checked out documents. 
         </desc>
         <ucfrequired/>
         <class>org.ifc.idocs.contenttransfer.cancelcheckout.IDocsCancelCheckoutContainer</class>
         <nlsbundle>org.ifc.idocs.contenttransfer.cancelcheckout.CancelCheckoutContainerNlsProp</nlsbundle>
         <service>
            <service-class>com.documentum.web.contentxfer.impl.CancelCheckoutService</service-class>
            <transport-class>com.documentum.web.contentxfer.ucf.UcfContentTransport</transport-class>
         </service>
         <setrepositoryfromobjectid>true</setrepositoryfromobjectid>
         <bindingcomponentversion>latest</bindingcomponentversion>
      </component>
   </scope>
</config>

<!--~~~~~~~~~~~~~~~~~~~~~~~~~~~~~~~~~~~~~~~~~~~~~~~~~~~~~~~ Developer's Comments
# Parameters
/* component                            (Required) Supplied by the 
                                        LaunchComponent action execution class. 
                                        The name of the component to contain. 
*/
/* componentArgs                        (Required) Supplied by the 
                                        LaunchComponent action execution class.  
                                        List of arguments and values to pass to 
                                        each contained component. 
*/
#
# Elements
/* <bindingcomponentversion>            Specifies the version of components that 
                                        are supported by the container 
                                        component. Default: latest 
*/
/* <ucfrequired>                        If this element is present, then the 
                                        component requires UCF to be installed. 
*/
/* <setrepositoryfromobjectid>          Set to true to execute the query against 
                                        the source repository. Affects reference 
                                        and foreign objects. 
*/
#
~~~~~~~~~~~~~~~~~~~~~~~~~~~~~~~~~~~~~~~~~~~~~~~~~~~~~~~~~~~~~~~~~~~~~~~~~~~~~-->
