<?xml version="1.0" encoding="UTF-8" standalone="no"?>
<!--
 ******************************************************************************
 *
 * 1994, 2004 Documentum, a division of EMC Corporation.  All 
 * rights reserved. Confidential Property of Documentum, a 
 * division of EMC Corp.
 *
 ******************************************************************************
 *
 * Project        WDK 5.3
 * Description                    
 * Created on     Apr 27, 2004
 * Tab width      3
 *
 ******************************************************************************
 *
 * PVCS Maintained Data
 *
 * Revision       $Revision: 5$
 * Modified on    $Date: 4/24/2007 3:32:25 AM$
 *
 * Log at EOF
 *
 ******************************************************************************
-->
<config version="1.0">
   <scope type="idocs_document">
      <component id="cancelcheckout" extends="cancelcheckout:/webcomponent/config/library/contenttransfer/cancelcheckout/cancelcheckout_component.xml">
         <ucfrequired/>
          <desc>
            This is the WDK cancelcheckout component. It cancels the
            checkout of one or more previously checked out objects by removing 
            the lock on the specified objects. This component must run within 
            the cancelcheckoutcontainer component or the
            httpcancelcheckoutcontainer. The cancelcheckout component is 
            defined for dm_sysobject and dm_folder. 
         </desc>
         <params>
            <param name="objectId" required="true"/>
            <param name="vdmRootObjectId" required="false"/>
            <param name="nodeId" required="false"/>
         </params>
         <pages>
            <start>/webcomponent/library/contenttransfer/cancelcheckout/cancelCheckout.jsp</start>
         </pages>
         <class>org.ifc.idocs.contenttransfer.cancelcheckout.IDocsUcfCancelCheckout</class>
         <nlsbundle>com.documentum.webcomponent.library.contenttransfer.cancelcheckout.CancelCheckoutNlsProp</nlsbundle>
         <helpcontextid>cancelcheckout</helpcontextid>
         <service>
            <processor-class>com.documentum.web.contentxfer.impl.CancelCheckoutProcessor</processor-class>
         </service>
         <init-controls>
            <control name="nodescendents" type="com.documentum.web.form.control.Radio">
               <init-property>
                  <property-name>value</property-name>
                  <property-value>true</property-value>
               </init-property>
            </control>
         </init-controls>
      </component>
   </scope>
</config>

<!--~~~~~~~~~~~~~~~~~~~~~~~~~~~~~~~~~~~~~~~~~~~~~~~~~~~~~~~ Developer's Comments
# Parameters
/* nodeId                               (Optional) Node ID of the checked out 
                                        object, when it is part of a virtual 
                                        document. 
*/
/* objectId                             (Required) The ID of the checked out 
                                        docbase object. 
*/
/* vdmRootObjectId                      (Optional) Object ID of the root of a 
                                        virtual document (when operating on a 
                                        child node). 
*/
#
# Elements
/* <ucfrequired>                        If this element is present, then the 
                                        component requires UCF to be installed. 
*/
/* <init-controls>                      Initializes the nodescendents radio 
                                        button value 
*/
#
~~~~~~~~~~~~~~~~~~~~~~~~~~~~~~~~~~~~~~~~~~~~~~~~~~~~~~~~~~~~~~~~~~~~~~~~~~~~~-->
