<?xml version="1.0" encoding="UTF-8" standalone="no"?>
<!--***********************************************************************-->
<!--                                                                       -->
<!-- Confidential Property of Documentum, Inc.                             -->
<!-- (c) Copyright Documentum, Inc. 2002.                                  -->
<!-- All Rights reserved.                                                  -->
<!-- May not be used without prior written agreement                       -->
<!-- signed by a Documentum corporate officer.                             -->
<!--                                                                       -->
<!--***********************************************************************-->
<!--                                                                       -->
<!-- Project        Component Library                                      -->
<!-- Module         addchild Locator                                       -->
<!-- File           addchildsysobjectlocator_component.xml                 -->
<!-- Description    addchild dm_sysobject Locator Component Definition     -->
<!-- Created on     23 May 2002                                            -->
<!-- Tab width      3                                                      -->
<!--                                                                       -->
<!--***********************************************************************-->
<!--                                                                       -->
<!-- VCS Maintained Data                                                   -->
<!--                                                                       -->
<!-- Revision       $Revision: 6$                                           -->
<!-- Modified on    $Date: 2/27/2007 7:14:33 AM$                            -->
<!--                                                                       -->
<!-- Log at EOF                                                            -->
<!--                                                                       -->
<!--***********************************************************************-->
<config version="1.0">
   <scope>
      <component modifies="addchildsysobjectlocator:webcomponent/config/library/vdm/addcomponent/addchildsysobjectlocator_component.xml">

		<insertafter path="params.param[name=multiselect]">
            <param name="objectId" required="false"/>
            <param name="folderId" required="false"/>
		</insertafter>

	  </component>
   </scope>
</config>
<!--~~~~~~~~~~~~~~~~~~~~~~~~~~~~~~~~~~~~~~~~~~~~~~~~~~~~~~~ Developer's Comments
# Parameters
/* flatlist                             (Optional) Boolean: Set to true to 
                                        display a flat list of all selectable 
                                        objects. 
*/
/* multiselect                          (Optional) Boolean: Set to true to 
                                        support multiple object selection. 
*/
/* objecttype                           (Optional) Type of the selected object 
*/
#
# Elements
/* <containerselectable>                Boolean flag that specifies 
                                        whether the container type is selectable 
                                        when the container is a subtype of the 
                                        objecttype. 
*/
#
~~~~~~~~~~~~~~~~~~~~~~~~~~~~~~~~~~~~~~~~~~~~~~~~~~~~~~~~~~~~~~~~~~~~~~~~~~~~~-->
