<?xml version="1.0" encoding="UTF-8" standalone="no"?>
<!--***********************************************************************-->
<!--                                                                       -->
<!-- Confidential Property of Documentum, Inc.                             -->
<!-- (c) Copyright Documentum, Inc. 2002.                                  -->
<!-- All Rights reserved.                                                  -->
<!-- May not be used without prior written agreement                       -->
<!-- signed by a Documentum corporate officer.                             -->
<!--                                                                       -->
<!--***********************************************************************-->
<!--                                                                       -->
<!-- Project        Lister                                                 -->
<!-- Module         addchild Locator                                       -->
<!-- File           addchildsysobjectlocatorcontainer_component.xml        -->
<!-- Description    addchild dm_sysobject Locator container Component Def  -->
<!-- Created on     23 May 2002                                            -->
<!-- Tab width      3                                                      -->
<!--                                                                       -->
<!--***********************************************************************-->
<!--                                                                       -->
<!-- VCS Maintained Data                                                   -->
<!--                                                                       -->
<!-- Revision       $Revision: 6$                                           -->
<!-- Modified on    $Date: 2/27/2007 7:14:34 AM$                             -->
<!--                                                                       -->
<!-- Log at EOF                                                            -->
<!--                                                                       -->
<!--***********************************************************************-->
<config version="1.0">
   <scope>
      <component modifies="addchildsysobjectlocatorcontainer:webcomponent/config/library/vdm/addcomponent/addchildsysobjectlocatorcontainer_component.xml">

		<insertafter path="params.param[name=multiselect]">
            <param name="objectId" required="false"/>
            <param name="folderId" required="false"/>
		</insertafter>

      </component>
      <!-- #### Is it correct for this to be outside the component def? -->
      <!-- specify whether the container type is selectable when the container is a subtype of the objecttype. -->
      <containerselectable>false</containerselectable>
   </scope>
</config>
<!--~~~~~~~~~~~~~~~~~~~~~~~~~~~~~~~~~~~~~~~~~~~~~~~~~~~~~~~ Developer's Comments
# Parameters
/* flatlist                             (Optional) Boolean: Set to true to list 
                                        all objects in a flat list, set to false 
                                        to display a drop-down list 
*/
/* multiselect                          (Required) Boolean. Set to true to 
                                        support multiple object selection. 
*/
/* objecttype                           (Optional) Type of the selected object 
*/
#
~~~~~~~~~~~~~~~~~~~~~~~~~~~~~~~~~~~~~~~~~~~~~~~~~~~~~~~~~~~~~~~~~~~~~~~~~~~~~-->
