<?xml version="1.0" encoding="UTF-8" standalone="no"?>
<!--***********************************************************************-->
<!-- (c) Copyright 2004. EMC Corporation.  All Rights Reserved.            -->
<!--***********************************************************************-->
<!-- Project        Component Library                                      -->
<!-- Module         Add Virtual Document Node From Clipboard               -->
<!-- File           addvirtualdocumentnodefromclipboard_component.xml      -->
<!-- Description    Add Virtual Document Node From Clipboard Component Def -->
<!-- Created on     September 30 2004                                      -->
<!-- Tab width      3                                                      -->
<!--***********************************************************************-->
<!-- VCS Maintained Data                                                   -->
<!--                                                                       -->
<!-- Revision       $Revision: 2$                                           -->
<!-- Modified on    $Date: 2/27/2007 7:14:35 AM$                           -->
<!--***********************************************************************-->
<config version="1.0">
   <scope type="dm_sysobject">
      <component modifies="addvirtualdocumentnodefromfileselector:webcomponent/config/library/vdm/addcomponent/addvirtualdocumentnodefromfileselector_component.xml">
		<replace path='params'>
		<params>
            <param name="objectId" required="true"/>
            <param name="lockOwner" required="false"/>
            <param name="vdmRootObjectId" required="false"/>
            <param name="nodeId" required="false"/>
            <param name="isVirtualDoc" required="false"/>
         </params>
         </replace>
	  
	  <replace path='class'>
         <class>
            org.ifc.idocs.library.vdm.addcomponent.AddVirtualDocumentNodeFromFileSelector
         </class>
	  </replace>
	  <replace path='nlsbundle'>
         <nlsbundle>
            org.ifc.idocs.vdm.addcomponent.AddVirtualDocumentNodeNlsProp
         </nlsbundle>
	  </replace>
      </component>
   </scope>
</config>

<!--~~~~~~~~~~~~~~~~~~~~~~~~~~~~~~~~~~~~~~~~~~~~~~~~~~~~~~~ Developer's Comments
# Parameters
/* lockOwner                            (Optional) Name of the owner of the 
                                        virtual document root node 
*/
/* nodeId                               (Optional) Node ID of the object to 
                                        operate on, when it is part of a virtual 
                                        document 
*/
/* objectId                             (Required) ID of the object to be added 
                                        to the virtual document 
*/
/* vdmRootObjectId                      (Optional) Object ID of the root of a 
                                        virtual document (when operating on a 
                                        child node)
*/
#
~~~~~~~~~~~~~~~~~~~~~~~~~~~~~~~~~~~~~~~~~~~~~~~~~~~~~~~~~~~~~~~~~~~~~~~~~~~~~-->
