{
  "name" : "business-object-type",
  "type" : "itk_transaction_event",
  "label" : "transaction_event",
  "parent" : "${contextPath}types/business-objects/xcp_rootbo",
  "properties" : [ {
    "name" : "transaction_id",
    "label" : "Transaction ID",
    "type" : "string",
    "length" : 64
  }, {
    "name" : "event_name",
    "label" : "Event Name",
    "type" : "string",
    "length" : 64
  }, {
    "name" : "operator_id",
    "label" : "Operator ID",
    "type" : "string",
    "length" : 64
  }, {
    "name" : "event_source",
    "label" : "Event Source",
    "type" : "string",
    "length" : 64
  }, {
    "name" : "event_group",
    "label" : "Event Group",
    "type" : "string",
    "length" : 64
  }, {
    "name" : "event_data",
    "label" : "Event Data",
    "type" : "string",
    "length" : 64
  }, {
    "name" : "event_datetime",
    "label" : "Event Date",
    "type" : "datetime"
  }, {
    "name" : "event_line_status",
    "label" : "Event Line Status",
    "type" : "string",
    "length" : 64
  } ],
  "relationships" : {
    "target" : [ {
      "rel" : "http://identifiers.emc.com/linkrel/target",
      "name" : "itk_event_relationship",
      "type" : "${contextPath}types/relationships/itk_event_relationship"
    } ]
  },
  "links" : [ {
    "rel" : "self",
    "href" : "${contextPath}types/business-objects/itk_transaction_event"
  }, {
    "rel" : "http://identifiers.emc.com/linkrel/instances",
    "href" : "${contextPath}business-objects/itk_transaction_event"
  }, {
    "rel" : "http://identifiers.emc.com/linkrel/defaults",
    "href" : "${contextPath}types/business-objects/itk_transaction_event/defaults"
  }, {
    "rel" : "type"
  }, {
    "rel" : "edit"
  }, {
    "rel" : "canonical"
  }, {
    "rel" : "http://identifiers.emc.com/linkrel/delete"
  }, {
    "rel" : "http://identifiers.emc.com/linkrel/relations"
  } ]
}