{
  "name" : "business-object-type",
  "type" : "itk_reconciliation_list",
  "label" : "reconciliation_list",
  "parent" : "${contextPath}types/business-objects/itk_reconciliation",
  "properties" : [ {
    "name" : "unique_id",
    "label" : "Unique ID",
    "type" : "string",
    "length" : 64
  }, {
    "name" : "account_name",
    "label" : "Account Name",
    "type" : "string",
    "length" : 64
  }, {
    "name" : "date_due",
    "label" : "Date Due",
    "type" : "datetime"
  }, {
    "name" : "date_billed",
    "label" : "Date Billed",
    "type" : "datetime"
  }, {
    "name" : "past_due",
    "label" : "Past Due",
    "type" : "string",
    "length" : 64
  }, {
    "name" : "loaded_expired",
    "label" : "Loaded Expired",
    "type" : "string",
    "length" : 64
  }, {
    "name" : "deductible",
    "label" : "Deductible",
    "type" : "float"
  } ],
  "links" : [ {
    "rel" : "self",
    "href" : "${contextPath}types/business-objects/itk_reconciliation_list"
  }, {
    "rel" : "http://identifiers.emc.com/linkrel/instances",
    "href" : "${contextPath}business-objects/itk_reconciliation_list"
  }, {
    "rel" : "http://identifiers.emc.com/linkrel/defaults",
    "href" : "${contextPath}types/business-objects/itk_reconciliation_list/defaults"
  }, {
    "rel" : "type"
  }, {
    "rel" : "edit"
  }, {
    "rel" : "canonical"
  }, {
    "rel" : "http://identifiers.emc.com/linkrel/delete"
  }, {
    "rel" : "http://identifiers.emc.com/linkrel/relations"
  } ]
}