{
  "name" : "business-object-type",
  "type" : "itk_trans_match",
  "label" : "trans_match",
  "parent" : "${contextPath}types/business-objects/xcp_rootbo",
  "properties" : [ {
    "name" : "transaction_id",
    "label" : "Transaction ID",
    "type" : "string",
    "length" : 64
  }, {
    "name" : "loan_number",
    "label" : "Loan Number",
    "type" : "string",
    "length" : 64,
    "repeating" : true
  }, {
    "name" : "loan_suffix",
    "label" : "Loan Suffix",
    "type" : "string",
    "length" : 64,
    "repeating" : true
  }, {
    "name" : "exit_point",
    "label" : "Matching Exit",
    "type" : "string",
    "length" : 64,
    "repeating" : true
  }, {
    "name" : "account_number",
    "label" : "Account Number",
    "type" : "string",
    "length" : 64
  }, {
    "name" : "activity_status",
    "label" : "Match Activity Status",
    "type" : "string",
    "length" : 64
  }, {
    "name" : "status_text",
    "label" : "Match Activity Status Text",
    "type" : "string",
    "length" : 64
  } ],
  "links" : [ {
    "rel" : "self",
    "href" : "${contextPath}types/business-objects/itk_trans_match"
  }, {
    "rel" : "http://identifiers.emc.com/linkrel/instances",
    "href" : "${contextPath}business-objects/itk_trans_match"
  }, {
    "rel" : "http://identifiers.emc.com/linkrel/defaults",
    "href" : "${contextPath}types/business-objects/itk_trans_match/defaults"
  }, {
    "rel" : "type"
  }, {
    "rel" : "edit"
  }, {
    "rel" : "canonical"
  }, {
    "rel" : "http://identifiers.emc.com/linkrel/delete"
  }, {
    "rel" : "http://identifiers.emc.com/linkrel/relations"
  } ]
}