{
  "name" : "business-object-type",
  "type" : "itk_mailrm_tmcard",
  "label" : "mailrm_tmcard",
  "parent" : "${contextPath}types/business-objects/xcp_rootbo",
  "properties" : [ {
    "name" : "mailroom_operator",
    "label" : "Mailroom Operator",
    "type" : "string",
    "length" : 64
  }, {
    "name" : "timecard_date",
    "label" : "Timecard Date",
    "type" : "datetime"
  }, {
    "name" : "work_activity",
    "label" : "Work Activity",
    "type" : "string",
    "length" : 64
  }, {
    "name" : "activity_start_time",
    "label" : "Activity Start Time",
    "type" : "datetime"
  }, {
    "name" : "activity_end_time",
    "label" : "Activity End Time",
    "type" : "datetime"
  }, {
    "name" : "account_number",
    "label" : "Account Number",
    "type" : "string",
    "length" : 64
  }, {
    "name" : "processed_pages",
    "label" : "Processed Pages",
    "type" : "float"
  } ],
  "links" : [ {
    "rel" : "self",
    "href" : "${contextPath}types/business-objects/itk_mailrm_tmcard"
  }, {
    "rel" : "http://identifiers.emc.com/linkrel/instances",
    "href" : "${contextPath}business-objects/itk_mailrm_tmcard"
  }, {
    "rel" : "http://identifiers.emc.com/linkrel/defaults",
    "href" : "${contextPath}types/business-objects/itk_mailrm_tmcard/defaults"
  }, {
    "rel" : "type"
  }, {
    "rel" : "edit"
  }, {
    "rel" : "canonical"
  }, {
    "rel" : "http://identifiers.emc.com/linkrel/delete"
  }, {
    "rel" : "http://identifiers.emc.com/linkrel/relations"
  } ]
}