{
  "name" : "business-object-type",
  "type" : "itk_escrow_loans",
  "label" : "escrow_loans",
  "parent" : "${contextPath}types/business-objects/itk_reconciliation",
  "properties" : [ {
    "name" : "next_due_date",
    "label" : "Next Due Date",
    "type" : "datetime"
  }, {
    "name" : "added_date",
    "label" : "Added Date",
    "type" : "datetime"
  }, {
    "name" : "status_code",
    "label" : "Status Code",
    "type" : "string",
    "length" : 64
  }, {
    "name" : "status",
    "label" : "Status",
    "type" : "string",
    "length" : 64
  } ],
  "links" : [ {
    "rel" : "self",
    "href" : "${contextPath}types/business-objects/itk_escrow_loans"
  }, {
    "rel" : "http://identifiers.emc.com/linkrel/instances",
    "href" : "${contextPath}business-objects/itk_escrow_loans"
  }, {
    "rel" : "http://identifiers.emc.com/linkrel/defaults",
    "href" : "${contextPath}types/business-objects/itk_escrow_loans/defaults"
  }, {
    "rel" : "type"
  }, {
    "rel" : "edit"
  }, {
    "rel" : "canonical"
  }, {
    "rel" : "http://identifiers.emc.com/linkrel/delete"
  }, {
    "rel" : "http://identifiers.emc.com/linkrel/relations"
  } ]
}