{
  "name" : "business-object-type",
  "type" : "itk_ruleset",
  "label" : "ruleset",
  "parent" : "${contextPath}types/business-objects/xcp_rootbo",
  "properties" : [ {
    "name" : "ruleset_name",
    "label" : "Ruleset Name",
    "type" : "string",
    "length" : 64
  }, {
    "name" : "ruleset_type",
    "label" : "Ruleset Type",
    "type" : "string",
    "length" : 64
  }, {
    "name" : "rule_id",
    "label" : "Rule ID",
    "type" : "string",
    "length" : 64,
    "repeating" : true
  }, {
    "name" : "business_type",
    "label" : "Business Type",
    "type" : "string",
    "length" : 64
  } ],
  "links" : [ {
    "rel" : "self",
    "href" : "${contextPath}types/business-objects/itk_ruleset"
  }, {
    "rel" : "http://identifiers.emc.com/linkrel/instances",
    "href" : "${contextPath}business-objects/itk_ruleset"
  }, {
    "rel" : "http://identifiers.emc.com/linkrel/defaults",
    "href" : "${contextPath}types/business-objects/itk_ruleset/defaults"
  }, {
    "rel" : "type"
  }, {
    "rel" : "edit"
  }, {
    "rel" : "canonical"
  }, {
    "rel" : "http://identifiers.emc.com/linkrel/delete"
  }, {
    "rel" : "http://identifiers.emc.com/linkrel/relations"
  } ]
}