{
  "name" : "business-object-type",
  "type" : "itk_rule",
  "label" : "rule",
  "parent" : "${contextPath}types/business-objects/xcp_rootbo",
  "properties" : [ {
    "name" : "rule_name",
    "label" : "Rule Name",
    "type" : "string",
    "length" : 64
  }, {
    "name" : "rule_id",
    "label" : "Rule ID",
    "type" : "string",
    "length" : 64
  }, {
    "name" : "sequence",
    "label" : "Sequence",
    "type" : "integer"
  }, {
    "name" : "next_rule",
    "label" : "Next Rule",
    "type" : "string",
    "length" : 64
  }, {
    "name" : "transaction_sources",
    "label" : "Transaction Sources",
    "type" : "string",
    "length" : 64,
    "repeating" : true
  }, {
    "name" : "transaction_types",
    "label" : "Transaction Types",
    "type" : "string",
    "length" : 64,
    "repeating" : true
  }, {
    "name" : "condition",
    "label" : "Condition",
    "type" : "string",
    "length" : 64
  }, {
    "name" : "true_action_id",
    "label" : "True Actions",
    "type" : "string",
    "length" : 64,
    "repeating" : true
  }, {
    "name" : "false_action_id",
    "label" : "False Actions",
    "type" : "string",
    "length" : 64,
    "repeating" : true
  } ],
  "links" : [ {
    "rel" : "self",
    "href" : "${contextPath}types/business-objects/itk_rule"
  }, {
    "rel" : "http://identifiers.emc.com/linkrel/instances",
    "href" : "${contextPath}business-objects/itk_rule"
  }, {
    "rel" : "http://identifiers.emc.com/linkrel/defaults",
    "href" : "${contextPath}types/business-objects/itk_rule/defaults"
  }, {
    "rel" : "type"
  }, {
    "rel" : "edit"
  }, {
    "rel" : "canonical"
  }, {
    "rel" : "http://identifiers.emc.com/linkrel/delete"
  }, {
    "rel" : "http://identifiers.emc.com/linkrel/relations"
  } ]
}