{
  "name" : "business-object-type",
  "type" : "itk_auto_match_conf",
  "label" : "auto_match_conf",
  "parent" : "${contextPath}types/business-objects/itk_match_conf",
  "properties" : [ {
    "name" : "utl_tol",
    "label" : "UTL Tolerance",
    "type" : "integer"
  }, {
    "name" : "name_tol",
    "label" : "Name Tolerance",
    "type" : "integer"
  }, {
    "name" : "address1_tol",
    "label" : "Address 1 Tolerance",
    "type" : "integer"
  }, {
    "name" : "address2_tol",
    "label" : "Address 2 Tolerance",
    "type" : "integer"
  }, {
    "name" : "policy_no_tol",
    "label" : "Policy Number Tolerance",
    "type" : "integer"
  }, {
    "name" : "coll_id_tol",
    "label" : "Collateral ID Tolerance",
    "type" : "integer"
  }, {
    "name" : "coll_id_short_tol",
    "label" : "Collateral ID (short) Tolerance",
    "type" : "integer"
  }, {
    "name" : "collateral_make",
    "label" : "Collateral Make Tolerance",
    "type" : "integer"
  }, {
    "name" : "coll_model_tol",
    "label" : "Collateral Model Tolerance",
    "type" : "integer"
  }, {
    "name" : "coll_year_tol",
    "label" : "Collateral Year Tolerance",
    "type" : "integer"
  }, {
    "name" : "co_name_tol",
    "label" : "Co-Borrower Tolerance",
    "type" : "integer"
  } ],
  "links" : [ {
    "rel" : "self",
    "href" : "${contextPath}types/business-objects/itk_auto_match_conf"
  }, {
    "rel" : "http://identifiers.emc.com/linkrel/instances",
    "href" : "${contextPath}business-objects/itk_auto_match_conf"
  }, {
    "rel" : "http://identifiers.emc.com/linkrel/defaults",
    "href" : "${contextPath}types/business-objects/itk_auto_match_conf/defaults"
  }, {
    "rel" : "type"
  }, {
    "rel" : "edit"
  }, {
    "rel" : "canonical"
  }, {
    "rel" : "http://identifiers.emc.com/linkrel/delete"
  }, {
    "rel" : "http://identifiers.emc.com/linkrel/relations"
  } ]
}