{
  "name" : "business-object-type",
  "type" : "itk_match_conf",
  "label" : "match_conf",
  "parent" : "${contextPath}types/business-objects/xcp_rootbo",
  "properties" : [ {
    "name" : "overall_score",
    "label" : "Overall Score",
    "type" : "integer"
  }, {
    "name" : "system_name",
    "label" : "System Name",
    "type" : "string",
    "length" : 64
  }, {
    "name" : "match_host",
    "label" : "Match Host",
    "type" : "string",
    "length" : 64
  }, {
    "name" : "match_port",
    "label" : "Match Port",
    "type" : "string",
    "length" : 64
  }, {
    "name" : "rules",
    "label" : "Rules",
    "type" : "string",
    "length" : 64
  } ],
  "links" : [ {
    "rel" : "self",
    "href" : "${contextPath}types/business-objects/itk_match_conf"
  }, {
    "rel" : "http://identifiers.emc.com/linkrel/instances",
    "href" : "${contextPath}business-objects/itk_match_conf"
  }, {
    "rel" : "http://identifiers.emc.com/linkrel/defaults",
    "href" : "${contextPath}types/business-objects/itk_match_conf/defaults"
  }, {
    "rel" : "type"
  }, {
    "rel" : "edit"
  }, {
    "rel" : "canonical"
  }, {
    "rel" : "http://identifiers.emc.com/linkrel/delete"
  }, {
    "rel" : "http://identifiers.emc.com/linkrel/relations"
  } ]
}