{
  "name" : "business-object-type",
  "type" : "itk_postevent_action",
  "label" : "postevent_action",
  "parent" : "${contextPath}types/business-objects/itk_action",
  "properties" : [ {
    "name" : "event_type",
    "label" : "Event Type",
    "type" : "string",
    "length" : 64
  }, {
    "name" : "transaction_id",
    "label" : "Transaction Id",
    "type" : "string",
    "length" : 64
  }, {
    "name" : "event_name",
    "label" : "Event Name",
    "type" : "string",
    "length" : 64
  }, {
    "name" : "operator_id",
    "label" : "Operator ID",
    "type" : "string",
    "length" : 64
  }, {
    "name" : "event_source",
    "label" : "Event Source",
    "type" : "string",
    "length" : 64
  }, {
    "name" : "event_line_status",
    "label" : "Event Line Status",
    "type" : "string",
    "length" : 64
  }, {
    "name" : "loan_number",
    "label" : "Loan Number",
    "type" : "string",
    "length" : 64
  }, {
    "name" : "loan_suffix",
    "label" : "Loan Suffix",
    "type" : "string",
    "length" : 64
  }, {
    "name" : "event_datetime",
    "label" : "Event DateTime",
    "type" : "string",
    "length" : 64
  }, {
    "name" : "account_number",
    "label" : "Account Number",
    "type" : "string",
    "length" : 64
  } ],
  "links" : [ {
    "rel" : "self",
    "href" : "${contextPath}types/business-objects/itk_postevent_action"
  }, {
    "rel" : "http://identifiers.emc.com/linkrel/instances",
    "href" : "${contextPath}business-objects/itk_postevent_action"
  }, {
    "rel" : "http://identifiers.emc.com/linkrel/defaults",
    "href" : "${contextPath}types/business-objects/itk_postevent_action/defaults"
  }, {
    "rel" : "type"
  }, {
    "rel" : "edit"
  }, {
    "rel" : "canonical"
  }, {
    "rel" : "http://identifiers.emc.com/linkrel/delete"
  }, {
    "rel" : "http://identifiers.emc.com/linkrel/relations"
  } ]
}