{
  "name" : "business-object-type",
  "type" : "itk_as400_output",
  "label" : "as400_output",
  "parent" : "${contextPath}types/business-objects/xcp_rootbo",
  "properties" : [ {
    "name" : "as400_action",
    "label" : "Action from Documentum",
    "type" : "string",
    "length" : 64
  }, {
    "name" : "agency_number",
    "label" : "Agency",
    "type" : "string",
    "length" : 64
  }, {
    "name" : "account_number",
    "label" : "Account Number",
    "type" : "string",
    "length" : 64
  }, {
    "name" : "loan_no",
    "label" : "Loan Number",
    "type" : "string",
    "length" : 64
  }, {
    "name" : "loan_suffix",
    "label" : "Loan Suffix",
    "type" : "string",
    "length" : 64
  }, {
    "name" : "a_company",
    "label" : "After Insurance company",
    "type" : "string",
    "length" : 64
  }, {
    "name" : "a_policy_no",
    "label" : "After Policy number",
    "type" : "string",
    "length" : 64
  }, {
    "name" : "a_insur_type",
    "label" : "After Insurance type (D or C)",
    "type" : "string",
    "length" : 64
  }, {
    "name" : "a_begin_date",
    "label" : "After Insurance Effective date",
    "type" : "datetime"
  }, {
    "name" : "a_end_date",
    "label" : "After Insurance Expiration date",
    "type" : "datetime"
  }, {
    "name" : "a_cancel_date",
    "label" : "After Insurance Cancellation date",
    "type" : "datetime"
  }, {
    "name" : "a_rein_eff_date",
    "label" : "After Insurance Reinstatement date",
    "type" : "datetime"
  }, {
    "name" : "a_comp_deduct",
    "label" : "After Comprehensive deductible",
    "type" : "float"
  }, {
    "name" : "a_coll_deduct",
    "label" : "After Collision deductible",
    "type" : "float"
  }, {
    "name" : "a_lienholder_name",
    "label" : "After Lienholder name",
    "type" : "string",
    "length" : 64
  }, {
    "name" : "a_agent_name",
    "label" : "After Insurance agent name",
    "type" : "string",
    "length" : 64
  }, {
    "name" : "a_agent_address_1",
    "label" : "After Insurance agent address 1",
    "type" : "string",
    "length" : 64
  }, {
    "name" : "a_agent_address_2",
    "label" : "After Insurance agent address 2",
    "type" : "string",
    "length" : 64
  }, {
    "name" : "a_agent_city",
    "label" : "After Insurance agent city",
    "type" : "string",
    "length" : 64
  }, {
    "name" : "a_agent_state",
    "label" : "After Insurance agent state",
    "type" : "string",
    "length" : 64
  }, {
    "name" : "a_agent_zip",
    "label" : "After Insurance agent zip",
    "type" : "string",
    "length" : 64
  }, {
    "name" : "a_agent_phone",
    "label" : "After Insurance agent phone number",
    "type" : "string",
    "length" : 64
  }, {
    "name" : "a_agent_fax",
    "label" : "After Insurance agent fax",
    "type" : "string",
    "length" : 64
  }, {
    "name" : "a_impairment_code",
    "label" : "After Insurance impairment code",
    "type" : "string",
    "length" : 64
  }, {
    "name" : "a_bodily_injury_per_person",
    "label" : "After Bodily injury per person coverage amount",
    "type" : "float"
  }, {
    "name" : "a_bipp_impairment",
    "label" : "After Bodily injury per person impairment code",
    "type" : "string",
    "length" : 64
  }, {
    "name" : "a_bodily_injury_per_occ",
    "label" : "After Bodily injury per occurrence  coverage amount",
    "type" : "float"
  }, {
    "name" : "a_bipo_impairment",
    "label" : "After Bodily injury per occurrence impairment code",
    "type" : "string",
    "length" : 64
  }, {
    "name" : "a_property_damage_per_occ",
    "label" : "After Property damage per occurrence  coverage amount",
    "type" : "float"
  }, {
    "name" : "a_pdpo_impairment",
    "label" : "After Property damage per occurrence impairment code",
    "type" : "string",
    "length" : 64
  }, {
    "name" : "a_unins_motor_per_person",
    "label" : "After Uninsured motorist per person  coverage amount",
    "type" : "float"
  }, {
    "name" : "a_umpp_impairment",
    "label" : "After Uninsured motorist per person impairment code",
    "type" : "string",
    "length" : 64
  }, {
    "name" : "a_unins_motor_per_occ",
    "label" : "After Uninsured motorist per occurrence  coverage amount",
    "type" : "float"
  }, {
    "name" : "a_umpo_impairment",
    "label" : "After Uninsured motorist per occurrence impairment code",
    "type" : "string",
    "length" : 64
  }, {
    "name" : "a_add_insured",
    "label" : "After Name additional insured",
    "type" : "string",
    "length" : 64
  }, {
    "name" : "a_nai_impairment",
    "label" : "After Name additional insured impairment code",
    "type" : "string",
    "length" : 64
  }, {
    "name" : "b_company",
    "label" : "Before Insurance company",
    "type" : "string",
    "length" : 64
  }, {
    "name" : "b_policy_no",
    "label" : "Before Policy number",
    "type" : "string",
    "length" : 64
  }, {
    "name" : "b_insur_type",
    "label" : "Before Insurance type (D or C)",
    "type" : "string",
    "length" : 64
  }, {
    "name" : "b_begin_date",
    "label" : "Before Insurance Effective date",
    "type" : "datetime"
  }, {
    "name" : "b_end_date",
    "label" : "Before Insurance Expiration date",
    "type" : "datetime"
  }, {
    "name" : "b_cancel_date",
    "label" : "Before Insurance Cancellation date",
    "type" : "datetime"
  }, {
    "name" : "b_rein_eff_date",
    "label" : "Before Insurance Reinstatement date",
    "type" : "datetime"
  }, {
    "name" : "b_comp_deduct",
    "label" : "Before Comprehensive deductible",
    "type" : "float"
  }, {
    "name" : "b_coll_deduct",
    "label" : "Before Collision deductible",
    "type" : "float"
  }, {
    "name" : "b_lienholder_name",
    "label" : "Before Lienholder name",
    "type" : "string",
    "length" : 64
  }, {
    "name" : "b_agent_name",
    "label" : "Before Insurance agent name",
    "type" : "string",
    "length" : 64
  }, {
    "name" : "b_agent_address_1",
    "label" : "Before Insurance agent address 1",
    "type" : "string",
    "length" : 64
  }, {
    "name" : "b_agent_address_2",
    "label" : "Before Insurance agent address 2",
    "type" : "string",
    "length" : 64
  }, {
    "name" : "b_agent_city",
    "label" : "Before Insurance agent city",
    "type" : "string",
    "length" : 64
  }, {
    "name" : "b_agent_state",
    "label" : "Before Insurance agent state",
    "type" : "string",
    "length" : 64
  }, {
    "name" : "b_agent_zip",
    "label" : "Before Insurance agent zip",
    "type" : "string",
    "length" : 64
  }, {
    "name" : "b_agent_phone",
    "label" : "Before Insurance agent phone number",
    "type" : "string",
    "length" : 64
  }, {
    "name" : "b_agent_fax",
    "label" : "Before Insurance agent fax",
    "type" : "string",
    "length" : 64
  }, {
    "name" : "b_impairment_code",
    "label" : "Before Insurance impairment code",
    "type" : "string",
    "length" : 64
  }, {
    "name" : "b_bodily_injury_per_person",
    "label" : "Before Bodily injury per person coverage amount",
    "type" : "float"
  }, {
    "name" : "b_bipp_impairment",
    "label" : "Before Bodily injury per person impairment code",
    "type" : "string",
    "length" : 64
  }, {
    "name" : "b_bodily_injury_per_occ",
    "label" : "Before Bodily injury per occurrence  coverage amount",
    "type" : "float"
  }, {
    "name" : "b_bipo_impairment",
    "label" : "Before Bodily injury per occurrence impairment code",
    "type" : "string",
    "length" : 64
  }, {
    "name" : "b_property_damage_per_occ",
    "label" : "Before Property damage per occurrence  coverage amount",
    "type" : "float"
  }, {
    "name" : "b_pdpo_impairment",
    "label" : "Before Property damage per occurrence impairment code",
    "type" : "string",
    "length" : 64
  }, {
    "name" : "b_unins_motor_per_person",
    "label" : "Before Uninsured motorist per person  coverage amount",
    "type" : "float"
  }, {
    "name" : "b_umpp_impairment",
    "label" : "Before Uninsured motorist per person impairment code",
    "type" : "string",
    "length" : 64
  }, {
    "name" : "b_unins_motor_per_occ",
    "label" : "Before Uninsured motorist per occurrence  coverage amount",
    "type" : "float"
  }, {
    "name" : "b_umpo_impairment",
    "label" : "Before Uninsured motorist per occurrence impairment code",
    "type" : "string",
    "length" : 64
  }, {
    "name" : "b_add_insured",
    "label" : "Before Name additional insured",
    "type" : "string",
    "length" : 64
  }, {
    "name" : "b_nai_impairment",
    "label" : "Before Name additional insured impairment code",
    "type" : "string",
    "length" : 64
  }, {
    "name" : "transaction_id",
    "label" : "Documentum transaction id",
    "type" : "string",
    "length" : 64
  }, {
    "name" : "received_date",
    "label" : "Documentum Transaction date",
    "type" : "datetime"
  }, {
    "name" : "refund_q_analysis_flag",
    "label" : "Run transaction thru refund queue analysis",
    "type" : "string",
    "length" : 64
  }, {
    "name" : "fp_policy_no",
    "label" : "VSI policy Number",
    "type" : "string",
    "length" : 64
  }, {
    "name" : "update_liability_insurance",
    "label" : "Update liability insurance",
    "type" : "string",
    "length" : 64
  }, {
    "name" : "loan_comments_1",
    "label" : "Additional comments for loan history 1",
    "type" : "string",
    "length" : 64
  }, {
    "name" : "loan_comments_2",
    "label" : "Additional comments for loan history 2",
    "type" : "string",
    "length" : 64
  }, {
    "name" : "loan_comments_3",
    "label" : "Additional comments for loan history 3",
    "type" : "string",
    "length" : 64
  }, {
    "name" : "loan_comments_4",
    "label" : "Additional comments for loan history 4",
    "type" : "string",
    "length" : 64
  }, {
    "name" : "loan_comments_5",
    "label" : "Additional comments for loan history 5",
    "type" : "string",
    "length" : 64
  }, {
    "name" : "call_tag",
    "label" : "Unique id assigned to recorded call",
    "type" : "string",
    "length" : 64
  }, {
    "name" : "call_date",
    "label" : "Date of call",
    "type" : "datetime"
  }, {
    "name" : "call_time",
    "label" : "Time of call",
    "type" : "datetime"
  }, {
    "name" : "operator_id",
    "label" : "Operator ID",
    "type" : "string",
    "length" : 64
  }, {
    "name" : "insure_status",
    "label" : "Insurance status",
    "type" : "string",
    "length" : 64
  }, {
    "name" : "as400_result",
    "label" : "Result from AS400",
    "type" : "string",
    "length" : 64
  }, {
    "name" : "as400_result_message",
    "label" : "AS400 Result Message",
    "type" : "string",
    "length" : 64
  }, {
    "name" : "refund_date",
    "label" : "Refund Date",
    "type" : "datetime"
  } ],
  "links" : [ {
    "rel" : "self",
    "href" : "${contextPath}types/business-objects/itk_as400_output"
  }, {
    "rel" : "http://identifiers.emc.com/linkrel/instances",
    "href" : "${contextPath}business-objects/itk_as400_output"
  }, {
    "rel" : "http://identifiers.emc.com/linkrel/defaults",
    "href" : "${contextPath}types/business-objects/itk_as400_output/defaults"
  }, {
    "rel" : "type"
  }, {
    "rel" : "edit"
  }, {
    "rel" : "canonical"
  }, {
    "rel" : "http://identifiers.emc.com/linkrel/delete"
  }, {
    "rel" : "http://identifiers.emc.com/linkrel/relations"
  } ]
}