{
  "name" : "business-object-type",
  "type" : "itk_mortgage_match_conf",
  "label" : "mortgage_match_conf",
  "parent" : "${contextPath}types/business-objects/itk_match_conf",
  "properties" : [ {
    "name" : "utl_tol",
    "label" : "UTL Tolerance",
    "type" : "integer"
  }, {
    "name" : "mortgage_tol",
    "label" : "Mortgage Tolerance",
    "type" : "integer"
  }, {
    "name" : "mort_name_tol",
    "label" : "Name Tolerance",
    "type" : "integer"
  }, {
    "name" : "mort_address1_tol",
    "label" : "Address 1 Tolerance",
    "type" : "integer"
  }, {
    "name" : "name_tol",
    "label" : "Borrower Name Tolerance",
    "type" : "integer"
  }, {
    "name" : "co_name_tol",
    "label" : "Co-Borrower Tolerance",
    "type" : "integer"
  }, {
    "name" : "prop_address1_tol",
    "label" : "Property Address 1 Tolerance",
    "type" : "integer"
  }, {
    "name" : "prop_address2_tol",
    "label" : "Property Address 2 Tolerance",
    "type" : "integer"
  }, {
    "name" : "prop_zip_tol",
    "label" : "Property Zip Tolerance",
    "type" : "integer"
  }, {
    "name" : "policy_no_tol",
    "label" : "Policy Number Tolerance",
    "type" : "integer"
  } ],
  "links" : [ {
    "rel" : "self",
    "href" : "${contextPath}types/business-objects/itk_mortgage_match_conf"
  }, {
    "rel" : "http://identifiers.emc.com/linkrel/instances",
    "href" : "${contextPath}business-objects/itk_mortgage_match_conf"
  }, {
    "rel" : "http://identifiers.emc.com/linkrel/defaults",
    "href" : "${contextPath}types/business-objects/itk_mortgage_match_conf/defaults"
  }, {
    "rel" : "type"
  }, {
    "rel" : "edit"
  }, {
    "rel" : "canonical"
  }, {
    "rel" : "http://identifiers.emc.com/linkrel/delete"
  }, {
    "rel" : "http://identifiers.emc.com/linkrel/relations"
  } ]
}