{
  "name" : "business-object-type",
  "type" : "itk_job_config",
  "label" : "job_config",
  "parent" : "${contextPath}types/business-objects/xcp_rootbo",
  "properties" : [ {
    "name" : "job_name",
    "label" : "Job Name",
    "type" : "string",
    "length" : 64
  }, {
    "name" : "file_name",
    "label" : "File Name",
    "type" : "string",
    "length" : 64
  }, {
    "name" : "target_folder_location",
    "label" : "Target/Source Folder Location",
    "type" : "string",
    "length" : 64
  }, {
    "name" : "temp_folder_location",
    "label" : "Temp Folder Location",
    "type" : "string",
    "length" : 64
  }, {
    "name" : "archived_folder_location",
    "label" : "Archived Folder Location",
    "type" : "string",
    "length" : 64
  }, {
    "name" : "agency_number",
    "label" : "Agency",
    "type" : "string",
    "length" : 64
  }, {
    "name" : "business_type",
    "label" : "Business Type",
    "type" : "string",
    "length" : 64
  } ],
  "links" : [ {
    "rel" : "self",
    "href" : "${contextPath}types/business-objects/itk_job_config"
  }, {
    "rel" : "http://identifiers.emc.com/linkrel/instances",
    "href" : "${contextPath}business-objects/itk_job_config"
  }, {
    "rel" : "http://identifiers.emc.com/linkrel/defaults",
    "href" : "${contextPath}types/business-objects/itk_job_config/defaults"
  }, {
    "rel" : "type"
  }, {
    "rel" : "edit"
  }, {
    "rel" : "canonical"
  }, {
    "rel" : "http://identifiers.emc.com/linkrel/delete"
  }, {
    "rel" : "http://identifiers.emc.com/linkrel/relations"
  } ]
}