{
  "name" : "business-object-type",
  "type" : "itk_exception_def",
  "label" : "exception_def",
  "parent" : "${contextPath}types/business-objects/xcp_rootbo",
  "properties" : [ {
    "name" : "exception_name",
    "label" : "Exception Name",
    "type" : "string",
    "length" : 64
  }, {
    "name" : "exception_type",
    "label" : "Exception Type",
    "type" : "string",
    "length" : 64
  }, {
    "name" : "exception_queue",
    "label" : "Exception Queue",
    "type" : "string",
    "length" : 64
  }, {
    "name" : "priority",
    "label" : "Priority",
    "type" : "integer"
  }, {
    "name" : "exception_text",
    "label" : "Description",
    "type" : "string",
    "length" : 64
  }, {
    "name" : "exception_id",
    "label" : "Exception ID",
    "type" : "string",
    "length" : 64
  }, {
    "name" : "agency_number",
    "label" : "Agency",
    "type" : "string",
    "length" : 64
  }, {
    "name" : "business_type",
    "label" : "Business Type",
    "type" : "string",
    "length" : 64
  } ],
  "links" : [ {
    "rel" : "self",
    "href" : "${contextPath}types/business-objects/itk_exception_def"
  }, {
    "rel" : "http://identifiers.emc.com/linkrel/instances",
    "href" : "${contextPath}business-objects/itk_exception_def"
  }, {
    "rel" : "http://identifiers.emc.com/linkrel/defaults",
    "href" : "${contextPath}types/business-objects/itk_exception_def/defaults"
  }, {
    "rel" : "type"
  }, {
    "rel" : "edit"
  }, {
    "rel" : "canonical"
  }, {
    "rel" : "http://identifiers.emc.com/linkrel/delete"
  }, {
    "rel" : "http://identifiers.emc.com/linkrel/relations"
  } ]
}