{
  "name" : "business-object-type",
  "type" : "itk_mq_guid",
  "label" : "mq_guid",
  "parent" : "${contextPath}types/business-objects/xcp_rootbo",
  "properties" : [ {
    "name" : "mq_guid",
    "label" : "MQ GUID",
    "type" : "string",
    "length" : 64
  } ],
  "events" : [ {
    "label" : "OnCreateMQGuid",
    "trigger" : "CREATED"
  } ],
  "links" : [ {
    "rel" : "self",
    "href" : "${contextPath}types/business-objects/itk_mq_guid"
  }, {
    "rel" : "http://identifiers.emc.com/linkrel/instances",
    "href" : "${contextPath}business-objects/itk_mq_guid"
  }, {
    "rel" : "http://identifiers.emc.com/linkrel/defaults",
    "href" : "${contextPath}types/business-objects/itk_mq_guid/defaults"
  }, {
    "rel" : "type"
  }, {
    "rel" : "edit"
  }, {
    "rel" : "canonical"
  }, {
    "rel" : "http://identifiers.emc.com/linkrel/delete"
  }, {
    "rel" : "http://identifiers.emc.com/linkrel/relations"
  } ]
}