{
  "name" : "business-object-type",
  "type" : "itk_as400_result",
  "label" : "as400_result",
  "parent" : "${contextPath}types/business-objects/xcp_rootbo",
  "properties" : [ {
    "name" : "transaction_id",
    "label" : "Documentum Transaction ID",
    "type" : "string",
    "length" : 64
  }, {
    "name" : "loan_no",
    "label" : "Loan Number",
    "type" : "string",
    "length" : 64
  }, {
    "name" : "loan_suffix",
    "label" : "Loan Suffix",
    "type" : "string",
    "length" : 64
  }, {
    "name" : "insure_status",
    "label" : "Insurance Status",
    "type" : "string",
    "length" : 64
  }, {
    "name" : "as400_result",
    "label" : "Result from AS400",
    "type" : "string",
    "length" : 64
  }, {
    "name" : "as400_result_message",
    "label" : "Message from AS400",
    "type" : "string",
    "length" : 64
  }, {
    "name" : "is_processed",
    "label" : "Processed",
    "type" : "boolean"
  }, {
    "name" : "last_processed_date",
    "label" : "Last Processed Date",
    "type" : "datetime"
  }, {
    "name" : "account_number",
    "label" : "Account Number",
    "type" : "string",
    "length" : 64
  } ],
  "events" : [ {
    "label" : "OnCreate",
    "trigger" : "CREATED"
  } ],
  "links" : [ {
    "rel" : "self",
    "href" : "${contextPath}types/business-objects/itk_as400_result"
  }, {
    "rel" : "http://identifiers.emc.com/linkrel/instances",
    "href" : "${contextPath}business-objects/itk_as400_result"
  }, {
    "rel" : "http://identifiers.emc.com/linkrel/defaults",
    "href" : "${contextPath}types/business-objects/itk_as400_result/defaults"
  }, {
    "rel" : "type"
  }, {
    "rel" : "edit"
  }, {
    "rel" : "canonical"
  }, {
    "rel" : "http://identifiers.emc.com/linkrel/delete"
  }, {
    "rel" : "http://identifiers.emc.com/linkrel/relations"
  } ]
}