{
  "name" : "business-object-type",
  "type" : "itk_iir_config",
  "label" : "iir_config",
  "parent" : "${contextPath}types/business-objects/xcp_rootbo",
  "properties" : [ {
    "name" : "host_name",
    "label" : "IIR Host Name",
    "type" : "string",
    "length" : 64
  }, {
    "name" : "rulebase_name",
    "label" : "Rulebase Name",
    "type" : "string",
    "length" : 64
  }, {
    "name" : "host_port",
    "label" : "Host Port",
    "type" : "integer"
  }, {
    "name" : "iir_status",
    "label" : "IIR Status",
    "type" : "string",
    "length" : 64
  }, {
    "name" : "auto_system",
    "label" : "Auto System",
    "type" : "string",
    "length" : 64
  }, {
    "name" : "lien_system",
    "label" : "Lien System",
    "type" : "string",
    "length" : 64
  }, {
    "name" : "payee_system",
    "label" : "Payee System",
    "type" : "string",
    "length" : 64
  }, {
    "name" : "mortgage_system",
    "label" : "Mortgage System",
    "type" : "string",
    "length" : 64
  }, {
    "name" : "agency_number",
    "label" : "Agency",
    "type" : "string",
    "length" : 64
  }, {
    "name" : "business_type",
    "label" : "Business Type",
    "type" : "string",
    "length" : 64
  }, {
    "name" : "mortgagee_system",
    "label" : "Mortgagee System",
    "type" : "string",
    "length" : 64
  }, {
    "name" : "tolerance",
    "label" : "Search Order and Tolerance",
    "type" : "string",
    "length" : 64
  }, {
    "name" : "trans_object_type",
    "label" : "Transaction Object Type",
    "type" : "string",
    "length" : 64
  }, {
    "name" : "search_views",
    "label" : "search views",
    "type" : "string",
    "length" : 64,
    "repeating" : true
  } ],
  "links" : [ {
    "rel" : "self",
    "href" : "${contextPath}types/business-objects/itk_iir_config"
  }, {
    "rel" : "http://identifiers.emc.com/linkrel/instances",
    "href" : "${contextPath}business-objects/itk_iir_config"
  }, {
    "rel" : "http://identifiers.emc.com/linkrel/defaults",
    "href" : "${contextPath}types/business-objects/itk_iir_config/defaults"
  }, {
    "rel" : "type"
  }, {
    "rel" : "edit"
  }, {
    "rel" : "canonical"
  }, {
    "rel" : "http://identifiers.emc.com/linkrel/delete"
  }, {
    "rel" : "http://identifiers.emc.com/linkrel/relations"
  } ]
}