{
  "name" : "business-object-type",
  "type" : "itk_trans_edit",
  "label" : "trans_edit",
  "parent" : "${contextPath}types/business-objects/xcp_rootbo",
  "properties" : [ {
    "name" : "transaction_id",
    "label" : "Transaction ID",
    "type" : "string",
    "length" : 64
  }, {
    "name" : "min_bipp",
    "label" : "Minimum BIPP",
    "type" : "float"
  }, {
    "name" : "min_bipo",
    "label" : "Mininum BIPO",
    "type" : "float"
  }, {
    "name" : "min_pdpo",
    "label" : "Minimum PDPO",
    "type" : "float"
  }, {
    "name" : "bypass_match",
    "label" : "Bypass Match",
    "type" : "boolean"
  }, {
    "name" : "bypass_post",
    "label" : "Bypass Post",
    "type" : "boolean"
  }, {
    "name" : "vin8_flag",
    "label" : "VIN 8 Flag",
    "type" : "string",
    "length" : 64
  }, {
    "name" : "activity_status",
    "label" : "Edit Activity Status",
    "type" : "string",
    "length" : 64
  }, {
    "name" : "status_text",
    "label" : "Edit Activity Status Text",
    "type" : "string",
    "length" : 64
  } ],
  "links" : [ {
    "rel" : "self",
    "href" : "${contextPath}types/business-objects/itk_trans_edit"
  }, {
    "rel" : "http://identifiers.emc.com/linkrel/instances",
    "href" : "${contextPath}business-objects/itk_trans_edit"
  }, {
    "rel" : "http://identifiers.emc.com/linkrel/defaults",
    "href" : "${contextPath}types/business-objects/itk_trans_edit/defaults"
  }, {
    "rel" : "type"
  }, {
    "rel" : "edit"
  }, {
    "rel" : "canonical"
  }, {
    "rel" : "http://identifiers.emc.com/linkrel/delete"
  }, {
    "rel" : "http://identifiers.emc.com/linkrel/relations"
  } ]
}