{
  "name" : "business-object-type",
  "type" : "itk_exception_action",
  "label" : "exception_action",
  "parent" : "${contextPath}types/business-objects/itk_action",
  "properties" : [ {
    "name" : "exception_name",
    "label" : "Exception Name",
    "type" : "string",
    "length" : 64
  }, {
    "name" : "exception_field",
    "label" : "Exception Field",
    "type" : "string",
    "length" : 64
  }, {
    "name" : "loan_number",
    "label" : "Loan Number",
    "type" : "string",
    "length" : 64
  }, {
    "name" : "loan_suffix",
    "label" : "Loan Suffix",
    "type" : "string",
    "length" : 64
  }, {
    "name" : "account_number",
    "label" : "Account Number",
    "type" : "string",
    "length" : 64
  } ],
  "links" : [ {
    "rel" : "self",
    "href" : "${contextPath}types/business-objects/itk_exception_action"
  }, {
    "rel" : "http://identifiers.emc.com/linkrel/instances",
    "href" : "${contextPath}business-objects/itk_exception_action"
  }, {
    "rel" : "http://identifiers.emc.com/linkrel/defaults",
    "href" : "${contextPath}types/business-objects/itk_exception_action/defaults"
  }, {
    "rel" : "type"
  }, {
    "rel" : "edit"
  }, {
    "rel" : "canonical"
  }, {
    "rel" : "http://identifiers.emc.com/linkrel/delete"
  }, {
    "rel" : "http://identifiers.emc.com/linkrel/relations"
  } ]
}