{
  "name" : "business-object-type",
  "type" : "itk_set_action",
  "label" : "set_action",
  "parent" : "${contextPath}types/business-objects/itk_action",
  "properties" : [ {
    "name" : "target",
    "label" : "Target",
    "type" : "string",
    "length" : 64
  }, {
    "name" : "target_value",
    "label" : "Value",
    "type" : "string",
    "length" : 64
  } ],
  "links" : [ {
    "rel" : "self",
    "href" : "${contextPath}types/business-objects/itk_set_action"
  }, {
    "rel" : "http://identifiers.emc.com/linkrel/instances",
    "href" : "${contextPath}business-objects/itk_set_action"
  }, {
    "rel" : "http://identifiers.emc.com/linkrel/defaults",
    "href" : "${contextPath}types/business-objects/itk_set_action/defaults"
  }, {
    "rel" : "type"
  }, {
    "rel" : "edit"
  }, {
    "rel" : "canonical"
  }, {
    "rel" : "http://identifiers.emc.com/linkrel/delete"
  }, {
    "rel" : "http://identifiers.emc.com/linkrel/relations"
  } ]
}