{
  "name" : "business-object-type",
  "type" : "itk_swbc_client",
  "label" : "swbc_client",
  "parent" : "${contextPath}types/business-objects/xcp_rootbo",
  "properties" : [ {
    "name" : "client_name",
    "label" : "Client Name",
    "type" : "string",
    "length" : 64
  }, {
    "name" : "client_id",
    "label" : "Client ID",
    "type" : "string",
    "length" : 64
  }, {
    "name" : "client_sla_code",
    "label" : "Client SLA Code",
    "type" : "string",
    "length" : 64
  }, {
    "name" : "perfect_match",
    "label" : "Perfect Match",
    "type" : "string",
    "length" : 64
  } ],
  "links" : [ {
    "rel" : "self",
    "href" : "${contextPath}types/business-objects/itk_swbc_client"
  }, {
    "rel" : "http://identifiers.emc.com/linkrel/instances",
    "href" : "${contextPath}business-objects/itk_swbc_client"
  }, {
    "rel" : "http://identifiers.emc.com/linkrel/defaults",
    "href" : "${contextPath}types/business-objects/itk_swbc_client/defaults"
  }, {
    "rel" : "type"
  }, {
    "rel" : "edit"
  }, {
    "rel" : "canonical"
  }, {
    "rel" : "http://identifiers.emc.com/linkrel/delete"
  }, {
    "rel" : "http://identifiers.emc.com/linkrel/relations"
  } ]
}