{
  "name" : "business-object-type",
  "type" : "itk_stale_check",
  "label" : "stale_check",
  "parent" : "${contextPath}types/business-objects/xcp_rootbo",
  "properties" : [ {
    "name" : "report_name",
    "label" : "Report Name",
    "type" : "string",
    "length" : 64
  }, {
    "name" : "report_date",
    "label" : "Report Date",
    "type" : "datetime"
  }, {
    "name" : "report_format",
    "label" : "Report Format",
    "type" : "string",
    "length" : 64
  }, {
    "name" : "account_number",
    "label" : "Account Number",
    "type" : "string",
    "length" : 64
  }, {
    "name" : "loan_number",
    "label" : "Loan Number",
    "type" : "string",
    "length" : 64
  }, {
    "name" : "check_date",
    "label" : "Check Date",
    "type" : "datetime"
  }, {
    "name" : "check_number",
    "label" : "Check Number",
    "type" : "string",
    "length" : 64
  }, {
    "name" : "check_amount",
    "label" : "Check Amount",
    "type" : "float"
  }, {
    "name" : "check_description",
    "label" : "Description",
    "type" : "string",
    "length" : 64
  }, {
    "name" : "check_comment",
    "label" : "Comment",
    "type" : "string",
    "length" : 64
  }, {
    "name" : "policy_no",
    "label" : "Policy Number",
    "type" : "string",
    "length" : 64
  }, {
    "name" : "department",
    "label" : "Department",
    "type" : "string",
    "length" : 64
  }, {
    "name" : "call_tag",
    "label" : "Call Tag",
    "type" : "string",
    "length" : 64
  }, {
    "name" : "report_record_status",
    "label" : "Report Record",
    "type" : "string",
    "length" : 64
  }, {
    "name" : "work_item_acquired_date",
    "label" : "Work Item Acquired Date",
    "type" : "datetime"
  }, {
    "name" : "work_item_pended_date",
    "label" : "Work Item Pended Date",
    "type" : "datetime"
  }, {
    "name" : "work_item_completed_date",
    "label" : "Work Item Completed Date",
    "type" : "datetime"
  } ],
  "events" : [ {
    "label" : "OnCreateTransEvent",
    "trigger" : "CREATED"
  } ],
  "links" : [ {
    "rel" : "self",
    "href" : "${contextPath}types/business-objects/itk_stale_check"
  }, {
    "rel" : "http://identifiers.emc.com/linkrel/instances",
    "href" : "${contextPath}business-objects/itk_stale_check"
  }, {
    "rel" : "http://identifiers.emc.com/linkrel/defaults",
    "href" : "${contextPath}types/business-objects/itk_stale_check/defaults"
  }, {
    "rel" : "type"
  }, {
    "rel" : "edit"
  }, {
    "rel" : "canonical"
  }, {
    "rel" : "http://identifiers.emc.com/linkrel/delete"
  }, {
    "rel" : "http://identifiers.emc.com/linkrel/relations"
  } ]
}