{
  "name" : "business-object-type",
  "type" : "itk_mq_config",
  "label" : "mq_config",
  "parent" : "${contextPath}types/business-objects/xcp_rootbo",
  "properties" : [ {
    "name" : "host_name",
    "label" : "Host Name",
    "type" : "string",
    "length" : 64
  }, {
    "name" : "host_port",
    "label" : "Host Port",
    "type" : "integer"
  }, {
    "name" : "user_id",
    "label" : "User ID",
    "type" : "string",
    "length" : 64
  }, {
    "name" : "password",
    "label" : "Password",
    "type" : "string",
    "length" : 64
  }, {
    "name" : "virtual_host",
    "label" : "Virtual Host",
    "type" : "string",
    "length" : 64
  }, {
    "name" : "queue_name",
    "label" : "Queue Name",
    "type" : "string",
    "length" : 64
  }, {
    "name" : "exchange_name",
    "label" : "Exchange Name",
    "type" : "string",
    "length" : 64
  }, {
    "name" : "content_type",
    "label" : "Content Type",
    "type" : "string",
    "length" : 64
  }, {
    "name" : "command_type",
    "label" : "Command Type",
    "type" : "string",
    "length" : 64
  }, {
    "name" : "agency_number",
    "label" : "Agency",
    "type" : "string",
    "length" : 64
  }, {
    "name" : "business_type",
    "label" : "Business Type",
    "type" : "string",
    "length" : 64
  } ],
  "links" : [ {
    "rel" : "self",
    "href" : "${contextPath}types/business-objects/itk_mq_config"
  }, {
    "rel" : "http://identifiers.emc.com/linkrel/instances",
    "href" : "${contextPath}business-objects/itk_mq_config"
  }, {
    "rel" : "http://identifiers.emc.com/linkrel/defaults",
    "href" : "${contextPath}types/business-objects/itk_mq_config/defaults"
  }, {
    "rel" : "type"
  }, {
    "rel" : "edit"
  }, {
    "rel" : "canonical"
  }, {
    "rel" : "http://identifiers.emc.com/linkrel/delete"
  }, {
    "rel" : "http://identifiers.emc.com/linkrel/relations"
  } ]
}