{
  "name" : "business-object-type",
  "type" : "itk_app_config",
  "label" : "app_config",
  "parent" : "${contextPath}types/business-objects/xcp_rootbo",
  "properties" : [ {
    "name" : "parameter",
    "label" : "Parameter",
    "type" : "string",
    "length" : 64,
    "repeating" : true
  }, {
    "name" : "parameter_value",
    "label" : "Parameter Value",
    "type" : "string",
    "length" : 64,
    "repeating" : true
  } ],
  "links" : [ {
    "rel" : "self",
    "href" : "${contextPath}types/business-objects/itk_app_config"
  }, {
    "rel" : "http://identifiers.emc.com/linkrel/instances",
    "href" : "${contextPath}business-objects/itk_app_config"
  }, {
    "rel" : "http://identifiers.emc.com/linkrel/defaults",
    "href" : "${contextPath}types/business-objects/itk_app_config/defaults"
  }, {
    "rel" : "type"
  }, {
    "rel" : "edit"
  }, {
    "rel" : "canonical"
  }, {
    "rel" : "http://identifiers.emc.com/linkrel/delete"
  }, {
    "rel" : "http://identifiers.emc.com/linkrel/relations"
  } ]
}