{
  "name" : "business-object-type",
  "type" : "itk_as400_action",
  "label" : "as400_action",
  "parent" : "${contextPath}types/business-objects/itk_action",
  "properties" : [ {
    "name" : "as400_action_type",
    "label" : "AS400 Action Type",
    "type" : "string",
    "length" : 64
  }, {
    "name" : "as400_action_text",
    "label" : "AS400 Action Text",
    "type" : "string",
    "length" : 64
  } ],
  "links" : [ {
    "rel" : "self",
    "href" : "${contextPath}types/business-objects/itk_as400_action"
  }, {
    "rel" : "http://identifiers.emc.com/linkrel/instances",
    "href" : "${contextPath}business-objects/itk_as400_action"
  }, {
    "rel" : "http://identifiers.emc.com/linkrel/defaults",
    "href" : "${contextPath}types/business-objects/itk_as400_action/defaults"
  }, {
    "rel" : "type"
  }, {
    "rel" : "edit"
  }, {
    "rel" : "canonical"
  }, {
    "rel" : "http://identifiers.emc.com/linkrel/delete"
  }, {
    "rel" : "http://identifiers.emc.com/linkrel/relations"
  } ]
}