{
  "name" : "business-object-type",
  "type" : "itk_trans_exception",
  "label" : "trans_exception",
  "parent" : "${contextPath}types/business-objects/xcp_rootbo",
  "properties" : [ {
    "name" : "exception_name",
    "label" : "Exception Name",
    "type" : "string",
    "length" : 64,
    "repeating" : true
  }, {
    "name" : "exception_text",
    "label" : "Exception Description",
    "type" : "string",
    "length" : 64,
    "repeating" : true
  }, {
    "name" : "exception_type",
    "label" : "Exception Type",
    "type" : "string",
    "length" : 64,
    "repeating" : true
  }, {
    "name" : "exception_field",
    "label" : "Exception Field",
    "type" : "string",
    "length" : 64,
    "repeating" : true
  }, {
    "name" : "exception_rule",
    "label" : "Exception Rule",
    "type" : "string",
    "length" : 64,
    "repeating" : true
  }, {
    "name" : "transaction_id",
    "label" : "Transaction ID",
    "type" : "string",
    "length" : 64
  }, {
    "name" : "exception_priority",
    "label" : "Exception Priority",
    "type" : "integer",
    "repeating" : true
  }, {
    "name" : "exception_queue",
    "label" : "Exception Queue",
    "type" : "string",
    "length" : 64,
    "repeating" : true
  }, {
    "name" : "exception_processed",
    "label" : "Exception Processed",
    "type" : "boolean",
    "repeating" : true
  }, {
    "name" : "loan_number",
    "label" : "Loan Number",
    "type" : "string",
    "length" : 64,
    "repeating" : true
  }, {
    "name" : "loan_suffix",
    "label" : "Loan Suffix",
    "type" : "string",
    "length" : 64,
    "repeating" : true
  }, {
    "name" : "exception_date",
    "label" : "Exception Date",
    "type" : "datetime",
    "repeating" : true
  }, {
    "name" : "cur_exception_queue",
    "label" : "Current Exception Queue",
    "type" : "string",
    "length" : 64
  }, {
    "name" : "cur_exception_type",
    "label" : "Current Exception Type",
    "type" : "string",
    "length" : 64
  }, {
    "name" : "cur_exception_date",
    "label" : "Current Exception Date",
    "type" : "string",
    "length" : 64
  }, {
    "name" : "account_number",
    "label" : "Account Number",
    "type" : "string",
    "length" : 64,
    "repeating" : true
  }, {
    "name" : "last_processor",
    "label" : "Last Processor",
    "type" : "string",
    "length" : 64
  }, {
    "name" : "last_exception_queue",
    "label" : "Last Exception Queue",
    "type" : "string",
    "length" : 64
  } ],
  "links" : [ {
    "rel" : "self",
    "href" : "${contextPath}types/business-objects/itk_trans_exception"
  }, {
    "rel" : "http://identifiers.emc.com/linkrel/instances",
    "href" : "${contextPath}business-objects/itk_trans_exception"
  }, {
    "rel" : "http://identifiers.emc.com/linkrel/defaults",
    "href" : "${contextPath}types/business-objects/itk_trans_exception/defaults"
  }, {
    "rel" : "type"
  }, {
    "rel" : "edit"
  }, {
    "rel" : "canonical"
  }, {
    "rel" : "http://identifiers.emc.com/linkrel/delete"
  }, {
    "rel" : "http://identifiers.emc.com/linkrel/relations"
  } ]
}