{
  "name" : "business-object-type",
  "type" : "itk_rpt_file_structure",
  "label" : "rpt_file_structure",
  "parent" : "${contextPath}types/business-objects/xcp_rootbo",
  "properties" : [ {
    "name" : "file_name",
    "label" : "File Name",
    "type" : "string",
    "length" : 64
  }, {
    "name" : "report_object_type",
    "label" : "Report Object Type",
    "type" : "string",
    "length" : 64
  }, {
    "name" : "file_format",
    "label" : "File Format",
    "type" : "string",
    "length" : 64
  }, {
    "name" : "start_row",
    "label" : "Starting Row",
    "type" : "integer"
  }, {
    "name" : "start_column",
    "label" : "Starting Column",
    "type" : "integer"
  }, {
    "name" : "total_columns",
    "label" : "Total Columns",
    "type" : "integer"
  }, {
    "name" : "attribute_name",
    "label" : "Attribute Name",
    "type" : "string",
    "length" : 64,
    "repeating" : true
  }, {
    "name" : "cell_data_type",
    "label" : "Cell Data Type",
    "type" : "string",
    "length" : 64,
    "repeating" : true
  }, {
    "name" : "header_title",
    "label" : "Header Title",
    "type" : "string",
    "length" : 64,
    "repeating" : true
  }, {
    "name" : "agency_number",
    "label" : "Agency",
    "type" : "string",
    "length" : 64
  }, {
    "name" : "business_type",
    "label" : "Business Type",
    "type" : "string",
    "length" : 64
  } ],
  "links" : [ {
    "rel" : "self",
    "href" : "${contextPath}types/business-objects/itk_rpt_file_structure"
  }, {
    "rel" : "http://identifiers.emc.com/linkrel/instances",
    "href" : "${contextPath}business-objects/itk_rpt_file_structure"
  }, {
    "rel" : "http://identifiers.emc.com/linkrel/defaults",
    "href" : "${contextPath}types/business-objects/itk_rpt_file_structure/defaults"
  }, {
    "rel" : "type"
  }, {
    "rel" : "edit"
  }, {
    "rel" : "canonical"
  }, {
    "rel" : "http://identifiers.emc.com/linkrel/delete"
  }, {
    "rel" : "http://identifiers.emc.com/linkrel/relations"
  } ]
}