{
  "name" : "business-object-type",
  "type" : "itk_trans_decision",
  "label" : "trans_decision",
  "parent" : "${contextPath}types/business-objects/xcp_rootbo",
  "properties" : [ {
    "name" : "transaction_id",
    "label" : "Transaction ID",
    "type" : "string",
    "length" : 64
  }, {
    "name" : "loan_number",
    "label" : "Loan Number",
    "type" : "string",
    "length" : 64,
    "repeating" : true
  }, {
    "name" : "loan_suffix",
    "label" : "Loan Suffix",
    "type" : "string",
    "length" : 64,
    "repeating" : true
  }, {
    "name" : "force_placed",
    "label" : "Force Placed",
    "type" : "boolean",
    "repeating" : true
  }, {
    "name" : "build_fire_gap",
    "label" : "Build Fire Gap",
    "type" : "boolean",
    "repeating" : true
  }, {
    "name" : "build_wind_gap",
    "label" : "Build Wind Gap",
    "type" : "boolean",
    "repeating" : true
  }, {
    "name" : "build_flood_gap",
    "label" : "Build Flood Gap",
    "type" : "boolean",
    "repeating" : true
  }, {
    "name" : "delete_flood_gap",
    "label" : "Delete Flood Gap",
    "type" : "boolean",
    "repeating" : true
  }, {
    "name" : "build_wind_line",
    "label" : "Build Wind Line",
    "type" : "boolean",
    "repeating" : true
  }, {
    "name" : "build_flood_line",
    "label" : "Build Flood Line",
    "type" : "boolean",
    "repeating" : true
  }, {
    "name" : "delete_flood_line",
    "label" : "Delete Flood Line",
    "type" : "boolean",
    "repeating" : true
  }, {
    "name" : "delete_wind_line",
    "label" : "Delete Wind Line",
    "type" : "boolean",
    "repeating" : true
  }, {
    "name" : "loans_found",
    "label" : "Loans Found",
    "type" : "boolean",
    "repeating" : true
  }, {
    "name" : "comment_loan",
    "label" : "Comment Loan",
    "type" : "boolean",
    "repeating" : true
  }, {
    "name" : "trans_proc_complete",
    "label" : "Transaction Processing Compete",
    "type" : "boolean"
  }, {
    "name" : "delete_fire_gap",
    "label" : "Delete Fire Gap",
    "type" : "boolean",
    "repeating" : true
  }, {
    "name" : "delete_wind_gap",
    "label" : "Delete Wind Gap",
    "type" : "boolean",
    "repeating" : true
  }, {
    "name" : "c_impair_flag",
    "label" : "C Impair Flag",
    "type" : "boolean",
    "repeating" : true
  }, {
    "name" : "m_impair_flag",
    "label" : "M Impair Flag",
    "type" : "boolean",
    "repeating" : true
  }, {
    "name" : "z_impair_flag",
    "label" : "Z Impair Flag",
    "type" : "boolean",
    "repeating" : true
  }, {
    "name" : "b_impair_flag",
    "label" : "B Impair Flag",
    "type" : "boolean",
    "repeating" : true
  }, {
    "name" : "e_impair_flag",
    "label" : "E Impair Flag",
    "type" : "boolean",
    "repeating" : true
  }, {
    "name" : "n_impair_flag",
    "label" : "N Impair Flag",
    "type" : "boolean",
    "repeating" : true
  }, {
    "name" : "d_impair_flag",
    "label" : "D Impair Flag",
    "type" : "boolean",
    "repeating" : true
  }, {
    "name" : "coverage_c_impair_flag",
    "label" : "Coverage C Impair Flag",
    "type" : "boolean",
    "repeating" : true
  }, {
    "name" : "coverage_m_impair_flag",
    "label" : "Coverage M Impair Flag",
    "type" : "boolean",
    "repeating" : true
  }, {
    "name" : "l_impair_flag",
    "label" : "L Impair Flag",
    "type" : "boolean",
    "repeating" : true
  }, {
    "name" : "loan_count",
    "label" : "Loans on Transaction",
    "type" : "integer"
  }, {
    "name" : "n",
    "label" : "n",
    "type" : "integer",
    "repeating" : true
  }, {
    "name" : "account_number",
    "label" : "Account Number",
    "type" : "string",
    "length" : 64
  }, {
    "name" : "activity_status",
    "label" : "Decision Activity Status",
    "type" : "string",
    "length" : 64
  }, {
    "name" : "status_text",
    "label" : "Decision Activity Status Text",
    "type" : "string",
    "length" : 64
  } ],
  "links" : [ {
    "rel" : "self",
    "href" : "${contextPath}types/business-objects/itk_trans_decision"
  }, {
    "rel" : "http://identifiers.emc.com/linkrel/instances",
    "href" : "${contextPath}business-objects/itk_trans_decision"
  }, {
    "rel" : "http://identifiers.emc.com/linkrel/defaults",
    "href" : "${contextPath}types/business-objects/itk_trans_decision/defaults"
  }, {
    "rel" : "type"
  }, {
    "rel" : "edit"
  }, {
    "rel" : "canonical"
  }, {
    "rel" : "http://identifiers.emc.com/linkrel/delete"
  }, {
    "rel" : "http://identifiers.emc.com/linkrel/relations"
  } ]
}