{
  "name" : "business-object-type",
  "type" : "itk_reconciliation",
  "label" : "reconciliation",
  "parent" : "${contextPath}types/business-objects/xcp_rootbo",
  "properties" : [ {
    "name" : "report_name",
    "label" : "Report Name",
    "type" : "string",
    "length" : 64
  }, {
    "name" : "report_date",
    "label" : "Report Date",
    "type" : "datetime"
  }, {
    "name" : "report_format",
    "label" : "Report Format",
    "type" : "string",
    "length" : 64
  }, {
    "name" : "account_number",
    "label" : "Account Number",
    "type" : "string",
    "length" : 64
  }, {
    "name" : "loan_number",
    "label" : "Loan Number",
    "type" : "string",
    "length" : 64
  }, {
    "name" : "loan_suffix",
    "label" : "Loan Suffix",
    "type" : "integer"
  }, {
    "name" : "property_type",
    "label" : "Property Type",
    "type" : "string",
    "length" : 64
  }, {
    "name" : "borrower_name",
    "label" : "Borrower Name",
    "type" : "string",
    "length" : 64
  }, {
    "name" : "document_number",
    "label" : "Document Number",
    "type" : "string",
    "length" : 64
  }, {
    "name" : "document_date",
    "label" : "Document Date",
    "type" : "datetime"
  }, {
    "name" : "policy_no",
    "label" : "Policy Number",
    "type" : "string",
    "length" : 64
  }, {
    "name" : "carrier_name",
    "label" : "Carrier Name",
    "type" : "string",
    "length" : 64
  }, {
    "name" : "effective_date",
    "label" : "Effective Date",
    "type" : "datetime"
  }, {
    "name" : "expire_date",
    "label" : "Expire Date",
    "type" : "datetime"
  }, {
    "name" : "escrow",
    "label" : "Escrow",
    "type" : "string",
    "length" : 64
  }, {
    "name" : "reconciliation_comment",
    "label" : "Reconciliation Comment",
    "type" : "string",
    "length" : 64
  }, {
    "name" : "coverage_amount",
    "label" : "Coverage Amount",
    "type" : "float"
  }, {
    "name" : "coverage_type",
    "label" : "Coverage Type",
    "type" : "string",
    "length" : 64
  }, {
    "name" : "call_tag",
    "label" : "Call Tag",
    "type" : "string",
    "length" : 64
  }, {
    "name" : "operator_id",
    "label" : "Operator ID",
    "type" : "string",
    "length" : 64
  }, {
    "name" : "report_record_status",
    "label" : "Report Record Status",
    "type" : "string",
    "length" : 64
  }, {
    "name" : "work_item_acquired_date",
    "label" : "Work Item Acquired Date",
    "type" : "datetime"
  }, {
    "name" : "work_item_pended_date",
    "label" : "Work Item Pended Date",
    "type" : "datetime"
  }, {
    "name" : "work_item_completed_date",
    "label" : "Work Item Completed Date",
    "type" : "datetime"
  } ],
  "events" : [ {
    "label" : "OnCreateTransEvent",
    "trigger" : "CREATED"
  } ],
  "links" : [ {
    "rel" : "self",
    "href" : "${contextPath}types/business-objects/itk_reconciliation"
  }, {
    "rel" : "http://identifiers.emc.com/linkrel/instances",
    "href" : "${contextPath}business-objects/itk_reconciliation"
  }, {
    "rel" : "http://identifiers.emc.com/linkrel/defaults",
    "href" : "${contextPath}types/business-objects/itk_reconciliation/defaults"
  }, {
    "rel" : "type"
  }, {
    "rel" : "edit"
  }, {
    "rel" : "canonical"
  }, {
    "rel" : "http://identifiers.emc.com/linkrel/delete"
  }, {
    "rel" : "http://identifiers.emc.com/linkrel/relations"
  } ]
}