{
  "name" : "process-type",
  "type" : "itk_getmatchingexceptioninfo",
  "label" : "GetMatchingExceptionInfo",
  "runnable-stateless" : true,
  "urn" : "urn:itk:com.emc.ide.artifact.process:Artifacts/Processes/getmatchingexceptioninfo.process",
  "properties" : [ {
    "name" : "process_id",
    "label" : "process_id",
    "type" : "string",
    "length" : 64
  }, {
    "name" : "status",
    "label" : "status",
    "type" : "string",
    "length" : 64
  }, {
    "name" : "id",
    "label" : "id",
    "type" : "string",
    "length" : 64
  }, {
    "name" : "r_runtime_state",
    "label" : "r_runtime_state",
    "type" : "integer"
  }, {
    "name" : "correlation_identifier",
    "label" : "correlation_identifier",
    "type" : "string",
    "length" : 64
  }, {
    "name" : "object_name",
    "label" : "object_name",
    "type" : "string",
    "length" : 64
  }, {
    "name" : "r_creator_name",
    "label" : "r_creator_name",
    "type" : "string",
    "length" : 64
  }, {
    "name" : "r_start_date",
    "label" : "r_start_date",
    "type" : "datetime"
  }, {
    "name" : "supervisor_name",
    "label" : "supervisor_name",
    "type" : "string",
    "length" : 64
  }, {
    "name" : "supervisor_address",
    "label" : "supervisor_address",
    "type" : "string",
    "length" : 64
  } ],
  "tasks" : [ {
    "rel" : "http://identifiers.emc.com/linkrel/task",
    "href" : "${contextPath}types/processes/itk_getmatchingexceptioninfo/tasks/itk_initiate"
  }, {
    "rel" : "http://identifiers.emc.com/linkrel/task",
    "href" : "${contextPath}types/processes/itk_getmatchingexceptioninfo/tasks/itk_get_total_number_of"
  }, {
    "rel" : "http://identifiers.emc.com/linkrel/task",
    "href" : "${contextPath}types/processes/itk_getmatchingexceptioninfo/tasks/itk_join"
  }, {
    "rel" : "http://identifiers.emc.com/linkrel/task",
    "href" : "${contextPath}types/processes/itk_getmatchingexceptioninfo/tasks/itk_get_exceptions_loan"
  }, {
    "rel" : "http://identifiers.emc.com/linkrel/task",
    "href" : "${contextPath}types/processes/itk_getmatchingexceptioninfo/tasks/itk_are_there_any_excep"
  }, {
    "rel" : "http://identifiers.emc.com/linkrel/task",
    "href" : "${contextPath}types/processes/itk_getmatchingexceptioninfo/tasks/itk_read_matching_info_"
  } ],
  "flows" : [ {
    "source" : "${contextPath}types/processes/itk_getmatchingexceptioninfo/tasks/itk_initiate",
    "target" : "${contextPath}types/processes/itk_getmatchingexceptioninfo/tasks/itk_get_total_number_of",
    "flow-type" : "regular"
  }, {
    "source" : "${contextPath}types/processes/itk_getmatchingexceptioninfo/tasks/itk_get_total_number_of",
    "target" : "${contextPath}types/processes/itk_getmatchingexceptioninfo/tasks/itk_are_there_any_excep",
    "flow-type" : "regular"
  }, {
    "source" : "${contextPath}types/processes/itk_getmatchingexceptioninfo/tasks/itk_are_there_any_excep",
    "target" : "${contextPath}types/processes/itk_getmatchingexceptioninfo/tasks/itk_get_exceptions_loan",
    "flow-type" : "regular"
  }, {
    "source" : "${contextPath}types/processes/itk_getmatchingexceptioninfo/tasks/itk_are_there_any_excep",
    "target" : "${contextPath}types/processes/itk_getmatchingexceptioninfo/tasks/itk_join",
    "flow-type" : "regular"
  }, {
    "source" : "${contextPath}types/processes/itk_getmatchingexceptioninfo/tasks/itk_read_matching_info_",
    "target" : "${contextPath}types/processes/itk_getmatchingexceptioninfo/tasks/itk_join",
    "flow-type" : "regular"
  }, {
    "source" : "${contextPath}types/processes/itk_getmatchingexceptioninfo/tasks/itk_get_exceptions_loan",
    "target" : "${contextPath}types/processes/itk_getmatchingexceptioninfo/tasks/itk_read_matching_info_",
    "flow-type" : "regular"
  } ],
  "data" : {
    "packages" : [ {
      "name" : "package0",
      "label" : "package0",
      "mandatory" : false,
      "visible" : false,
      "version-label" : "CURRENT",
      "type" : "${contextPath}types/contents/xcp_dm_document",
      "input" : false,
      "output" : false
    } ],
    "variables" : [ {
      "name" : "p_transaction_id",
      "label" : "p_transaction_id",
      "type" : "string",
      "repeating" : false,
      "default-value" : null,
      "mandatory" : false,
      "input" : true,
      "output" : false
    }, {
      "name" : "p_exclude_loan_row",
      "label" : "p_exclude_loan_row",
      "type" : "integer",
      "repeating" : false,
      "default-value" : "0",
      "mandatory" : false,
      "input" : true,
      "output" : true
    }, {
      "name" : "p_total_rows",
      "label" : "p_total_rows",
      "type" : "integer",
      "repeating" : false,
      "default-value" : "0",
      "mandatory" : false,
      "input" : false,
      "output" : true
    }, {
      "name" : "p_loan_number",
      "label" : "p_loan_number",
      "type" : "string",
      "repeating" : false,
      "default-value" : null,
      "mandatory" : false,
      "input" : false,
      "output" : true
    }, {
      "name" : "p_property_address1",
      "label" : "p_property_address1",
      "type" : "string",
      "repeating" : false,
      "default-value" : null,
      "mandatory" : false,
      "input" : false,
      "output" : true
    }, {
      "name" : "p_property_address2",
      "label" : "p_property_address2",
      "type" : "string",
      "repeating" : false,
      "default-value" : null,
      "mandatory" : false,
      "input" : false,
      "output" : true
    }, {
      "name" : "p_property_city",
      "label" : "p_property_city",
      "type" : "string",
      "repeating" : false,
      "default-value" : null,
      "mandatory" : false,
      "input" : false,
      "output" : true
    }, {
      "name" : "p_borrower_name",
      "label" : "p_borrower_name",
      "type" : "string",
      "repeating" : false,
      "default-value" : null,
      "mandatory" : false,
      "input" : false,
      "output" : true
    }, {
      "name" : "p_policy_number",
      "label" : "p_policy_number",
      "type" : "string",
      "repeating" : false,
      "default-value" : null,
      "mandatory" : false,
      "input" : false,
      "output" : true
    }, {
      "name" : "p_exclude_loan_row2",
      "label" : "p_exclude_loan_row2",
      "type" : "integer",
      "repeating" : false,
      "default-value" : "0",
      "mandatory" : false,
      "input" : true,
      "output" : false
    }, {
      "name" : "p_loan_score",
      "label" : "p_loan_score",
      "type" : "integer",
      "repeating" : false,
      "default-value" : null,
      "mandatory" : false,
      "input" : false,
      "output" : true
    }, {
      "name" : "p_property_state",
      "label" : "p_property_state",
      "type" : "string",
      "repeating" : false,
      "default-value" : null,
      "mandatory" : false,
      "input" : false,
      "output" : true
    }, {
      "name" : "p_property_zip",
      "label" : "p_property_zip",
      "type" : "string",
      "repeating" : false,
      "default-value" : null,
      "mandatory" : false,
      "input" : false,
      "output" : true
    }, {
      "name" : "p_co_borrower_name",
      "label" : "p_co_borrower_name",
      "type" : "string",
      "repeating" : false,
      "default-value" : null,
      "mandatory" : false,
      "input" : false,
      "output" : true
    }, {
      "name" : "p_loan_suffix",
      "label" : "p_loan_suffix",
      "type" : "string",
      "repeating" : false,
      "default-value" : null,
      "mandatory" : false,
      "input" : false,
      "output" : true
    }, {
      "name" : "p_vin",
      "label" : "p_vin",
      "type" : "string",
      "repeating" : false,
      "default-value" : null,
      "mandatory" : false,
      "input" : false,
      "output" : true
    }, {
      "name" : "p_business_type",
      "label" : "p_business_type",
      "type" : "string",
      "repeating" : false,
      "default-value" : null,
      "mandatory" : false,
      "input" : true,
      "output" : false
    }, {
      "name" : "p_cur_work_queue",
      "label" : "p_cur_work_queue",
      "type" : "string",
      "repeating" : false,
      "default-value" : null,
      "mandatory" : false,
      "input" : true,
      "output" : false
    }, {
      "name" : "p_collateral_year",
      "label" : "p_collateral_year",
      "type" : "string",
      "repeating" : false,
      "default-value" : null,
      "mandatory" : false,
      "input" : false,
      "output" : true
    }, {
      "name" : "p_collateral_make",
      "label" : "p_collateral_make",
      "type" : "string",
      "repeating" : false,
      "default-value" : null,
      "mandatory" : false,
      "input" : false,
      "output" : true
    }, {
      "name" : "p_collateral_model",
      "label" : "p_collateral_model",
      "type" : "string",
      "repeating" : false,
      "default-value" : null,
      "mandatory" : false,
      "input" : false,
      "output" : true
    }, {
      "name" : "p_account_no",
      "label" : "p_account_no",
      "type" : "string",
      "repeating" : false,
      "default-value" : null,
      "mandatory" : false,
      "input" : false,
      "output" : true
    } ]
  },
  "links" : [ {
    "rel" : "self",
    "href" : "${contextPath}types/processes/itk_getmatchingexceptioninfo"
  }, {
    "rel" : "http://identifiers.emc.com/linkrel/instances",
    "href" : "${contextPath}processes/itk_getmatchingexceptioninfo"
  }, {
    "rel" : "http://identifiers.emc.com/linkrel/halt"
  }, {
    "rel" : "http://identifiers.emc.com/linkrel/resume"
  }, {
    "rel" : "http://identifiers.emc.com/linkrel/terminate"
  }, {
    "rel" : "http://identifiers.emc.com/linkrel/tasks"
  }, {
    "rel" : "http://identifiers.emc.com/linkrel/attachments"
  } ]
}