<?xml version="1.0" encoding="UTF-8" standalone="yes"?>
<ApplicationConfiguration application-name="Business_Rules_Management" namespace="brm" version="1.0.0" description="">
    <configuration type="STRING" name="birt_param_procuser" namespace="brm" id="com.emc.xcp.artifact.appparameter">
        <property name="value">&amp;procUser=</property>
    </configuration>
    <configuration type="HTTPEndpoint" name="rulesapi" namespace="brm" id="com.emc.xcp.artifact.endpoint">
        <property name="description"></property>
        <property name="url">http://d-wfebpm1-v:8080/ExecRules/app</property>
        <property name="username"></property>
        <property name="password"></property>
    </configuration>
    <configuration type="DatabaseEndpoint" name="rules_database" namespace="brm" id="com.emc.xcp.artifact.endpoint">
        <property name="description"></property>
        <property name="driver">com.microsoft.sqlserver.jdbc.SQLServerDriver</property>
        <property name="connectionURL">jdbc:sqlserver://D-DBBPM1-V</property>
        <property name="username">swbc_bpm</property>
        <property name="password">DM_ENCR_TEXT_V2=AAAAEDhhat2kzf62voUxiCnDn3th77ghnITLVGEDg+xfruYZklBxcb8RaDmUb4lLI5JOHD0JWNEEWIvQQaq5/QwODTlf7XZT+bPuKgNjoRzoLb4wmgee4JeAsKm51d0GHGu/1A==</property>
    </configuration>
    <configuration type="STRING" name="birt_reports_suffix" namespace="brm" id="com.emc.xcp.artifact.appparameter">
        <property name="value">RulesResult.rptdesign</property>
    </configuration>
    <configuration type="HTTPEndpoint" name="singlerecordrule" namespace="brm" id="com.emc.xcp.artifact.endpoint">
        <property name="description"></property>
        <property name="url">http://d-wfebpm1-v:8080/ExecSingleRules/getAppSingleResult</property>
        <property name="username"></property>
        <property name="password"></property>
    </configuration>
    <configuration type="STRING" name="birt_report_url_pre" namespace="brm" id="com.emc.xcp.artifact.appparameter">
        <property name="value">http://d-wfebpm1-v:8080/birt/frameset?__report=</property>
    </configuration>
</ApplicationConfiguration>
