<?xml version="1.0" encoding="UTF-8" standalone="yes"?>
<ApplicationConfiguration description="" version="1.0.0" namespace="brm" application-name="Business_Rules_Management">
    <configuration id="com.emc.xcp.artifact.appparameter" namespace="brm" name="birt_rulesrunfouser" type="STRING">
        <property name="value">RulesRunDataForUser.rptdesign</property>
    </configuration>
    <configuration id="com.emc.xcp.artifact.endpoint" namespace="brm" name="rulesapi" type="HTTPEndpoint">
        <property name="description"></property>
        <property name="url">http://d-wfebpm1-v:8080/ExecRules/app</property>
        <property name="username"></property>
        <property name="password"></property>
    </configuration>
    <configuration id="com.emc.xcp.artifact.appparameter" namespace="brm" name="birt_report_url_pre" type="STRING">
        <property name="value">http://d-wfebpm1-v:8080/birt/frameset?__report=</property>
    </configuration>
    <configuration id="com.emc.xcp.artifact.appparameter" namespace="brm" name="birt_param_ruleproc" type="STRING">
        <property name="value">&amp;RuleProc=</property>
    </configuration>
    <configuration id="com.emc.xcp.artifact.endpoint" namespace="brm" name="rules_database" type="DatabaseEndpoint">
        <property name="description"></property>
        <property name="driver">com.microsoft.sqlserver.jdbc.SQLServerDriver</property>
        <property name="connectionURL">jdbc:sqlserver://D-DBBPM1-V</property>
        <property name="username">swbc_bpm</property>
        <property name="password">DM_ENCR_TEXT_V2=AAAAEDhhat2kzf62voUxiCnDn3th77ghnITLVGEDg+xfruYZklBxcb8RaDmUb4lLI5JOHD0JWNEEWIvQQaq5/QwODTlf7XZT+bPuKgNjoRzoLb4wmgee4JeAsKm51d0GHGu/1A==</property>
    </configuration>
</ApplicationConfiguration>
