<?xml version="1.0" encoding="UTF-8"?>
<ehcache xmlns:xsi="http://www.w3.org/2001/XMLSchema-instance"
    xsi:noNamespaceSchemaLocation="http://ehcache.org/ehcache.xsd" updateCheck="false">
    <!--
     | Please see http://ehcache.sourceforge.net/documentation/configuration.html for
     | detailed information on how to configurigure caches in this file
     +-->
    <!-- Location of persistent caches on disk -->
<!--     <diskStore path="java.io.tmpdir/EhCacheSpringAnnotationsExampleApp" /> -->

    <defaultCache eternal="false" maxElementsInMemory="1000"
        overflowToDisk="false" diskPersistent="false" timeToIdleSeconds="0"
        timeToLiveSeconds="600" memoryStoreEvictionPolicy="LRU"/>

    <cache name="dfSessionManagerCache" eternal="false"
        maxElementsInMemory="500" overflowToDisk="false" diskPersistent="false"
        timeToIdleSeconds="0" timeToLiveSeconds="300"
        memoryStoreEvictionPolicy="LRU" />

    <cache name="preferencesCache" eternal="false"
        maxElementsInMemory="1000" overflowToDisk="false" diskPersistent="false"
        timeToIdleSeconds="0" timeToLiveSeconds="300"
        memoryStoreEvictionPolicy="LRU" />

    <cache name="uiResourceManagerCache" eternal="false"
        maxElementsInMemory="500" overflowToDisk="false" diskPersistent="false"
        timeToIdleSeconds="0" timeToLiveSeconds="300"
        memoryStoreEvictionPolicy="LRU" />
   
   <!--Task Config Cache is used by View Task Service -->
    <cache name="taskConfigCache" eternal="false"
           maxElementsInMemory="1000" overflowToDisk="false" diskPersistent="false"
           timeToIdleSeconds="0" timeToLiveSeconds="300"
           memoryStoreEvictionPolicy="LRU" />

   <!--Caching list of groups the current user has for tasklist query -->
   <cache name="taskListUserGroupCache" eternal="false"
           maxElementsInMemory="1000" overflowToDisk="false" diskPersistent="false"
           timeToIdleSeconds="0" timeToLiveSeconds="300"
           memoryStoreEvictionPolicy="LRU" />

    <!--Cache configuration of search services (example: workqueue application parameter names)-->
    <cache name="searchServiceConfigCache" eternal="false"
           maxElementsInMemory="1000" overflowToDisk="false" diskPersistent="false"
           timeToIdleSeconds="0" timeToLiveSeconds="60"
           memoryStoreEvictionPolicy="LRU" />


	   
</ehcache>
