<?xml version="1.0" encoding="UTF-8" standalone="yes"?>
<ApplicationConfiguration application-name="Document_Automation" namespace="doca" version="1.0.0" description="">
    <configuration type="BOOLEAN" name="qcpostingistest" namespace="doca" id="com.emc.xcp.artifact.appparameter">
        <property name="value">false</property>
    </configuration>
    <configuration type="HTTPEndpoint" name="prokey_service" namespace="doca" id="com.emc.xcp.artifact.endpoint">
        <property name="description"></property>
        <property name="url">http://q-prokey.swbc.local:120/api/import/documentx</property>
        <property name="username"></property>
        <property name="password"></property>
    </configuration>
    <configuration type="STRING" name="as400_post_mode" namespace="doca" id="com.emc.xcp.artifact.appparameter">
        <property name="value">Execute</property>
    </configuration>
    <configuration type="HTTPEndpoint" name="accountlookupservic" namespace="doca" id="com.emc.xcp.artifact.endpoint">
        <property name="description"></property>
        <property name="url">http://q-dqmf.swbc.local/api/getaccounts/</property>
        <property name="username"></property>
        <property name="password"></property>
    </configuration>
    <configuration type="INTEGER" name="docbaselookupid" namespace="doca" id="com.emc.xcp.artifact.appparameter">
        <property name="value">2</property>
    </configuration>
    <configuration type="INTEGER" name="imcovered_qc_level" namespace="doca" id="com.emc.xcp.artifact.appparameter">
        <property name="value">10</property>
    </configuration>
    <configuration type="BOOLEAN" name="enablescanidchk" namespace="doca" id="com.emc.xcp.artifact.appparameter">
        <property name="value">true</property>
    </configuration>
    <configuration type="BOOLEAN" name="use_sql_for_transid" namespace="doca" id="com.emc.xcp.artifact.appparameter">
        <property name="value">true</property>
    </configuration>
    <configuration type="STRING" name="accountlookupurl" namespace="doca" id="com.emc.xcp.artifact.appparameter">
        <property name="value">http://d-dqmf.swbc.local/api/getaccounts/</property>
    </configuration>
    <configuration type="STRING" name="query_precision" namespace="doca" id="com.emc.xcp.artifact.appparameter">
        <property name="value">second</property>
    </configuration>
    <configuration type="STRING" name="swbcviewerprefix" namespace="doca" id="com.emc.xcp.artifact.appparameter">
        <property name="value">https://B-DocViewer2.swbc.com</property>
    </configuration>
    <configuration type="DatabaseEndpoint" name="transactiontracking" namespace="doca" id="com.emc.xcp.artifact.endpoint">
        <property name="description"></property>
        <property name="driver">com.microsoft.sqlserver.jdbc.SQLServerDriver</property>
        <property name="connectionURL">jdbc:sqlserver://B-AGBPM1:1433;databaseName=DM_TransactionTrackingDB;</property>
        <property name="username">swbc_trackdb_admin</property>
        <property name="password">DM_ENCR_TEXT_V2=AAAAEGvtub7jppqRpmCxmjVcaWj7uey5rw/dgYe+sqQdVxTvnuw825mI1wiloVjuPX1RvKgxwpXrAAQwBjhGJbnhnmT2YhZ9xaUHoW14mQMq8V0MmQqStmfaSGWO2brOPdMEKA==</property>
    </configuration>
    <configuration type="BOOLEAN" name="enableqcmode" namespace="doca" id="com.emc.xcp.artifact.appparameter">
        <property name="value">true</property>
    </configuration>
    <configuration type="RepositoryEndpoint" name="docbase" namespace="doca" id="com.emc.xcp.artifact.endpoint">
        <property name="description"></property>
        <property name="docbrokerHostName">B-APPDAMCS1-V</property>
        <property name="docbrokerPort">1489</property>
        <property name="repositoryName">swbc_dam</property>
        <property name="username">SABeta_dam</property>
        <property name="password">DM_ENCR_TEXT_V2=AAAAEC8AHrTjus/HAkunCZXtXPbKtuyEYOfck1tF/ZVs1KPYZQHwujWV4I5eE9UOXm4gWH3EPuSB9ZYPmiaH827FvDUC6wlw9qH/gWAVBBkEu2cORf9ghxF6RS06alyLQpmRbw==</property>
        <property name="domain"></property>
    </configuration>
    <configuration type="DatabaseEndpoint" name="transid_jdbc_source" namespace="doca" id="com.emc.xcp.artifact.endpoint">
        <property name="description"></property>
        <property name="driver">com.microsoft.sqlserver.jdbc.SQLServerDriver</property>
        <property name="connectionURL">jdbc:sqlserver://B-AGBPM1:1433;databaseName=DM_swbc_docb</property>
        <property name="username">swbc_edms</property>
        <property name="password">DM_ENCR_TEXT_V2=AAAAEDGSz9AAuGs5X8t53rfLKl25/3MNcaTS7/SR7gtwDNqFfNeHQ5OYdZPD9EZTSDDDbExtlsyd4JQGIQdtsIYHqxiZUGekL2pEUIkUEKEAQrVv4QtWJ/5+uNfiVIuQ4M2b0w==</property>
    </configuration>
    <configuration type="FLOAT" name="qcthreshold" namespace="doca" id="com.emc.xcp.artifact.appparameter">
        <property name="value">100</property>
    </configuration>
    <configuration type="BOOLEAN" name="javaservicetrace" namespace="doca" id="com.emc.xcp.artifact.appparameter">
        <property name="value">true</property>
    </configuration>
    <configuration type="DatabaseEndpoint" name="docbasedirectsqlcon" namespace="doca" id="com.emc.xcp.artifact.endpoint">
        <property name="description"></property>
        <property name="driver">com.microsoft.sqlserver.jdbc.SQLServerDriver</property>
        <property name="connectionURL">jdbc:sqlserver://B-AGDAM1:1433;databaseName=DM_swbc_dam_docb;</property>
        <property name="username">swbc_dam</property>
        <property name="password">DM_ENCR_TEXT_V2=AAAAEHp5wSsnekOYrFeOeASnYxsqyEdC/s03DJ1QZvvLDTJkpF5AgAtBzDpNH3HplKPWF0NrPF/4tL7YTcJY7xDMNlF4ViEVavYnDkU+P9IdwC5BJ6vk3p+L+x/9AwaDQUcPNg==</property>
    </configuration>
    <configuration type="STRING" name="prokey_posting_url" namespace="doca" id="com.emc.xcp.artifact.appparameter">
        <property name="value">http://Q-prokey.swbc.local:120/api/import/documentx</property>
    </configuration>
    <configuration type="DatabaseEndpoint" name="iir_database" namespace="doca" id="com.emc.xcp.artifact.endpoint">
        <property name="description"></property>
        <property name="driver">com.microsoft.sqlserver.jdbc.SQLServerDriver</property>
        <property name="connectionURL">jdbc:sqlserver://B-DBCS1-V:1433;</property>
        <property name="username">DCTMMTGIIR</property>
        <property name="password">DM_ENCR_TEXT_V2=AAAAELcNol859HWj2/DtJ9NgGsSHtoeA/+1Ulnn3525Qvwp0uD8+TOsUn/HHflkCeecNsiLtjxH6CX7n8l80K0a4UptHdi7gFZIc7Rpcft8pYADL/V0kfJ83nfjVNNScNJWWNg==</property>
    </configuration>
    <configuration type="WebserviceEndpoint" name="viewertokenservice" namespace="doca" id="com.emc.xcp.artifact.endpoint">
        <property name="description"></property>
        <property name="wsdlURL">https://B-DocViewer2.swbc.com/TokenCreation.svc?wsdl</property>
        <property name="username"></property>
        <property name="password"></property>
    </configuration>
    <configuration type="STRING" name="app_namespace" namespace="doca" id="com.emc.xcp.artifact.appparameter">
        <property name="value">doca</property>
    </configuration>
</ApplicationConfiguration>
