<?xml version="1.0" encoding="UTF-8" standalone="yes"?>
<ApplicationConfiguration application-name="Document_Automation" namespace="doca" version="1.0.0" description="">
    <configuration type="INTEGER" name="docbaselookupid" namespace="doca" id="com.emc.xcp.artifact.appparameter">
        <property name="value">2</property>
    </configuration>
    <configuration type="FLOAT" name="qcthreshold" namespace="doca" id="com.emc.xcp.artifact.appparameter">
        <property name="value">100</property>
    </configuration>
    <configuration type="BOOLEAN" name="qcpostingistest" namespace="doca" id="com.emc.xcp.artifact.appparameter">
        <property name="value">false</property>
    </configuration>
    <configuration type="STRING" name="app_namespace" namespace="doca" id="com.emc.xcp.artifact.appparameter">
        <property name="value">doca</property>
    </configuration>
    <configuration type="DatabaseEndpoint" name="transid_jdbc_source" namespace="doca" id="com.emc.xcp.artifact.endpoint">
        <property name="description"></property>
        <property name="driver">com.microsoft.sqlserver.jdbc.SQLServerDriver</property>
        <property name="connectionURL">jdbc:sqlserver://B-AGBPM1:1433;databaseName=DM_swbc_docb</property>
        <property name="username">swbc_edms</property>
        <property name="password">DM_ENCR_TEXT_V2=AAAAEKGnZc5C2zRlA7ktm1mL2S/8fGFOGJ6QPkIBW9yTvndybp9Naik4YGvXkPpMnXncy6JsMMSKLwdaEJuI8gSmzZRU1TaiAj6jsXdN3LTQzeywfcnBOxH1PHYbs1u/PbLbtA==</property>
    </configuration>
    <configuration type="DatabaseEndpoint" name="docbasedirectsqlcon" namespace="doca" id="com.emc.xcp.artifact.endpoint">
        <property name="description"></property>
        <property name="driver">com.microsoft.sqlserver.jdbc.SQLServerDriver</property>
        <property name="connectionURL">jdbc:sqlserver://B-AGDAM1:1433;databaseName=DM_swbc_dam_docb</property>
        <property name="username">swbc_dam</property>
        <property name="password">DM_ENCR_TEXT_V2=AAAAEDQ+asv/qmzlHNfPICibbDV1s4Ouxkwb/0O4NckOdTLwNrZsitn3kopoYr7duDYMPXagmqWEo3f63EHR6Yd5cvpkt/PDtB2iyF5fy5TY+cg3Bd6TUR8CEMYEQNbXg/0JYw==</property>
    </configuration>
    <configuration type="BOOLEAN" name="use_sql_for_transid" namespace="doca" id="com.emc.xcp.artifact.appparameter">
        <property name="value">true</property>
    </configuration>
    <configuration type="BOOLEAN" name="enableqcmode" namespace="doca" id="com.emc.xcp.artifact.appparameter">
        <property name="value">true</property>
    </configuration>
    <configuration type="INTEGER" name="imcovered_qc_level" namespace="doca" id="com.emc.xcp.artifact.appparameter">
        <property name="value">10</property>
    </configuration>
    <configuration type="DatabaseEndpoint" name="transactiontracking" namespace="doca" id="com.emc.xcp.artifact.endpoint">
        <property name="description"></property>
        <property name="driver">com.microsoft.sqlserver.jdbc.SQLServerDriver</property>
        <property name="connectionURL">jdbc:sqlserver://B-AGBPM1:1433;databaseName=DM_TransactionTrackingDB;</property>
        <property name="username">swbc_trackdb_admin</property>
        <property name="password">DM_ENCR_TEXT_V2=AAAAENTn95R2AWfTGNyV9YPZ8MIKyAtR5irkSkCLL7yKjj4FZO5rF7HODoCW1QdrEYH4jV9k4sHZwv1z0ZR8n0V8VHr/ZWxmjXE1BugevZvg7xuQsX1fiNpx9qYKrp8weqQQJQ==</property>
    </configuration>
    <configuration type="HTTPEndpoint" name="prokey_service" namespace="doca" id="com.emc.xcp.artifact.endpoint">
        <property name="description"></property>
        <property name="url">http://Q-prokey.swbc.local:120/api/import/documentx</property>
        <property name="username"></property>
        <property name="password"></property>
    </configuration>
    <configuration type="WebserviceEndpoint" name="viewertokenservice" namespace="doca" id="com.emc.xcp.artifact.endpoint">
        <property name="description"></property>
        <property name="wsdlURL">https://B-DocViewer2.swbc.com/TokenCreation.svc?wsdl</property>
        <property name="username"></property>
        <property name="password"></property>
    </configuration>
    <configuration type="STRING" name="as400_post_mode" namespace="doca" id="com.emc.xcp.artifact.appparameter">
        <property name="value">Execute</property>
    </configuration>
    <configuration type="HTTPEndpoint" name="accountlookupservic" namespace="doca" id="com.emc.xcp.artifact.endpoint">
        <property name="description"></property>
        <property name="url">http://D-dqmf.swbc.local/api/getaccounts/</property>
        <property name="username"></property>
        <property name="password"></property>
    </configuration>
    <configuration type="BOOLEAN" name="javaservicetrace" namespace="doca" id="com.emc.xcp.artifact.appparameter">
        <property name="value">true</property>
    </configuration>
    <configuration type="STRING" name="prokey_posting_url" namespace="doca" id="com.emc.xcp.artifact.appparameter">
        <property name="value">http://Q-prokey.swbc.local:120/api/import/documentx</property>
    </configuration>
    <configuration type="BOOLEAN" name="enablescanidchk" namespace="doca" id="com.emc.xcp.artifact.appparameter">
        <property name="value">true</property>
    </configuration>
    <configuration type="RepositoryEndpoint" name="docbase" namespace="doca" id="com.emc.xcp.artifact.endpoint">
        <property name="description"></property>
        <property name="docbrokerHostName">B-APPDAMCS1-V</property>
        <property name="docbrokerPort">1489</property>
        <property name="repositoryName">swbc_dam</property>
        <property name="username">SABeta_dam</property>
        <property name="password">DM_ENCR_TEXT_V2=AAAAEG58gn/uDGbORtKTwlMMI70UAnaozwjYu6b65r63A8Q3tk57iH2pdjAiWWeamwc/rY+4AhzMB3k63bXxGxOBEHuX6IBGF9ECfnQMK08no7PX5xHn3T6RJc+wNWxGdWC0og==</property>
        <property name="domain"></property>
    </configuration>
    <configuration type="STRING" name="swbcviewerprefix" namespace="doca" id="com.emc.xcp.artifact.appparameter">
        <property name="value">https://B-DocViewer2.swbc.com</property>
    </configuration>
    <configuration type="EmailEndpoint" name="email_server" namespace="doca" id="com.emc.xcp.artifact.endpoint">
        <property name="description"></property>
        <property name="hostname">smtp.swbc.local</property>
        <property name="port">25</property>
        <property name="username"></property>
        <property name="password"></property>
        <property name="encryption">None</property>
    </configuration>
    <configuration type="DatabaseEndpoint" name="iir_database" namespace="doca" id="com.emc.xcp.artifact.endpoint">
        <property name="description"></property>
        <property name="driver">com.microsoft.sqlserver.jdbc.SQLServerDriver</property>
        <property name="connectionURL">jdbc:sqlserver://B-DBCS1-V:1433</property>
        <property name="username">DCTMMTGIIR</property>
        <property name="password">DM_ENCR_TEXT_V2=AAAAEPipFPK/DcAmAgm2nWvATGeEFZmwQErqMXw8UN8GuqNBw0PETu7SY4qy+a3dhCBOEHHkPGlbuqNGxOqxjmLTh7u9J9kS7fGbHzXNeZh5XlfydNy3Dyzy9T5vhlHN9emOFQ==</property>
    </configuration>
    <configuration type="STRING" name="accountlookupurl" namespace="doca" id="com.emc.xcp.artifact.appparameter">
        <property name="value">http://D-dqmf.swbc.local/api/getaccounts/</property>
    </configuration>
    <configuration type="STRING" name="query_precision" namespace="doca" id="com.emc.xcp.artifact.appparameter">
        <property name="value">second</property>
    </configuration>
</ApplicationConfiguration>
