<?xml version="1.0" encoding="UTF-8" standalone="yes"?>
<ApplicationConfiguration application-name="Document_Automation" namespace="doca" version="1.0.0" description="">
    <configuration type="BOOLEAN" name="use_sql_for_transid" namespace="doca" id="com.emc.xcp.artifact.appparameter">
        <property name="value">true</property>
    </configuration>
    <configuration type="BOOLEAN" name="enableqcmode" namespace="doca" id="com.emc.xcp.artifact.appparameter">
        <property name="value">true</property>
    </configuration>
    <configuration type="INTEGER" name="docbaselookupid" namespace="doca" id="com.emc.xcp.artifact.appparameter">
        <property name="value">2</property>
    </configuration>
    <configuration type="STRING" name="as400_post_mode" namespace="doca" id="com.emc.xcp.artifact.appparameter">
        <property name="value">Execute</property>
    </configuration>
    <configuration type="HTTPEndpoint" name="accountlookupservic" namespace="doca" id="com.emc.xcp.artifact.endpoint">
        <property name="description"></property>
        <property name="url">http://d-dqmf.swbc.local/api/getaccounts/</property>
        <property name="username"></property>
        <property name="password"></property>
    </configuration>
    <configuration type="HTTPEndpoint" name="prokey_service" namespace="doca" id="com.emc.xcp.artifact.endpoint">
        <property name="description"></property>
        <property name="url">http://q-prokey.swbc.local:120/api/import/documentx</property>
        <property name="username"></property>
        <property name="password"></property>
    </configuration>
    <configuration type="FLOAT" name="qcthreshold" namespace="doca" id="com.emc.xcp.artifact.appparameter">
        <property name="value">100</property>
    </configuration>
    <configuration type="BOOLEAN" name="qcpostingistest" namespace="doca" id="com.emc.xcp.artifact.appparameter">
        <property name="value">false</property>
    </configuration>
    <configuration type="STRING" name="app_namespace" namespace="doca" id="com.emc.xcp.artifact.appparameter">
        <property name="value">doca</property>
    </configuration>
    <configuration type="DatabaseEndpoint" name="transid_jdbc_source" namespace="doca" id="com.emc.xcp.artifact.endpoint">
        <property name="description"></property>
        <property name="driver">com.microsoft.sqlserver.jdbc.SQLServerDriver</property>
        <property name="connectionURL">jdbc:sqlserver://B-AGBPM1:1433;databaseName=DM_swbc_docb;</property>
        <property name="username">swbc_edms</property>
        <property name="password">DM_ENCR_TEXT_V2=AAAAEAde0vmS1IKNBNmClJlufuSBZBE4+QRP6RmYwpcQtjuodj/7mEoLMpbhcWyEEIhmCC6MUVnmo2iEJRdWUa0a4D4BAFZFgMm72+IwpcvomjtzE/F/sU6kQ5+KUisApbg0sQ==</property>
    </configuration>
    <configuration type="DatabaseEndpoint" name="iir_database" namespace="doca" id="com.emc.xcp.artifact.endpoint">
        <property name="description"></property>
        <property name="driver">com.microsoft.sqlserver.jdbc.SQLServerDriver</property>
        <property name="connectionURL">jdbc:sqlserver://D-DBCS1-V:1433;</property>
        <property name="username">DCTMMTGIIR</property>
        <property name="password">DM_ENCR_TEXT_V2=AAAAECaKbJDnYFnMrgJdQ2wt9krVCwm+VVE32mOlnme2RIj7ll9dEQ2mxMHeN25c4nbskzanitQRaYsvMXHyIBtd3j9diEiXJPXI6U3F70no6MXYZvugYLzNaWyFBLjlR4RaQw==</property>
    </configuration>
    <configuration type="WebserviceEndpoint" name="viewertokenservice" namespace="doca" id="com.emc.xcp.artifact.endpoint">
        <property name="description"></property>
        <property name="wsdlURL">http://B-DocViewer2.swbc.com/TokenCreation.svc?wsdl</property>
        <property name="username"></property>
        <property name="password"></property>
    </configuration>
    <configuration type="STRING" name="prokey_posting_url" namespace="doca" id="com.emc.xcp.artifact.appparameter">
        <property name="value">http://q-prokey.swbc.local:120/api/import/documentx</property>
    </configuration>
    <configuration type="STRING" name="accountlookupurl" namespace="doca" id="com.emc.xcp.artifact.appparameter">
        <property name="value">http://d-dqmf.swbc.local/api/getaccounts/</property>
    </configuration>
    <configuration type="DatabaseEndpoint" name="transactiontracking" namespace="doca" id="com.emc.xcp.artifact.endpoint">
        <property name="description"></property>
        <property name="driver">com.microsoft.sqlserver.jdbc.SQLServerDriver</property>
        <property name="connectionURL">jdbc:sqlserver://B-DBBPM1-V:1433;databaseName=DM_TransactionTrackingDB;</property>
        <property name="username">swbc_trackdb_admin</property>
        <property name="password">DM_ENCR_TEXT_V2=AAAAEOZXIFYkp1Y2Y5ARKu/Zl/rRpYbFgMAlM9yqSLqxCtlEaEHMnLVH8B0N7SRgepyXcU05Brt7NFfCuPjECK6Y2RC5wZY+N9Sb9Wj3PhHecDemVHK0TheUEj28F/9EvojeIA==</property>
    </configuration>
    <configuration type="RepositoryEndpoint" name="docbase" namespace="doca" id="com.emc.xcp.artifact.endpoint">
        <property name="description"></property>
        <property name="docbrokerHostName">B-APPDAMCS1-V</property>
        <property name="docbrokerPort">1489</property>
        <property name="repositoryName">swbc_dam</property>
        <property name="username">SABeta_dam</property>
        <property name="password">DM_ENCR_TEXT_V2=AAAAELu9qARuwqcmtRX9pUGdusvl9P4ZQ0mUY8bhhudUeFFh32E53cWSM0+ZxQkrA33LstE2e1qE4Zq9Ao+fKtVUQWIvABDPKQrwdX29VsRjW2+4fjdx4fSlmpTbRNy0wrqYmw==</property>
        <property name="domain"></property>
    </configuration>
    <configuration type="STRING" name="swbcviewerprefix" namespace="doca" id="com.emc.xcp.artifact.appparameter">
        <property name="value">https://B-DocViewer2.swbc.com</property>
    </configuration>
    <configuration type="STRING" name="query_precision" namespace="doca" id="com.emc.xcp.artifact.appparameter">
        <property name="value">second</property>
    </configuration>
    <configuration type="BOOLEAN" name="enablescanidchk" namespace="doca" id="com.emc.xcp.artifact.appparameter">
        <property name="value">true</property>
    </configuration>
</ApplicationConfiguration>
