<?xml version="1.0" encoding="UTF-8" standalone="yes"?>
<ApplicationConfiguration application-name="Document_Automation" namespace="doca" version="1.0.0" description="">
    <configuration type="STRING" name="prokey_posting_url" namespace="doca" id="com.emc.xcp.artifact.appparameter">
        <property name="value">http://Q-prokey.swbc.local:120/api/import/documentx</property>
    </configuration>
    <configuration type="DatabaseEndpoint" name="docbasedirectsqlcon" namespace="doca" id="com.emc.xcp.artifact.endpoint">
        <property name="description"></property>
        <property name="driver">com.microsoft.sqlserver.jdbc.SQLServerDriver</property>
        <property name="connectionURL">jdbc:sqlserver://D-DBBPM1-V:1433;databaseName=DM_swbc_bpm_docbase;</property>
        <property name="username">swbc_bpm</property>
        <property name="password">DM_ENCR_TEXT_V2=AAAAEOuE50VoLCVfvPHSdAEZQqf1bIiTJ1yTYFccQGiwPsDjzIPpfWoLKwM4YYUhLUqzOslfLSLNlE9g2WD0vHP2t/BgfnA0Vqabh+ZnLCAxeGYSe+R831RIOs3pwtf9ehrdEg==</property>
    </configuration>
    <configuration type="STRING" name="app_namespace" namespace="doca" id="com.emc.xcp.artifact.appparameter">
        <property name="value">doca</property>
    </configuration>
    <configuration type="BOOLEAN" name="enablescanidchk" namespace="doca" id="com.emc.xcp.artifact.appparameter">
        <property name="value">true</property>
    </configuration>
    <configuration type="BOOLEAN" name="use_sql_for_transid" namespace="doca" id="com.emc.xcp.artifact.appparameter">
        <property name="value">true</property>
    </configuration>
    <configuration type="HTTPEndpoint" name="accountlookupservic" namespace="doca" id="com.emc.xcp.artifact.endpoint">
        <property name="description"></property>
        <property name="url">http://d-dqmf.swbc.local/api/getaccounts/</property>
        <property name="username"></property>
        <property name="password"></property>
    </configuration>
    <configuration type="BOOLEAN" name="enableqcmode" namespace="doca" id="com.emc.xcp.artifact.appparameter">
        <property name="value">true</property>
    </configuration>
    <configuration type="WebserviceEndpoint" name="viewertokenservice" namespace="doca" id="com.emc.xcp.artifact.endpoint">
        <property name="description"></property>
        <property name="wsdlURL">http://D-DocViewer2.swbc.local/TokenCreation.svc?wsdl</property>
        <property name="username"></property>
        <property name="password"></property>
    </configuration>
    <configuration type="BOOLEAN" name="qcpostingistest" namespace="doca" id="com.emc.xcp.artifact.appparameter">
        <property name="value">false</property>
    </configuration>
    <configuration type="FLOAT" name="qcthreshold" namespace="doca" id="com.emc.xcp.artifact.appparameter">
        <property name="value">100</property>
    </configuration>
    <configuration type="BOOLEAN" name="javaservicetrace" namespace="doca" id="com.emc.xcp.artifact.appparameter">
        <property name="value">true</property>
    </configuration>
    <configuration type="INTEGER" name="docbaselookupid" namespace="doca" id="com.emc.xcp.artifact.appparameter">
        <property name="value">2</property>
    </configuration>
    <configuration type="STRING" name="query_precision" namespace="doca" id="com.emc.xcp.artifact.appparameter">
        <property name="value">second</property>
    </configuration>
    <configuration type="STRING" name="accountlookupurl" namespace="doca" id="com.emc.xcp.artifact.appparameter">
        <property name="value">http://d-dqmf.swbc.local/api/getaccounts/</property>
    </configuration>
    <configuration type="STRING" name="swbcviewerprefix" namespace="doca" id="com.emc.xcp.artifact.appparameter">
        <property name="value">http://D-DocViewer2.swbc.local</property>
    </configuration>
    <configuration type="STRING" name="as400_post_mode" namespace="doca" id="com.emc.xcp.artifact.appparameter">
        <property name="value">Execute</property>
    </configuration>
    <configuration type="RepositoryEndpoint" name="docbase" namespace="doca" id="com.emc.xcp.artifact.endpoint">
        <property name="description"></property>
        <property name="docbrokerHostName">D-APPBPMCS1-V</property>
        <property name="docbrokerPort">1489</property>
        <property name="repositoryName">swbc_bpm</property>
        <property name="username">SADev_bpmcs</property>
        <property name="password">DM_ENCR_TEXT_V2=AAAAEBNsPpAfWPnv7+fvB1rrxi9JsFKhmNg4lDj9hZsYyy2EDf2jGESLUH6d4xtohucMvVqkdVHCEDITiHekXJDLN5wua8aMagbAxSvpHPsV+0mVEYu4WlPUkhHCGtr5XEUtGQ==</property>
        <property name="domain"></property>
    </configuration>
    <configuration type="DatabaseEndpoint" name="transid_jdbc_source" namespace="doca" id="com.emc.xcp.artifact.endpoint">
        <property name="description"></property>
        <property name="driver">com.microsoft.sqlserver.jdbc.SQLServerDriver</property>
        <property name="connectionURL">jdbc:sqlserver://D-DBBPM1-V:1433;databaseName=DM_swbc_bpm_docbase;</property>
        <property name="username">swbc_bpm</property>
        <property name="password">DM_ENCR_TEXT_V2=AAAAECBOIEad/w23GV2fjwaonrl53ZR7RqnHaubQOJ7Br79UzWncPEOlT/3cQPEYXJoZ3wNoqY3A6b/fcaE4VmeIwdV3N6a7b800TU5pGO8uBOfDIl4z3s5lgoh6j7N/3oJOdA==</property>
    </configuration>
    <configuration type="DatabaseEndpoint" name="transactiontracking" namespace="doca" id="com.emc.xcp.artifact.endpoint">
        <property name="description"></property>
        <property name="driver">com.microsoft.sqlserver.jdbc.SQLServerDriver</property>
        <property name="connectionURL">jdbc:sqlserver://D-DBBPM1-V:1433;databaseName=DM_TransactionTrackingDB;</property>
        <property name="username">swbc_trackdb_admin</property>
        <property name="password">DM_ENCR_TEXT_V2=AAAAEBvH8Ik0xjtq1wDhl2m0wPd5G5zcxnOMxfbC65q7iVkl2qs0UmES+qqkpNleYwkp4I1we+fq7AVEQgxZf+TH8JM8So3P5AeuF4sTHlL+ckwgrrjJCTo5CFQzeta9518o7g==</property>
    </configuration>
    <configuration type="HTTPEndpoint" name="prokey_service" namespace="doca" id="com.emc.xcp.artifact.endpoint">
        <property name="description"></property>
        <property name="url">http://D-prokey.swbc.local:120/api/import/documentx</property>
        <property name="username"></property>
        <property name="password"></property>
    </configuration>
    <configuration type="DatabaseEndpoint" name="iir_database" namespace="doca" id="com.emc.xcp.artifact.endpoint">
        <property name="description"></property>
        <property name="driver">com.microsoft.sqlserver.jdbc.SQLServerDriver</property>
        <property name="connectionURL">jdbc:sqlserver://D-DBCS1-V:1433;</property>
        <property name="username">DCTMMTGIIR</property>
        <property name="password">DM_ENCR_TEXT_V2=AAAAEBLHwgp4B4NZQqese2fBxtaO4nq27jtk38CZMuQbyr7wJE7uBw/2SGOm8DMCKBjxSqHvTW2ipoT1c94bN0acIEwfsQPf36ij0j3yH6MNCdnaj9AfFtcwtr9Km4A+QrwQfw==</property>
    </configuration>
</ApplicationConfiguration>
