<?xml version="1.0" encoding="UTF-8" standalone="yes"?>
<ApplicationConfiguration application-name="Document_Automation" namespace="doca" version="1.0.0" description="">
    <configuration type="DatabaseEndpoint" name="transactiontracking" namespace="doca" id="com.emc.xcp.artifact.endpoint">
        <property name="description"></property>
        <property name="driver">com.microsoft.sqlserver.jdbc.SQLServerDriver</property>
        <property name="connectionURL">jdbc:sqlserver://WIN-MAGMDFS2A4T:1433;databaseName=DM_TransactionTrackingDB;</property>
        <property name="username">sa</property>
        <property name="password">DM_ENCR_TEXT_V2=AAAAEFe56DzXy9Bppojf7IybkxK6wlU/CTQp5sSY79q5aMi7M/p4II4IwWm3v17FmgDpU/DNCsP04SM08ZAXz4SrIjJQWvPyxzk4nlKG5IW/+dYS</property>
    </configuration>
    <configuration type="WebserviceEndpoint" name="viewertokenservice" namespace="doca" id="com.emc.xcp.artifact.endpoint">
        <property name="description"></property>
        <property name="wsdlURL">http://D-DocViewer2.swbc.local/TokenCreation.svc?wsdl</property>
        <property name="username"></property>
        <property name="password"></property>
    </configuration>
    <configuration type="DatabaseEndpoint" name="transid_jdbc_source" namespace="doca" id="com.emc.xcp.artifact.endpoint">
        <property name="description"></property>
        <property name="driver">com.microsoft.sqlserver.jdbc.SQLServerDriver</property>
        <property name="connectionURL">jdbc:sqlserver://WIN-MAGMDFS2A4T:1433;databaseName=DM_SWBCDEV_docbase;</property>
        <property name="username">swbcdev_db</property>
        <property name="password">DM_ENCR_TEXT_V2=AAAAEPM9KCGWEPn4T0Uec1XHPOvssGhXdxpOl0TvRGgvXtTpl8weVJEObrSyDESlxrEwaM9sGMvqXna3zrHLThaPIi93VHiMJDIhSwK9TpZeJXBn</property>
    </configuration>
    <configuration type="BOOLEAN" name="use_sql_for_transid" namespace="doca" id="com.emc.xcp.artifact.appparameter">
        <property name="value">true</property>
    </configuration>
    <configuration type="STRING" name="swbcviewerprefix" namespace="doca" id="com.emc.xcp.artifact.appparameter">
        <property name="value">https://d-DocViewer2.swbc.com</property>
    </configuration>
    <configuration type="STRING" name="app_namespace" namespace="doca" id="com.emc.xcp.artifact.appparameter">
        <property name="value">doca</property>
    </configuration>
</ApplicationConfiguration>
