<?xml version="1.0" encoding="UTF-8" standalone="yes"?>
<ApplicationConfiguration application-name="Document_Automation" namespace="doca" version="1.0.0" description="">
    <configuration type="STRING" name="as400_post_mode" namespace="doca" id="com.emc.xcp.artifact.appparameter">
        <property name="value">Execute</property>
    </configuration>
    <configuration type="STRING" name="app_namespace" namespace="doca" id="com.emc.xcp.artifact.appparameter">
        <property name="value">doca</property>
    </configuration>
    <configuration type="RepositoryEndpoint" name="docbase" namespace="doca" id="com.emc.xcp.artifact.endpoint">
        <property name="description"></property>
        <property name="docbrokerHostName">P-APPDAMCS1-V</property>
        <property name="docbrokerPort">1489</property>
        <property name="repositoryName">swbc_dam</property>
        <property name="username">SA_dam</property>
        <property name="password">DM_ENCR_TEXT_V2=AAAAEA4fYA7aqJiNEK/NzKg6VKIjPK3jvp6/5NTlc6OaCDFIFkp9dbmhLCJoqUqelTtL1E21Uag1IzUoPEFkWEKwhzKp9LH7dwcHOgsg8Ej4ftf6FuEwpcR4hxUHcDgANCzUGw==</property>
        <property name="domain"></property>
    </configuration>
    <configuration type="FLOAT" name="qcthreshold" namespace="doca" id="com.emc.xcp.artifact.appparameter">
        <property name="value">100</property>
    </configuration>
    <configuration type="INTEGER" name="docbaselookupid" namespace="doca" id="com.emc.xcp.artifact.appparameter">
        <property name="value">2</property>
    </configuration>
    <configuration type="HTTPEndpoint" name="prokey_service" namespace="doca" id="com.emc.xcp.artifact.endpoint">
        <property name="description"></property>
        <property name="url">http://Q-prokey.swbc.local:120/api/import/documentx</property>
        <property name="username"></property>
        <property name="password"></property>
    </configuration>
    <configuration type="WebserviceEndpoint" name="viewertokenservice" namespace="doca" id="com.emc.xcp.artifact.endpoint">
        <property name="description"></property>
        <property name="wsdlURL">https://DocViewer2.swbc.com/TokenCreation.svc?wsdl</property>
        <property name="username"></property>
        <property name="password"></property>
    </configuration>
    <configuration type="STRING" name="accountlookupurl" namespace="doca" id="com.emc.xcp.artifact.appparameter">
        <property name="value">http://d-dqmf.swbc.local/api/getaccounts/</property>
    </configuration>
    <configuration type="DatabaseEndpoint" name="docbasedirectsqlcon" namespace="doca" id="com.emc.xcp.artifact.endpoint">
        <property name="description"></property>
        <property name="driver">com.microsoft.sqlserver.jdbc.SQLServerDriver</property>
        <property name="connectionURL">jdbc:sqlserver://P-AGDAM1:1433;databaseName=DM_swbc_dam_docb;</property>
        <property name="username">swbc_dam</property>
        <property name="password">DM_ENCR_TEXT_V2=AAAAEKl/J6lYQfWo+Mh1GqxZrHZLk9SDmEwTbAkoB7aVPQ5Gomw9LxDsPx8yDMGCIyJtq3pAmmOpd0xO5838D1g0h9tK5INLAPlLN5nhd+WvaNF7esmhzsyZLeV4yZYCc+MNpA==</property>
    </configuration>
    <configuration type="STRING" name="query_precision" namespace="doca" id="com.emc.xcp.artifact.appparameter">
        <property name="value">second</property>
    </configuration>
    <configuration type="DatabaseEndpoint" name="transid_jdbc_source" namespace="doca" id="com.emc.xcp.artifact.endpoint">
        <property name="description"></property>
        <property name="driver">com.microsoft.sqlserver.jdbc.SQLServerDriver</property>
        <property name="connectionURL">jdbc:sqlserver://P-AGBPM1:1433;databaseName=DM_swbc_docb</property>
        <property name="username">swbc_edms</property>
        <property name="password">DM_ENCR_TEXT_V2=AAAAEFU2v+bxjpmOHgbN1GdnSDuPdW85sU4Nnz1ux2e85nxR1T6g1KOS90CPVJZ6Kqu49aDKSwn5Ev2PnsL/rmH7Q9ST/FM2gWBwsDkcfGB2UGrgr+nT7AwarNcPypQytwOdwA==</property>
    </configuration>
    <configuration type="BOOLEAN" name="javaservicetrace" namespace="doca" id="com.emc.xcp.artifact.appparameter">
        <property name="value">true</property>
    </configuration>
    <configuration type="DatabaseEndpoint" name="iir_database" namespace="doca" id="com.emc.xcp.artifact.endpoint">
        <property name="description"></property>
        <property name="driver">com.microsoft.sqlserver.jdbc.SQLServerDriver</property>
        <property name="connectionURL">jdbc:sqlserver://P-DBCS1-V:1433;</property>
        <property name="username">DCTMMTGIIR</property>
        <property name="password">DM_ENCR_TEXT_V2=AAAAEBpbhnyJciNEln/lUw/l3FlyP362yAqe54YSdtICYIE1B/sjTGG1QVT2D4eqFYdBnOgveMDVszbbtmdk+E7arumS6h5OojJvZypq72ByVc86aWupiDls52PF2JUi1HmYvw==</property>
    </configuration>
    <configuration type="BOOLEAN" name="qcpostingistest" namespace="doca" id="com.emc.xcp.artifact.appparameter">
        <property name="value">false</property>
    </configuration>
    <configuration type="BOOLEAN" name="enablescanidchk" namespace="doca" id="com.emc.xcp.artifact.appparameter">
        <property name="value">true</property>
    </configuration>
    <configuration type="BOOLEAN" name="use_sql_for_transid" namespace="doca" id="com.emc.xcp.artifact.appparameter">
        <property name="value">true</property>
    </configuration>
    <configuration type="STRING" name="swbcviewerprefix" namespace="doca" id="com.emc.xcp.artifact.appparameter">
        <property name="value">https://DocViewer2.swbc.com</property>
    </configuration>
    <configuration type="BOOLEAN" name="enableqcmode" namespace="doca" id="com.emc.xcp.artifact.appparameter">
        <property name="value">true</property>
    </configuration>
    <configuration type="STRING" name="prokey_posting_url" namespace="doca" id="com.emc.xcp.artifact.appparameter">
        <property name="value">http://Q-prokey.swbc.local:120/api/import/documentx</property>
    </configuration>
    <configuration type="DatabaseEndpoint" name="transactiontracking" namespace="doca" id="com.emc.xcp.artifact.endpoint">
        <property name="description"></property>
        <property name="driver">com.microsoft.sqlserver.jdbc.SQLServerDriver</property>
        <property name="connectionURL">jdbc:sqlserver://P-AGBPM1:1433;databaseName=DM_TransactionTrackingDB;</property>
        <property name="username">swbc_trackdb_admin</property>
        <property name="password">DM_ENCR_TEXT_V2=AAAAENrRjcAmbXRWGCWgyGzMhD/OkTfXV9t3rGCBzylTDQGfHVhLPgRLucYkD/W3oKv8t5x7JvrGiaYViGwneAQE8+LsQgqd64VlJ604Eh793UO1bwC2IITOArTZgoQXz9XLeA==</property>
    </configuration>
    <configuration type="HTTPEndpoint" name="accountlookupservic" namespace="doca" id="com.emc.xcp.artifact.endpoint">
        <property name="description"></property>
        <property name="url">http://d-dqmf.swbc.local/api/getaccounts/</property>
        <property name="username"></property>
        <property name="password"></property>
    </configuration>
</ApplicationConfiguration>
