<?xml version="1.0" encoding="UTF-8" standalone="yes"?>
<ApplicationConfiguration application-name="Document_Automation" namespace="doca" version="1.0.0" description="">
    <configuration type="DatabaseEndpoint" name="docbasedirectsqlcon" namespace="doca" id="com.emc.xcp.artifact.endpoint">
        <property name="description"></property>
        <property name="driver">com.microsoft.sqlserver.jdbc.SQLServerDriver</property>
        <property name="connectionURL">jdbc:sqlserver://Q-DBBPM1-V:1433;databaseName=DM_swbc_bpm_docbase;</property>
        <property name="username">swbc_bpm</property>
        <property name="password">DM_ENCR_TEXT_V2=AAAAECVQ5vtg2ldE9YjLI22i6gLZ5/eG0rJA/6WqttyOkYWtGzjCd+H/O8W/PSZ3ZCvqgllRut0qLGlp26biOaBlxMTap+hLQ1bUPCpXbkuyA5VJh0VOdex1LZZuo9XRD5lhKw==</property>
    </configuration>
    <configuration type="STRING" name="swbcviewerprefix" namespace="doca" id="com.emc.xcp.artifact.appparameter">
        <property name="value">http://Q-DocViewer2.swbc.local</property>
    </configuration>
    <configuration type="FLOAT" name="qcthreshold" namespace="doca" id="com.emc.xcp.artifact.appparameter">
        <property name="value">100</property>
    </configuration>
    <configuration type="BOOLEAN" name="use_sql_for_transid" namespace="doca" id="com.emc.xcp.artifact.appparameter">
        <property name="value">true</property>
    </configuration>
    <configuration type="DatabaseEndpoint" name="transid_jdbc_source" namespace="doca" id="com.emc.xcp.artifact.endpoint">
        <property name="description"></property>
        <property name="driver">com.microsoft.sqlserver.jdbc.SQLServerDriver</property>
        <property name="connectionURL">jdbc:sqlserver://Q-DBBPM1-V:1433;databaseName=DM_swbc_bpm_docbase</property>
        <property name="username">swbc_bpm</property>
        <property name="password">DM_ENCR_TEXT_V2=AAAAEJdYu2iTsrJnRTNohlvFXUXXww6hKr0VycJmRU3Yfn5s44C+gmkHR3SZQjhEcG2g1MhMW0pDB6jo1xyr/f6ttF5oWc0B/Ylu/NahMytFW4JaJYzZOO0xTWPNXwDXRue7yQ==</property>
    </configuration>
    <configuration type="DatabaseEndpoint" name="transactiontracking" namespace="doca" id="com.emc.xcp.artifact.endpoint">
        <property name="description"></property>
        <property name="driver">com.microsoft.sqlserver.jdbc.SQLServerDriver</property>
        <property name="connectionURL">jdbc:sqlserver://Q-DBBPM1-V:1433;databaseName=DM_TransactionTrackingDB;</property>
        <property name="username">swbc_trackdb_admin</property>
        <property name="password">DM_ENCR_TEXT_V2=AAAAEBZ2t4k1XPysvAWKXWpvfeRWoNlWXYGOnr4TRgNaqRMx6qFBv2i6AkVBDyjT8270ZTCMlPdQ4i4xYYEjAYCV94odPv1GCslbFE+v5toEg+eYzgTLtpXcntRo7483oaex3A==</property>
    </configuration>
    <configuration type="BOOLEAN" name="javaservicetrace" namespace="doca" id="com.emc.xcp.artifact.appparameter">
        <property name="value">true</property>
    </configuration>
    <configuration type="RepositoryEndpoint" name="docbase" namespace="doca" id="com.emc.xcp.artifact.endpoint">
        <property name="description"></property>
        <property name="docbrokerHostName">Q-APPBPMCS1-V</property>
        <property name="docbrokerPort">1489</property>
        <property name="repositoryName">swbc_bpm</property>
        <property name="username">SAQA_bpmcs</property>
        <property name="password">DM_ENCR_TEXT_V2=AAAAEFvHXc3DnBXqKi/7xC03Q6pnYFiCLeV8f1TEEjKOhSKVVy9SVQ+Y/DVtcYTRJcMIW+FDLqW4kynlNpXwotBWhkgkBPk4QUr6ZWiHTkGi3v/0iVG2AHHeZuKg8XZOE2tkHQ==</property>
        <property name="domain"></property>
    </configuration>
    <configuration type="BOOLEAN" name="enablescanidchk" namespace="doca" id="com.emc.xcp.artifact.appparameter">
        <property name="value">true</property>
    </configuration>
    <configuration type="BOOLEAN" name="qcpostingistest" namespace="doca" id="com.emc.xcp.artifact.appparameter">
        <property name="value">false</property>
    </configuration>
    <configuration type="BOOLEAN" name="enableqcmode" namespace="doca" id="com.emc.xcp.artifact.appparameter">
        <property name="value">true</property>
    </configuration>
    <configuration type="HTTPEndpoint" name="prokey_service" namespace="doca" id="com.emc.xcp.artifact.endpoint">
        <property name="description"></property>
        <property name="url">http://q-prokey.swbc.local:120/api/import/documentx</property>
        <property name="username"></property>
        <property name="password"></property>
    </configuration>
    <configuration type="INTEGER" name="docbaselookupid" namespace="doca" id="com.emc.xcp.artifact.appparameter">
        <property name="value">2</property>
    </configuration>
    <configuration type="STRING" name="app_namespace" namespace="doca" id="com.emc.xcp.artifact.appparameter">
        <property name="value">doca</property>
    </configuration>
    <configuration type="STRING" name="query_precision" namespace="doca" id="com.emc.xcp.artifact.appparameter">
        <property name="value">second</property>
    </configuration>
    <configuration type="STRING" name="as400_post_mode" namespace="doca" id="com.emc.xcp.artifact.appparameter">
        <property name="value">Execute</property>
    </configuration>
    <configuration type="WebserviceEndpoint" name="viewertokenservice" namespace="doca" id="com.emc.xcp.artifact.endpoint">
        <property name="description"></property>
        <property name="wsdlURL">http://Q-DocViewer2.swbc.local/TokenCreation.svc?wsdl</property>
        <property name="username"></property>
        <property name="password"></property>
    </configuration>
    <configuration type="STRING" name="prokey_posting_url" namespace="doca" id="com.emc.xcp.artifact.appparameter">
        <property name="value">http://Q-prokey.swbc.local:120/api/import/documentx</property>
    </configuration>
    <configuration type="DatabaseEndpoint" name="iir_database" namespace="doca" id="com.emc.xcp.artifact.endpoint">
        <property name="description"></property>
        <property name="driver">com.microsoft.sqlserver.jdbc.SQLServerDriver</property>
        <property name="connectionURL">jdbc:sqlserver://Q-DBCS1-V:1433;</property>
        <property name="username">DCTMMTGIIR</property>
        <property name="password">DM_ENCR_TEXT_V2=AAAAEPzCP17CUASsGL7preCqQGUHwOfd9ZfuJKs2uVdedYMosb2+hl3otHAKB+UfMCREpCdkROKjUHNQjLH7h5FSep0jEZA8TKQxp3DpC1jE+Prl70dkmnyLAPJhTfK3hDdqNw==</property>
    </configuration>
    <configuration type="HTTPEndpoint" name="accountlookupservic" namespace="doca" id="com.emc.xcp.artifact.endpoint">
        <property name="description"></property>
        <property name="url">http://q-dqmf.swbc.local/api/getaccounts/</property>
        <property name="username"></property>
        <property name="password"></property>
    </configuration>
    <configuration type="STRING" name="accountlookupurl" namespace="doca" id="com.emc.xcp.artifact.appparameter">
        <property name="value">http://d-dqmf.swbc.local/api/getaccounts/</property>
    </configuration>
</ApplicationConfiguration>
