<?xml version="1.0" encoding="UTF-8" standalone="yes"?>
<ApplicationConfiguration application-name="Document_Automation" namespace="doca" version="1.0.0" description="">
    <configuration type="HTTPEndpoint" name="accountlookupservic" namespace="doca" id="com.emc.xcp.artifact.endpoint">
        <property name="description"></property>
        <property name="url">http://D-dqmf.swbc.local/api/getaccounts/</property>
        <property name="username"></property>
        <property name="password"></property>
    </configuration>
    <configuration type="STRING" name="query_precision" namespace="doca" id="com.emc.xcp.artifact.appparameter">
        <property name="value">second</property>
    </configuration>
    <configuration type="BOOLEAN" name="enablescanidchk" namespace="doca" id="com.emc.xcp.artifact.appparameter">
        <property name="value">true</property>
    </configuration>
    <configuration type="STRING" name="app_namespace" namespace="doca" id="com.emc.xcp.artifact.appparameter">
        <property name="value">doca</property>
    </configuration>
    <configuration type="RepositoryEndpoint" name="docbase" namespace="doca" id="com.emc.xcp.artifact.endpoint">
        <property name="description"></property>
        <property name="docbrokerHostName">Q-APPBPMCS1-V</property>
        <property name="docbrokerPort">1489</property>
        <property name="repositoryName">swbc_bpm</property>
        <property name="username">SAQA_bpmcs</property>
        <property name="password">DM_ENCR_TEXT_V2=AAAAEOXEr4HT74IbBBHHLzjazrqfcKXCc5E6MidNkw/8mZt8cq5agY2iQUmY51PaOLUqNzGrEi3pz4ChrVfciQ6fM0WPmUBkI8V5cyAdEK0LeLqcPU1M1XPmt+GL1akcPz9REg==</property>
        <property name="domain"></property>
    </configuration>
    <configuration type="STRING" name="accountlookupurl" namespace="doca" id="com.emc.xcp.artifact.appparameter">
        <property name="value">http://d-dqmf.swbc.local/api/getaccounts/</property>
    </configuration>
    <configuration type="DatabaseEndpoint" name="iir_database" namespace="doca" id="com.emc.xcp.artifact.endpoint">
        <property name="description"></property>
        <property name="driver">com.microsoft.sqlserver.jdbc.SQLServerDriver</property>
        <property name="connectionURL">jdbc:sqlserver://Q-DBCS1-V:1433</property>
        <property name="username">DCTMMTGIIR</property>
        <property name="password">DM_ENCR_TEXT_V2=AAAAELg59cVkUAQmiVV9heqRZfd4hzh39csUbwoQNKXlTXd8EZ6RHxYIZnR8LT72b2+Sub4YHU8/2yOimr5lwjEjlHCxJRvIvsXhQFtxXC49yzf7DZYxcLIqt1gsvXIZFXtVOQ==</property>
    </configuration>
    <configuration type="STRING" name="prokey_posting_url" namespace="doca" id="com.emc.xcp.artifact.appparameter">
        <property name="value">http://q-prokey.swbc.local:120/api/import/documentx</property>
    </configuration>
    <configuration type="HTTPEndpoint" name="prokey_service" namespace="doca" id="com.emc.xcp.artifact.endpoint">
        <property name="description"></property>
        <property name="url">http://q-prokey.swbc.local:120/api/import/documentx</property>
        <property name="username"></property>
        <property name="password"></property>
    </configuration>
    <configuration type="BOOLEAN" name="use_sql_for_transid" namespace="doca" id="com.emc.xcp.artifact.appparameter">
        <property name="value">true</property>
    </configuration>
    <configuration type="BOOLEAN" name="javaservicetrace" namespace="doca" id="com.emc.xcp.artifact.appparameter">
        <property name="value">true</property>
    </configuration>
    <configuration type="STRING" name="as400_post_mode" namespace="doca" id="com.emc.xcp.artifact.appparameter">
        <property name="value">Execute</property>
    </configuration>
    <configuration type="WebserviceEndpoint" name="viewertokenservice" namespace="doca" id="com.emc.xcp.artifact.endpoint">
        <property name="description"></property>
        <property name="wsdlURL">http://Q-docViewer2.swbc.local/TokenCreation.svc?wsdl</property>
        <property name="username"></property>
        <property name="password"></property>
    </configuration>
    <configuration type="FLOAT" name="qcthreshold" namespace="doca" id="com.emc.xcp.artifact.appparameter">
        <property name="value">100</property>
    </configuration>
    <configuration type="INTEGER" name="imcovered_qc_level" namespace="doca" id="com.emc.xcp.artifact.appparameter">
        <property name="value">10</property>
    </configuration>
    <configuration type="BOOLEAN" name="enableqcmode" namespace="doca" id="com.emc.xcp.artifact.appparameter">
        <property name="value">true</property>
    </configuration>
    <configuration type="DatabaseEndpoint" name="transactiontracking" namespace="doca" id="com.emc.xcp.artifact.endpoint">
        <property name="description"></property>
        <property name="driver">com.microsoft.sqlserver.jdbc.SQLServerDriver</property>
        <property name="connectionURL">jdbc:sqlserver://Q-DBBPM1-V:1433;databaseName=DM_TransactionTrackingDB;</property>
        <property name="username">swbc_trackdb_admin</property>
        <property name="password">DM_ENCR_TEXT_V2=AAAAENIdbq8RVVkKygrQWBlnCmqaUphTiMdFwSEMaWcuJ+WL4/5yoc+5rvIPQViPRFCyXe4Ft12EyOh0cci2MQwYuMv2YxdhNy3dwqKQnFzEfdRVzOLO17fazCg0awJwJ9NgoQ==</property>
    </configuration>
    <configuration type="DatabaseEndpoint" name="docbasedirectsqlcon" namespace="doca" id="com.emc.xcp.artifact.endpoint">
        <property name="description"></property>
        <property name="driver">com.microsoft.sqlserver.jdbc.SQLServerDriver</property>
        <property name="connectionURL">jdbc:sqlserver://Q-DBBPM1-V:1433;databaseName=DM_swbc_bpm_docbase;</property>
        <property name="username">swbc_bpm</property>
        <property name="password">DM_ENCR_TEXT_V2=AAAAEKEHrcgvsMzlpMT1/LHf5bR6lFZucoJPZmwaaWWxHYvVAoMjHFhNFt78WCkDE/Y2gk5iq5dc7fP9B47h879b/nZNZBwA36AvjtvjPa6VcH3uAgNw2A+qjeeN0aZN4iKHUw==</property>
    </configuration>
    <configuration type="DatabaseEndpoint" name="captivareporting" namespace="doca" id="com.emc.xcp.artifact.endpoint">
        <property name="description"></property>
        <property name="driver">com.microsoft.sqlserver.jdbc.SQLServerDriver</property>
        <property name="connectionURL">jdbc:sqlserver://Q-DBCPTV1:1433;databaseName=Captiva_Reporting;</property>
        <property name="username">captiva_qa</property>
        <property name="password">DM_ENCR_TEXT_V2=AAAAEMUWrbE9D5Ti1wGPJJhgJok1GETYTcVNxrZ7aiZwaevYcP4beCsIkFltlAKm1lyVk5NRUwl5YAI4NO59fnJ/AIpcMfZSmQk9DIaEPJlAolbOc845zb/FMd7sXHuRi360sA==</property>
    </configuration>
    <configuration type="EmailEndpoint" name="email_server" namespace="doca" id="com.emc.xcp.artifact.endpoint">
        <property name="description"></property>
        <property name="hostname">smtp.swbc.local</property>
        <property name="port">25</property>
        <property name="username"></property>
        <property name="password"></property>
        <property name="encryption">None</property>
    </configuration>
    <configuration type="BOOLEAN" name="qcpostingistest" namespace="doca" id="com.emc.xcp.artifact.appparameter">
        <property name="value">false</property>
    </configuration>
    <configuration type="DatabaseEndpoint" name="transid_jdbc_source" namespace="doca" id="com.emc.xcp.artifact.endpoint">
        <property name="description"></property>
        <property name="driver">com.microsoft.sqlserver.jdbc.SQLServerDriver</property>
        <property name="connectionURL">jdbc:sqlserver://Q-DBBPM1-V:1433;databaseName=DM_swbc_bpm_docbase;</property>
        <property name="username">swbc_bpm</property>
        <property name="password">DM_ENCR_TEXT_V2=AAAAEGgOElBNc9fEGmwJrRNmT5EameOTZFKLaxh3rtkUon00O+KfhS7+WRwDnzEgJ/XJracvdurT/YKyblYqaaILD+WeJMTg3WTehG+JDIyLfkJg4n86cRwxJuO15GwhR6/ZhA==</property>
    </configuration>
    <configuration type="INTEGER" name="docbaselookupid" namespace="doca" id="com.emc.xcp.artifact.appparameter">
        <property name="value">2</property>
    </configuration>
    <configuration type="STRING" name="swbcviewerprefix" namespace="doca" id="com.emc.xcp.artifact.appparameter">
        <property name="value">http://Q-docviewer2.swbc.local</property>
    </configuration>
</ApplicationConfiguration>
