<?xml version="1.0" encoding="UTF-8" standalone="no"?>
<!--***********************************************************************-->
<!--                                                                       -->
<!-- Confidential Property of Documentum, Inc.                             -->
<!-- (c) Copyright Documentum, Inc. 2001.                                  -->
<!-- All Rights reserved.                                                  -->
<!-- May not be used without prior written agreement                       -->
<!-- signed by a Documentum corporate officer.                             -->
<!--                                                                       -->
<!--***********************************************************************-->
<!--                                                                       -->
<!-- Project        Component Library                                      -->
<!-- Module         History                                                -->
<!-- File           history_component.xml                                  -->
<!-- Description    Generic History Component Definition                   -->
<!-- Created on     24 August 2001                                         -->
<!-- Tab width      3                                                      -->
<!--                                                                       -->
<!--***********************************************************************-->
<!--                                                                       -->
<!-- VCS Maintained Data                                                   -->
<!--                                                                       -->
<!-- Revision       $Revision: 14$                                         -->
<!-- Modified on    $Date: 11/20/2008 10:38:32 PM$                         -->
<!--                                                                       -->
<!-- Log at EOF                                                            -->
<!--                                                                       -->
<!--***********************************************************************-->
<config version="1.0">
   <scope type="idocs_document" role="idocs_member" >
      <component id="history"
                 extends="history:webcomponent/config/library/history/history_component.xml">
         <pages>
            <start>/custom/jsps/history/history.jsp</start>
         </pages>
         <class>org.ifc.idocs.history.History</class>
         <nlsbundle>org.ifc.idocs.history.HistoryNlsProp</nlsbundle>
      </component>
   </scope>
</config>