<?xml version="1.0" encoding="UTF-8" standalone="no"?>
<!-- **************************************************************************         -->
<!-- Module Name: changedoctype_component.xml		                                    -->
<!-- Module Description: This custom component is used to allow the user to change		-->
<!--  					 document type and folder title									-->
<!-- Author name: Gangadhar Reddy Vennapusa											   	-->
<!-- Date:	4-July-2010															        -->
<!-- Module Version No: 1.0                                                             -->
<!--****************************************************************************-->
<config version="1.0">
  <scope role="idocs_member">
      <component id="changedoctype_component"> 
		 <params>
            <param name="objectId" required="true"/>
         </params>
         <pages>
            <start>/custom/jsps/changedoctype/changedoctype.jsp</start>
         </pages>
         <class>org.ifc.idocs.changedoctype.ChangeDocType</class>
         <nlsbundle>org.ifc.idocs.changedoctype.ChangeDocTypeNlsProp</nlsbundle>
         <helpcontextid>changedoctype</helpcontextid>
       </component>
   </scope>
</config>
