{
  "name" : "process-type",
  "type" : "itk_getexceptionreasons",
  "label" : "GetExceptionReasons",
  "runnable-stateless" : true,
  "urn" : "urn:itk:com.emc.ide.artifact.process:Artifacts/Processes/getexceptionreasons.process",
  "properties" : [ {
    "name" : "process_id",
    "label" : "process_id",
    "type" : "string",
    "length" : 64
  }, {
    "name" : "status",
    "label" : "status",
    "type" : "string",
    "length" : 64
  }, {
    "name" : "id",
    "label" : "id",
    "type" : "string",
    "length" : 64
  }, {
    "name" : "r_runtime_state",
    "label" : "r_runtime_state",
    "type" : "integer"
  }, {
    "name" : "correlation_identifier",
    "label" : "correlation_identifier",
    "type" : "string",
    "length" : 64
  }, {
    "name" : "object_name",
    "label" : "object_name",
    "type" : "string",
    "length" : 64
  }, {
    "name" : "r_creator_name",
    "label" : "r_creator_name",
    "type" : "string",
    "length" : 64
  }, {
    "name" : "r_start_date",
    "label" : "r_start_date",
    "type" : "datetime"
  }, {
    "name" : "supervisor_name",
    "label" : "supervisor_name",
    "type" : "string",
    "length" : 64
  }, {
    "name" : "supervisor_address",
    "label" : "supervisor_address",
    "type" : "string",
    "length" : 64
  } ],
  "tasks" : [ {
    "rel" : "http://identifiers.emc.com/linkrel/task",
    "href" : "${contextPath}types/processes/itk_getexceptionreasons/tasks/itk_initiate"
  }, {
    "rel" : "http://identifiers.emc.com/linkrel/task",
    "href" : "${contextPath}types/processes/itk_getexceptionreasons/tasks/itk_get_matching_except"
  }, {
    "rel" : "http://identifiers.emc.com/linkrel/task",
    "href" : "${contextPath}types/processes/itk_getexceptionreasons/tasks/itk_get_exception_reaso"
  }, {
    "rel" : "http://identifiers.emc.com/linkrel/task",
    "href" : "${contextPath}types/processes/itk_getexceptionreasons/tasks/itk_join"
  }, {
    "rel" : "http://identifiers.emc.com/linkrel/task",
    "href" : "${contextPath}types/processes/itk_getexceptionreasons/tasks/itk_is_it_matching_"
  } ],
  "flows" : [ {
    "source" : "${contextPath}types/processes/itk_getexceptionreasons/tasks/itk_initiate",
    "target" : "${contextPath}types/processes/itk_getexceptionreasons/tasks/itk_is_it_matching_",
    "flow-type" : "regular"
  }, {
    "source" : "${contextPath}types/processes/itk_getexceptionreasons/tasks/itk_is_it_matching_",
    "target" : "${contextPath}types/processes/itk_getexceptionreasons/tasks/itk_get_matching_except",
    "flow-type" : "regular"
  }, {
    "source" : "${contextPath}types/processes/itk_getexceptionreasons/tasks/itk_is_it_matching_",
    "target" : "${contextPath}types/processes/itk_getexceptionreasons/tasks/itk_get_exception_reaso",
    "flow-type" : "regular"
  }, {
    "source" : "${contextPath}types/processes/itk_getexceptionreasons/tasks/itk_get_matching_except",
    "target" : "${contextPath}types/processes/itk_getexceptionreasons/tasks/itk_join",
    "flow-type" : "regular"
  }, {
    "source" : "${contextPath}types/processes/itk_getexceptionreasons/tasks/itk_get_exception_reaso",
    "target" : "${contextPath}types/processes/itk_getexceptionreasons/tasks/itk_join",
    "flow-type" : "regular"
  } ],
  "data" : {
    "packages" : [ {
      "name" : "package0",
      "label" : "package0",
      "mandatory" : false,
      "visible" : false,
      "version-label" : "CURRENT",
      "type" : "${contextPath}types/business-objects/itk_trans_exception",
      "input" : false,
      "output" : false
    } ],
    "variables" : [ {
      "name" : "p_exception_id",
      "label" : "p_exception_id",
      "type" : "string",
      "repeating" : false,
      "default-value" : null,
      "mandatory" : false,
      "input" : true,
      "output" : false
    }, {
      "name" : "p_exception_name",
      "label" : "p_exception_name",
      "type" : "string",
      "repeating" : true,
      "default-value" : null,
      "mandatory" : false,
      "input" : false,
      "output" : true
    }, {
      "name" : "p_exception_text",
      "label" : "p_exception_text",
      "type" : "string",
      "repeating" : true,
      "default-value" : null,
      "mandatory" : false,
      "input" : false,
      "output" : true
    }, {
      "name" : "p_exception_loan_number",
      "label" : "p_exception_loan_number",
      "type" : "string",
      "repeating" : false,
      "default-value" : null,
      "mandatory" : false,
      "input" : true,
      "output" : false
    }, {
      "name" : "p_exception_loan_suffix",
      "label" : "p_exception_loan_suffix",
      "type" : "string",
      "repeating" : false,
      "default-value" : null,
      "mandatory" : false,
      "input" : true,
      "output" : false
    }, {
      "name" : "p_cur_work_queue",
      "label" : "p_cur_work_queue",
      "type" : "string",
      "repeating" : false,
      "default-value" : null,
      "mandatory" : false,
      "input" : true,
      "output" : false
    }, {
      "name" : "p_cur_exception_type",
      "label" : "p_cur_exception_type",
      "type" : "string",
      "repeating" : false,
      "default-value" : null,
      "mandatory" : false,
      "input" : true,
      "output" : false
    }, {
      "name" : "p_exception_field",
      "label" : "p_exception_field",
      "type" : "string",
      "repeating" : true,
      "default-value" : null,
      "mandatory" : false,
      "input" : false,
      "output" : true
    }, {
      "name" : "p_exception_acct_number",
      "label" : "p_exception_acct_number",
      "type" : "string",
      "repeating" : false,
      "default-value" : null,
      "mandatory" : false,
      "input" : true,
      "output" : false
    } ]
  },
  "links" : [ {
    "rel" : "self",
    "href" : "${contextPath}types/processes/itk_getexceptionreasons"
  }, {
    "rel" : "http://identifiers.emc.com/linkrel/instances",
    "href" : "${contextPath}processes/itk_getexceptionreasons"
  }, {
    "rel" : "http://identifiers.emc.com/linkrel/halt"
  }, {
    "rel" : "http://identifiers.emc.com/linkrel/resume"
  }, {
    "rel" : "http://identifiers.emc.com/linkrel/terminate"
  }, {
    "rel" : "http://identifiers.emc.com/linkrel/tasks"
  }, {
    "rel" : "http://identifiers.emc.com/linkrel/attachments"
  } ]
}