{
  "name" : "process-type",
  "type" : "itk_getautotransactiont",
  "label" : "GetAutoTransactionTaskInfo",
  "runnable-stateless" : true,
  "urn" : "urn:itk:com.emc.ide.artifact.process:Artifacts/Processes/getautotransactiont.process",
  "properties" : [ {
    "name" : "process_id",
    "label" : "process_id",
    "type" : "string",
    "length" : 64
  }, {
    "name" : "status",
    "label" : "status",
    "type" : "string",
    "length" : 64
  }, {
    "name" : "id",
    "label" : "id",
    "type" : "string",
    "length" : 64
  }, {
    "name" : "r_runtime_state",
    "label" : "r_runtime_state",
    "type" : "integer"
  }, {
    "name" : "correlation_identifier",
    "label" : "correlation_identifier",
    "type" : "string",
    "length" : 64
  }, {
    "name" : "object_name",
    "label" : "object_name",
    "type" : "string",
    "length" : 64
  }, {
    "name" : "r_creator_name",
    "label" : "r_creator_name",
    "type" : "string",
    "length" : 64
  }, {
    "name" : "r_start_date",
    "label" : "r_start_date",
    "type" : "datetime"
  }, {
    "name" : "supervisor_name",
    "label" : "supervisor_name",
    "type" : "string",
    "length" : 64
  }, {
    "name" : "supervisor_address",
    "label" : "supervisor_address",
    "type" : "string",
    "length" : 64
  } ],
  "tasks" : [ {
    "rel" : "http://identifiers.emc.com/linkrel/task",
    "href" : "${contextPath}types/processes/itk_getautotransactiont/tasks/itk_initiate"
  }, {
    "rel" : "http://identifiers.emc.com/linkrel/task",
    "href" : "${contextPath}types/processes/itk_getautotransactiont/tasks/itk_read_cognasys_auto"
  }, {
    "rel" : "http://identifiers.emc.com/linkrel/task",
    "href" : "${contextPath}types/processes/itk_getautotransactiont/tasks/itk_which_type"
  }, {
    "rel" : "http://identifiers.emc.com/linkrel/task",
    "href" : "${contextPath}types/processes/itk_getautotransactiont/tasks/itk_read_edi_auto"
  }, {
    "rel" : "http://identifiers.emc.com/linkrel/task",
    "href" : "${contextPath}types/processes/itk_getautotransactiont/tasks/itk_join"
  }, {
    "rel" : "http://identifiers.emc.com/linkrel/task",
    "href" : "${contextPath}types/processes/itk_getautotransactiont/tasks/itk_read_imcovered_auto"
  }, {
    "rel" : "http://identifiers.emc.com/linkrel/task",
    "href" : "${contextPath}types/processes/itk_getautotransactiont/tasks/itk_read_openspan_auto"
  }, {
    "rel" : "http://identifiers.emc.com/linkrel/task",
    "href" : "${contextPath}types/processes/itk_getautotransactiont/tasks/itk_read_dialer_auto"
  }, {
    "rel" : "http://identifiers.emc.com/linkrel/task",
    "href" : "${contextPath}types/processes/itk_getautotransactiont/tasks/itk_read_unity_auto"
  }, {
    "rel" : "http://identifiers.emc.com/linkrel/task",
    "href" : "${contextPath}types/processes/itk_getautotransactiont/tasks/itk_read_ivr_auto"
  }, {
    "rel" : "http://identifiers.emc.com/linkrel/task",
    "href" : "${contextPath}types/processes/itk_getautotransactiont/tasks/itk_are_there_loan_comm"
  } ],
  "flows" : [ {
    "source" : "${contextPath}types/processes/itk_getautotransactiont/tasks/itk_initiate",
    "target" : "${contextPath}types/processes/itk_getautotransactiont/tasks/itk_which_type",
    "flow-type" : "regular"
  }, {
    "source" : "${contextPath}types/processes/itk_getautotransactiont/tasks/itk_which_type",
    "target" : "${contextPath}types/processes/itk_getautotransactiont/tasks/itk_read_cognasys_auto",
    "flow-type" : "regular"
  }, {
    "source" : "${contextPath}types/processes/itk_getautotransactiont/tasks/itk_which_type",
    "target" : "${contextPath}types/processes/itk_getautotransactiont/tasks/itk_read_edi_auto",
    "flow-type" : "regular"
  }, {
    "source" : "${contextPath}types/processes/itk_getautotransactiont/tasks/itk_read_edi_auto",
    "target" : "${contextPath}types/processes/itk_getautotransactiont/tasks/itk_join",
    "flow-type" : "regular"
  }, {
    "source" : "${contextPath}types/processes/itk_getautotransactiont/tasks/itk_read_cognasys_auto",
    "target" : "${contextPath}types/processes/itk_getautotransactiont/tasks/itk_join",
    "flow-type" : "regular"
  }, {
    "source" : "${contextPath}types/processes/itk_getautotransactiont/tasks/itk_which_type",
    "target" : "${contextPath}types/processes/itk_getautotransactiont/tasks/itk_read_imcovered_auto",
    "flow-type" : "regular"
  }, {
    "source" : "${contextPath}types/processes/itk_getautotransactiont/tasks/itk_read_imcovered_auto",
    "target" : "${contextPath}types/processes/itk_getautotransactiont/tasks/itk_join",
    "flow-type" : "regular"
  }, {
    "source" : "${contextPath}types/processes/itk_getautotransactiont/tasks/itk_which_type",
    "target" : "${contextPath}types/processes/itk_getautotransactiont/tasks/itk_read_dialer_auto",
    "flow-type" : "regular"
  }, {
    "source" : "${contextPath}types/processes/itk_getautotransactiont/tasks/itk_read_dialer_auto",
    "target" : "${contextPath}types/processes/itk_getautotransactiont/tasks/itk_join",
    "flow-type" : "regular"
  }, {
    "source" : "${contextPath}types/processes/itk_getautotransactiont/tasks/itk_which_type",
    "target" : "${contextPath}types/processes/itk_getautotransactiont/tasks/itk_read_openspan_auto",
    "flow-type" : "regular"
  }, {
    "source" : "${contextPath}types/processes/itk_getautotransactiont/tasks/itk_read_openspan_auto",
    "target" : "${contextPath}types/processes/itk_getautotransactiont/tasks/itk_join",
    "flow-type" : "regular"
  }, {
    "source" : "${contextPath}types/processes/itk_getautotransactiont/tasks/itk_which_type",
    "target" : "${contextPath}types/processes/itk_getautotransactiont/tasks/itk_read_unity_auto",
    "flow-type" : "regular"
  }, {
    "source" : "${contextPath}types/processes/itk_getautotransactiont/tasks/itk_read_unity_auto",
    "target" : "${contextPath}types/processes/itk_getautotransactiont/tasks/itk_join",
    "flow-type" : "regular"
  }, {
    "source" : "${contextPath}types/processes/itk_getautotransactiont/tasks/itk_which_type",
    "target" : "${contextPath}types/processes/itk_getautotransactiont/tasks/itk_read_ivr_auto",
    "flow-type" : "regular"
  }, {
    "source" : "${contextPath}types/processes/itk_getautotransactiont/tasks/itk_read_ivr_auto",
    "target" : "${contextPath}types/processes/itk_getautotransactiont/tasks/itk_join",
    "flow-type" : "regular"
  }, {
    "source" : "${contextPath}types/processes/itk_getautotransactiont/tasks/itk_join",
    "target" : "${contextPath}types/processes/itk_getautotransactiont/tasks/itk_are_there_loan_comm",
    "flow-type" : "regular"
  } ],
  "data" : {
    "packages" : [ {
      "name" : "package0",
      "label" : "package0",
      "mandatory" : false,
      "visible" : true,
      "version-label" : "CURRENT",
      "type" : "${contextPath}types/contents/xcp_dm_document",
      "input" : false,
      "output" : false
    } ],
    "variables" : [ {
      "name" : "p_trans_obj_id",
      "label" : "p_trans_obj_id",
      "type" : "string",
      "repeating" : false,
      "default-value" : null,
      "mandatory" : false,
      "input" : true,
      "output" : false
    }, {
      "name" : "p_object_type",
      "label" : "p_object_type",
      "type" : "string",
      "repeating" : false,
      "default-value" : null,
      "mandatory" : false,
      "input" : true,
      "output" : false
    }, {
      "name" : "p_policy_holder_borrower",
      "label" : "p_policy_holder_borrower",
      "type" : "string",
      "repeating" : false,
      "default-value" : null,
      "mandatory" : false,
      "input" : false,
      "output" : true
    }, {
      "name" : "p_policy_number",
      "label" : "p_policy_number",
      "type" : "string",
      "repeating" : false,
      "default-value" : null,
      "mandatory" : false,
      "input" : false,
      "output" : true
    }, {
      "name" : "p_match_uid",
      "label" : "p_match_uid",
      "type" : "string",
      "repeating" : false,
      "default-value" : null,
      "mandatory" : false,
      "input" : false,
      "output" : true
    }, {
      "name" : "p_vin",
      "label" : "p_vin",
      "type" : "string",
      "repeating" : false,
      "default-value" : null,
      "mandatory" : false,
      "input" : false,
      "output" : true
    }, {
      "name" : "p_mail_city",
      "label" : "p_mail_city",
      "type" : "string",
      "repeating" : false,
      "default-value" : null,
      "mandatory" : false,
      "input" : false,
      "output" : true
    }, {
      "name" : "p_mail_address1",
      "label" : "p_mail_address1",
      "type" : "string",
      "repeating" : false,
      "default-value" : null,
      "mandatory" : false,
      "input" : false,
      "output" : true
    }, {
      "name" : "p_mail_address2",
      "label" : "p_mail_address2",
      "type" : "string",
      "repeating" : false,
      "default-value" : null,
      "mandatory" : false,
      "input" : false,
      "output" : true
    }, {
      "name" : "p_mail_state",
      "label" : "p_mail_state",
      "type" : "string",
      "repeating" : false,
      "default-value" : null,
      "mandatory" : false,
      "input" : false,
      "output" : true
    }, {
      "name" : "p_mail_zip",
      "label" : "p_mail_zip",
      "type" : "string",
      "repeating" : false,
      "default-value" : null,
      "mandatory" : false,
      "input" : false,
      "output" : true
    }, {
      "name" : "p_year_make_model",
      "label" : "p_year_make_model",
      "type" : "string",
      "repeating" : false,
      "default-value" : null,
      "mandatory" : false,
      "input" : false,
      "output" : true
    }, {
      "name" : "p_policy_expire_date",
      "label" : "p_policy_expire_date",
      "type" : "datetime",
      "repeating" : false,
      "default-value" : null,
      "mandatory" : false,
      "input" : false,
      "output" : true
    }, {
      "name" : "p_policy_effect_date",
      "label" : "p_policy_effect_date",
      "type" : "datetime",
      "repeating" : false,
      "default-value" : null,
      "mandatory" : false,
      "input" : false,
      "output" : true
    }, {
      "name" : "p_carrier_name",
      "label" : "p_carrier_name",
      "type" : "string",
      "repeating" : false,
      "default-value" : null,
      "mandatory" : false,
      "input" : false,
      "output" : true
    }, {
      "name" : "p_carrier_phone",
      "label" : "p_carrier_phone",
      "type" : "string",
      "repeating" : false,
      "default-value" : null,
      "mandatory" : false,
      "input" : false,
      "output" : true
    }, {
      "name" : "p_policy_cancel_date",
      "label" : "p_policy_cancel_date",
      "type" : "datetime",
      "repeating" : false,
      "default-value" : null,
      "mandatory" : false,
      "input" : false,
      "output" : true
    }, {
      "name" : "p_doc_issue_date",
      "label" : "p_doc_issue_date",
      "type" : "datetime",
      "repeating" : false,
      "default-value" : null,
      "mandatory" : false,
      "input" : false,
      "output" : true
    }, {
      "name" : "p_deductible",
      "label" : "p_deductible",
      "type" : "float",
      "repeating" : false,
      "default-value" : "0.0",
      "mandatory" : false,
      "input" : false,
      "output" : true
    }, {
      "name" : "p_rein_eff_date",
      "label" : "p_rein_eff_date",
      "type" : "datetime",
      "repeating" : false,
      "default-value" : null,
      "mandatory" : false,
      "input" : false,
      "output" : true
    }, {
      "name" : "p_coll_deduct",
      "label" : "p_coll_deduct",
      "type" : "integer",
      "repeating" : false,
      "default-value" : "0",
      "mandatory" : false,
      "input" : false,
      "output" : true
    }, {
      "name" : "p_comp_deduct",
      "label" : "p_comp_deduct",
      "type" : "integer",
      "repeating" : false,
      "default-value" : "0",
      "mandatory" : false,
      "input" : false,
      "output" : true
    }, {
      "name" : "p_coll_year",
      "label" : "p_coll_year",
      "type" : "string",
      "repeating" : false,
      "default-value" : null,
      "mandatory" : false,
      "input" : false,
      "output" : true
    }, {
      "name" : "p_coll_make",
      "label" : "p_coll_make",
      "type" : "string",
      "repeating" : false,
      "default-value" : null,
      "mandatory" : false,
      "input" : false,
      "output" : true
    }, {
      "name" : "p_coll_model",
      "label" : "p_coll_model",
      "type" : "string",
      "repeating" : false,
      "default-value" : null,
      "mandatory" : false,
      "input" : false,
      "output" : true
    }, {
      "name" : "p_bodily_injury_per_person",
      "label" : "p_bodily_injury_per_person",
      "type" : "float",
      "repeating" : false,
      "default-value" : "0.0",
      "mandatory" : false,
      "input" : false,
      "output" : true
    }, {
      "name" : "p_bodily_injury_per_occurence",
      "label" : "p_bodily_injury_per_occurence",
      "type" : "float",
      "repeating" : false,
      "default-value" : "0.0",
      "mandatory" : false,
      "input" : false,
      "output" : true
    }, {
      "name" : "p_property_damage_per_occurence",
      "label" : "p_property_damage_per_occurence",
      "type" : "float",
      "repeating" : false,
      "default-value" : "0.0",
      "mandatory" : false,
      "input" : false,
      "output" : true
    }, {
      "name" : "p_uninsured_motorist_per_person",
      "label" : "p_uninsured_motorist_per_person",
      "type" : "float",
      "repeating" : false,
      "default-value" : "0.0",
      "mandatory" : false,
      "input" : false,
      "output" : true
    }, {
      "name" : "p_uninsured_motorist_per_occurence",
      "label" : "p_uninsured_motorist_per_occurence",
      "type" : "float",
      "repeating" : false,
      "default-value" : "0.0",
      "mandatory" : false,
      "input" : false,
      "output" : true
    }, {
      "name" : "p_insurance_co",
      "label" : "p_insurance_co",
      "type" : "string",
      "repeating" : false,
      "default-value" : null,
      "mandatory" : false,
      "input" : false,
      "output" : true
    }, {
      "name" : "p_co_borrower",
      "label" : "p_co_borrower",
      "type" : "string",
      "repeating" : false,
      "default-value" : null,
      "mandatory" : false,
      "input" : false,
      "output" : true
    }, {
      "name" : "p_total_match_loan_commented",
      "label" : "p_total_match_loan_commented",
      "type" : "integer",
      "repeating" : false,
      "default-value" : "0",
      "mandatory" : false,
      "input" : false,
      "output" : true
    }, {
      "name" : "p_carrier_address1",
      "label" : "p_carrier_address1",
      "type" : "string",
      "repeating" : false,
      "default-value" : null,
      "mandatory" : false,
      "input" : false,
      "output" : true
    }, {
      "name" : "p_carrier_address2",
      "label" : "p_carrier_address2",
      "type" : "string",
      "repeating" : false,
      "default-value" : null,
      "mandatory" : false,
      "input" : false,
      "output" : true
    }, {
      "name" : "p_carrier_city",
      "label" : "p_carrier_city",
      "type" : "string",
      "repeating" : false,
      "default-value" : null,
      "mandatory" : false,
      "input" : false,
      "output" : true
    }, {
      "name" : "p_carrier_state",
      "label" : "p_carrier_state",
      "type" : "string",
      "repeating" : false,
      "default-value" : null,
      "mandatory" : false,
      "input" : false,
      "output" : true
    }, {
      "name" : "p_carrier_zip",
      "label" : "p_carrier_zip",
      "type" : "string",
      "repeating" : false,
      "default-value" : null,
      "mandatory" : false,
      "input" : false,
      "output" : true
    }, {
      "name" : "p_lien_holder",
      "label" : "p_lien_holder",
      "type" : "string",
      "repeating" : false,
      "default-value" : "",
      "mandatory" : false,
      "input" : false,
      "output" : true
    } ]
  },
  "links" : [ {
    "rel" : "self",
    "href" : "${contextPath}types/processes/itk_getautotransactiont"
  }, {
    "rel" : "http://identifiers.emc.com/linkrel/instances",
    "href" : "${contextPath}processes/itk_getautotransactiont"
  }, {
    "rel" : "http://identifiers.emc.com/linkrel/halt"
  }, {
    "rel" : "http://identifiers.emc.com/linkrel/resume"
  }, {
    "rel" : "http://identifiers.emc.com/linkrel/terminate"
  }, {
    "rel" : "http://identifiers.emc.com/linkrel/tasks"
  }, {
    "rel" : "http://identifiers.emc.com/linkrel/attachments"
  } ]
}