<?xml version="1.0" encoding="UTF-8" standalone="no"?>
<!--
 ******************************************************************************
 *
 * (c) 2006-2007 EMC Corporation. All rights reserved.
 *
 ******************************************************************************
-->
<config version="1.0">
  <scope role="idocs_member,ifc pnp parent role">
      <component id="searchstoreclassic" extends="webcomponent/config/library/search/searchex/searchstore_component.xml">
         <desc>
             Lists end-user (or all public) dm_smartlist objects
             and lets the user revise the object (only if it is a new
             dm_smart_list object), to execute a search, to view properties,
             and to delete.
         </desc>
         <params>
         </params>
         <pages>
            <start>/custom/jsps/search/searchstore.jsp</start>
         </pages> 
         <class>com.documentum.webcomponent.library.savedsearches.SearchStore</class>
         <nlsbundle>org.ifc.idocs.search.SearchStoreNlsProp</nlsbundle>
         <failoverenabled>true</failoverenabled>
         <!-- default display when nothing set in the end_user preference          -->
         <!-- values = 'my' or value = 'all'                                       -->
         <!-- if nothing is specified, set to 'my' which means 'my saved searches'. -->
         <defaultview>my</defaultview>
         <!-- visibility and order of attribute columns -->
         <columns_my_saved_searches>
            <loadinvisibleattribute>true</loadinvisibleattribute>
            <column>
               <attribute>object_name</attribute>
               <label>
                  <nlsid>MSG_NAME</nlsid>
               </label>
               <visible>true</visible>
            </column>
            <column>
               <attribute>title</attribute>
               <label>
                  <nlsid>MSG_DESCRIPTION</nlsid>
               </label>
               <visible>true</visible>
            </column>
            <column>
               <attribute>owner_name</attribute>
               <label>
                  <nlsid>MSG_OWNER_NAME</nlsid>
               </label>
               <visible>false</visible>
            </column>
            <column>
               <attribute>r_modify_date</attribute>
               <label>
                  <nlsid>MSG_MODIFIED_DATE</nlsid>
               </label>
               <visible>true</visible>
            </column>
            <column>
               <attribute>selected_sources</attribute>
               <label>
                  <nlsid>MSG_SOURCES</nlsid>
               </label>
               <visible>true</visible>
            </column>
            <column>
               <attribute>results_count</attribute>
               <label>
                  <nlsid>MSG_NB_RESULTS</nlsid>
               </label>
               <visible>true</visible>
            </column>
            <column>
               <attribute>r_object_id</attribute>
               <label>
                  <nlsid>MSG_OBJECT_ID</nlsid>
               </label>
               <visible>false</visible>
            </column>
         </columns_my_saved_searches>
         <columns_all_saved_searches>
            <loadinvisibleattribute>true</loadinvisibleattribute>
            <column>
               <attribute>object_name</attribute>
               <label>
                  <nlsid>MSG_NAME</nlsid>
               </label>
               <visible>true</visible>
            </column>
            <column>
               <attribute>title</attribute>
               <label>
                  <nlsid>MSG_DESCRIPTION</nlsid>
               </label>
               <visible>true</visible>
            </column>
            <column>
               <attribute>owner_name</attribute>
               <label>
                  <nlsid>MSG_OWNER_NAME</nlsid>
               </label>
               <visible>true</visible>
            </column>
            <column>
               <attribute>r_modify_date</attribute>
               <label>
                  <nlsid>MSG_MODIFIED_DATE</nlsid>
               </label>
               <visible>true</visible>
            </column>
            <column>
               <attribute>selected_sources</attribute>
               <label>
                  <nlsid>MSG_SOURCES</nlsid>
               </label>
               <visible>true</visible>
            </column>
            <column>
               <attribute>results_count</attribute>
               <label>
                  <nlsid>MSG_NB_RESULTS</nlsid>
               </label>
               <visible>true</visible>
            </column>
            <column>
               <attribute>r_object_id</attribute>
               <label>
                  <nlsid>MSG_OBJECT_ID</nlsid>
               </label>
               <visible>false</visible>
            </column>
         </columns_all_saved_searches>
         <!--<preset_item id="saved_search_filter">-->
            <!--<selection>-->
               <!--<entries>-->
                  <!--<entry></entry>-->
               <!--</entries>-->
            <!--</selection>-->
         <!--</preset_item>-->
         <helpcontextid>searchstore</helpcontextid>
      </component>
   </scope>
</config>
