<?xml version="1.0" ?><beans xmlns:xsi="http://www.w3.org/2001/XMLSchema-instance" xmlns="http://www.springframework.org/schema/beans" xsi:schemaLocation="http://www.springframework.org/schema/beans http://www.springframework.org/schema/beans/spring-beans-3.0.xsd"><bean class="com.emc.xcp.ui.services.config.ApplicationConfiguration" id="applicationConfiguration"><property name="models"><set><bean class="com.emc.xcp.ui.services.config.Model"><property name="name" value="itk_openspan_auto"></property><property name="homePageUrlName" value="itk_view_openspan_auto"></property><property name="supportMasterPage" value="false"></property><property name="pages"><set><bean class="com.emc.xcp.ui.services.config.Page"><property name="urlName" value="itk_edit_openspan_auto"></property><property name="defaultFileName" value="itk_edit_openspan_auto"></property></bean><bean class="com.emc.xcp.ui.services.config.Page"><property name="urlName" value="itk_view_openspan_auto"></property><property name="defaultFileName" value="itk_view_openspan_auto"></property></bean></set></property></bean><bean class="com.emc.xcp.ui.services.config.Model"><property name="name" value="application"></property><property name="homePageUrlName" value="itk_swbc_landing_page"></property><property name="supportMasterPage" value="true"></property><property name="pages"><set><bean class="com.emc.xcp.ui.services.config.Page"><property name="urlName" value="itk_search_openspan_aut"></property><property name="defaultFileName" value="itk_search_openspan_aut"></property></bean><bean class="com.emc.xcp.ui.services.config.Page"><property name="urlName" value="itk_stale_chks_q_tasks"></property><property name="defaultFileName" value="itk_stale_chks_q_tasks"></property></bean><bean class="com.emc.xcp.ui.services.config.Page"><property name="urlName" value="itk_exception_queues_pr"></property><property name="defaultFileName" value="itk_exception_queues_pr"></property></bean><bean class="com.emc.xcp.ui.services.config.Page"><property name="urlName" value="xcp_landing_page"></property><property name="defaultFileName" value="xcp_landing_page"></property></bean><bean class="com.emc.xcp.ui.services.config.Page"><property name="urlName" value="itk_secondary_queue_int"></property><property name="defaultFileName" value="itk_secondary_queue_int"></property></bean><bean class="com.emc.xcp.ui.services.config.Page"><property name="urlName" value="itk_srch_quick"></property><property name="defaultFileName" value="itk_srch_quick"></property></bean><bean class="com.emc.xcp.ui.services.config.Page"><property name="urlName" value="itk_srch_acct_borrower"></property><property name="defaultFileName" value="itk_srch_acct_borrower"></property></bean><bean class="com.emc.xcp.ui.services.config.Page"><property name="urlName" value="master"></property><property name="defaultFileName" value="itk_application_master"></property><property name="roleBasedFileNames"><map><entry key="itk_imqc_user" value="itk_itrak_imqc"></entry><entry key="itr_auto_follow_up_proc" value="itk_itrak_processor"></entry><entry key="itr_rule_admin" value="itk_itrak_rule_admin"></entry><entry key="itr_auto_basic_proc" value="itk_itrak_processor"></entry><entry key="itr_auto_match_proc" value="itk_itrak_processor"></entry><entry key="itk_dki_proc" value="itk_itrak_processor"></entry><entry key="itr_auto_trans_search" value="itk_itrak_search_user"></entry><entry key="itr_auto_basic_mgr" value="itk_mortgage_matching_m"></entry><entry key="itr_auto_follow_up_mgr" value="itk_mortgage_matching_m"></entry><entry key="itr_auto_fail_edit_proc" value="itk_itrak_processor"></entry><entry key="itr_auto_miss_info_proc" value="itk_itrak_processor"></entry><entry key="itr_app_admin" value="itk_mortgage_matching_m"></entry><entry key="itr_auto_match_mgr" value="itk_mortgage_matching_m"></entry><entry key="itr_auto_fail_edit_mgr" value="itk_mortgage_matching_m"></entry><entry key="itk_dki_mgr" value="itk_itrak_rule_admin"></entry><entry key="itk_executives" value="itk_itrak_executive_use"></entry><entry key="itr_auto_miss_info_mgr" value="itk_mortgage_matching_m"></entry></map></property></bean><bean class="com.emc.xcp.ui.services.config.Page"><property name="urlName" value="itk_srch_unity_auto"></property><property name="defaultFileName" value="itk_srch_unity_auto"></property></bean><bean class="com.emc.xcp.ui.services.config.Page"><property name="urlName" value="itk_imqc_audit"></property><property name="defaultFileName" value="itk_imqc_audit"></property></bean><bean class="com.emc.xcp.ui.services.config.Page"><property name="urlName" value="itk_imqc_review"></property><property name="defaultFileName" value="itk_imqc_review"></property></bean><bean class="com.emc.xcp.ui.services.config.Page"><property name="urlName" value="xcp_user_preferences"></property><property name="defaultFileName" value="xcp_user_preferences"></property></bean><bean class="com.emc.xcp.ui.services.config.Page"><property name="urlName" value="itk_administration"></property><property name="defaultFileName" value="itk_administration"></property></bean><bean class="com.emc.xcp.ui.services.config.Page"><property name="urlName" value="itk_srch_ivr_auto"></property><property name="defaultFileName" value="itk_srch_ivr_auto"></property></bean><bean class="com.emc.xcp.ui.services.config.Page"><property name="urlName" value="itk_srch_edi_auto"></property><property name="defaultFileName" value="itk_srch_edi_auto"></property></bean><bean class="com.emc.xcp.ui.services.config.Page"><property name="urlName" value="itk_dki_review"></property><property name="defaultFileName" value="itk_dki_review"></property></bean><bean class="com.emc.xcp.ui.services.config.Page"><property name="urlName" value="itk_srch_cog_auto"></property><property name="defaultFileName" value="itk_srch_cog_auto"></property></bean><bean class="com.emc.xcp.ui.services.config.Page"><property name="urlName" value="itk_srch_imcov_auto"></property><property name="defaultFileName" value="itk_srch_imcov_auto"></property></bean><bean class="com.emc.xcp.ui.services.config.Page"><property name="urlName" value="itk_dshbrd_ovrl_by_src"></property><property name="defaultFileName" value="itk_dshbrd_ovrl_by_src"></property></bean><bean class="com.emc.xcp.ui.services.config.Page"><property name="urlName" value="signin"></property><property name="defaultFileName" value="application_signin"></property></bean><bean class="com.emc.xcp.ui.services.config.Page"><property name="urlName" value="itk_exception_queues_mu"></property><property name="defaultFileName" value="itk_exception_queues_mu"></property></bean><bean class="com.emc.xcp.ui.services.config.Page"><property name="urlName" value="itk_search_by_address"></property><property name="defaultFileName" value="itk_search_by_address"></property></bean><bean class="com.emc.xcp.ui.services.config.Page"><property name="urlName" value="itk_dshbrd_ovrl_except"></property><property name="defaultFileName" value="itk_dshbrd_ovrl_except"></property></bean><bean class="com.emc.xcp.ui.services.config.Page"><property name="urlName" value="itk_application_parameter"></property><property name="defaultFileName" value="itk_application_parameter"></property></bean><bean class="com.emc.xcp.ui.services.config.Page"><property name="urlName" value="itk_srch_dialer_auto"></property><property name="defaultFileName" value="itk_srch_dialer_auto"></property></bean><bean class="com.emc.xcp.ui.services.config.Page"><property name="urlName" value="itk_dkiadministration"></property><property name="defaultFileName" value="itk_dkiadministration"></property></bean><bean class="com.emc.xcp.ui.services.config.Page"><property name="urlName" value="itk_search_by_transtype"></property><property name="defaultFileName" value="itk_search_by_transtype"></property></bean><bean class="com.emc.xcp.ui.services.config.Page"><property name="urlName" value="itk_manage_app_role"></property><property name="defaultFileName" value="itk_manage_app_role"></property></bean><bean class="com.emc.xcp.ui.services.config.Page"><property name="urlName" value="itk_srch_all_transact"></property><property name="defaultFileName" value="itk_srch_all_transact"></property></bean><bean class="com.emc.xcp.ui.services.config.Page"><property name="urlName" value="itk_dashboard_transacti"></property><property name="defaultFileName" value="itk_dashboard_transacti"></property></bean><bean class="com.emc.xcp.ui.services.config.Page"><property name="urlName" value="itk_srch_acct_policyno"></property><property name="defaultFileName" value="itk_srch_acct_policyno"></property></bean><bean class="com.emc.xcp.ui.services.config.Page"><property name="urlName" value="itk_imqc_dashboard"></property><property name="defaultFileName" value="itk_imqc_dashboard"></property></bean><bean class="com.emc.xcp.ui.services.config.Page"><property name="urlName" value="itk_dashboard_auto_summ"></property><property name="defaultFileName" value="itk_dashboard_auto_summ"></property></bean><bean class="com.emc.xcp.ui.services.config.Page"><property name="urlName" value="itk_srch_trans_id"></property><property name="defaultFileName" value="itk_srch_trans_id"></property></bean><bean class="com.emc.xcp.ui.services.config.Page"><property name="urlName" value="itk_qc_queues"></property><property name="defaultFileName" value="itk_qc_queues"></property></bean><bean class="com.emc.xcp.ui.services.config.Page"><property name="urlName" value="itk_page_not_found"></property><property name="defaultFileName" value="itk_page_not_found"></property></bean><bean class="com.emc.xcp.ui.services.config.Page"><property name="urlName" value="itk_srch_acct_mtch_loan"></property><property name="defaultFileName" value="itk_srch_acct_mtch_loan"></property></bean><bean class="com.emc.xcp.ui.services.config.Page"><property name="urlName" value="itk_exception_queues_au"></property><property name="defaultFileName" value="itk_exception_queues_au"></property></bean><bean class="com.emc.xcp.ui.services.config.Page"><property name="urlName" value="itk_swbc_landing_page"></property><property name="defaultFileName" value="itk_swbc_landing_page"></property></bean><bean class="com.emc.xcp.ui.services.config.Page"><property name="urlName" value="itk_srch_acct_vin"></property><property name="defaultFileName" value="itk_srch_acct_vin"></property></bean><bean class="com.emc.xcp.ui.services.config.Page"><property name="urlName" value="itk_uploadpage"></property><property name="defaultFileName" value="itk_uploadpage"></property></bean><bean class="com.emc.xcp.ui.services.config.Page"><property name="urlName" value="itk_imqcfollowupqueue"></property><property name="defaultFileName" value="itk_imqcfollowupqueue"></property></bean><bean class="com.emc.xcp.ui.services.config.Page"><property name="urlName" value="itk_performance_metrics"></property><property name="defaultFileName" value="itk_performance_metrics"></property></bean><bean class="com.emc.xcp.ui.services.config.Page"><property name="urlName" value="itk_dashboard_executive"></property><property name="defaultFileName" value="itk_dashboard_executive"></property></bean><bean class="com.emc.xcp.ui.services.config.Page"><property name="urlName" value="itk_recon_q_tasks"></property><property name="defaultFileName" value="itk_recon_q_tasks"></property></bean><bean class="com.emc.xcp.ui.services.config.Page"><property name="urlName" value="itk_search_auto"></property><property name="defaultFileName" value="itk_search_auto"></property></bean></set></property><property name="steps"><set><bean class="com.emc.xcp.ui.services.config.Step"><property name="urlName" value="xcp_signoff_forward_one"></property><property name="defaultFileName" value="xcp_signoff_forward_one"></property></bean><bean class="com.emc.xcp.ui.services.config.Step"><property name="urlName" value="xcp_signoff_usergroup_multi"></property><property name="defaultFileName" value="xcp_signoff_usergroup_multi"></property></bean><bean class="com.emc.xcp.ui.services.config.Step"><property name="urlName" value="xcp_signoff_usergroup"></property><property name="defaultFileName" value="xcp_signoff_usergroup"></property></bean><bean class="com.emc.xcp.ui.services.config.Step"><property name="urlName" value="xcp_reject_activity"></property><property name="defaultFileName" value="xcp_reject_activity"></property></bean><bean class="com.emc.xcp.ui.services.config.Step"><property name="urlName" value="xcp_signoff_reject_multi"></property><property name="defaultFileName" value="xcp_signoff_reject_multi"></property></bean><bean class="com.emc.xcp.ui.services.config.Step"><property name="urlName" value="xcp_task_signoff"></property><property name="defaultFileName" value="xcp_task_signoff"></property></bean><bean class="com.emc.xcp.ui.services.config.Step"><property name="urlName" value="xcp_forward_activity"></property><property name="defaultFileName" value="xcp_forward_activity"></property></bean><bean class="com.emc.xcp.ui.services.config.Step"><property name="urlName" value="xcp_forward_activity_multi"></property><property name="defaultFileName" value="xcp_forward_activity_multi"></property></bean><bean class="com.emc.xcp.ui.services.config.Step"><property name="urlName" value="xcp_usergroup_selection"></property><property name="defaultFileName" value="xcp_usergroup_selection"></property></bean><bean class="com.emc.xcp.ui.services.config.Step"><property name="urlName" value="xcp_usergroup_selection_multi"></property><property name="defaultFileName" value="xcp_usergroup_selection_multi"></property></bean><bean class="com.emc.xcp.ui.services.config.Step"><property name="urlName" value="xcp_def_imp_af_step_1"></property><property name="defaultFileName" value="xcp_def_imp_af_step_1"></property></bean><bean class="com.emc.xcp.ui.services.config.Step"><property name="urlName" value="xcp_queue_selection"></property><property name="defaultFileName" value="xcp_queue_selection"></property></bean><bean class="com.emc.xcp.ui.services.config.Step"><property name="urlName" value="xcp_def_inv_af_step_1"></property><property name="defaultFileName" value="xcp_def_inv_af_step_1"></property></bean><bean class="com.emc.xcp.ui.services.config.Step"><property name="urlName" value="xcp_default_create_docu"></property><property name="defaultFileName" value="xcp_default_create_docu"></property></bean><bean class="com.emc.xcp.ui.services.config.Step"><property name="urlName" value="xcp_hold_task"></property><property name="defaultFileName" value="xcp_hold_task"></property></bean><bean class="com.emc.xcp.ui.services.config.Step"><property name="urlName" value="xcp_user_from_queue"></property><property name="defaultFileName" value="xcp_user_from_queue"></property></bean><bean class="com.emc.xcp.ui.services.config.Step"><property name="urlName" value="xcp_def_create_folder_af_"></property><property name="defaultFileName" value="xcp_def_create_folder_af_"></property></bean><bean class="com.emc.xcp.ui.services.config.Step"><property name="urlName" value="xcp_reject_activity_multi"></property><property name="defaultFileName" value="xcp_reject_activity_multi"></property></bean><bean class="com.emc.xcp.ui.services.config.Step"><property name="urlName" value="xcp_signoff_forward_multi"></property><property name="defaultFileName" value="xcp_signoff_forward_multi"></property></bean><bean class="com.emc.xcp.ui.services.config.Step"><property name="urlName" value="xcp_signoff_reject_one"></property><property name="defaultFileName" value="xcp_signoff_reject_one"></property></bean></set></property><property name="fragments"><set><bean class="com.emc.xcp.ui.services.config.Fragment"><property name="urlName" value="itk_iir_auto_proc_srch"></property><property name="defaultFileName" value="itk_iir_auto_proc_srch"></property></bean><bean class="com.emc.xcp.ui.services.config.Fragment"><property name="urlName" value="xcp_user_preferences_fr"></property><property name="defaultFileName" value="xcp_user_preferences_fr"></property></bean></set></property></bean><bean class="com.emc.xcp.ui.services.config.Model"><property name="name" value="itk_unity_auto"></property><property name="homePageUrlName" value="itk_edit_unity_auto"></property><property name="supportMasterPage" value="false"></property><property name="pages"><set><bean class="com.emc.xcp.ui.services.config.Page"><property name="urlName" value="itk_view_unity_auto"></property><property name="defaultFileName" value="itk_view_unity_auto"></property></bean><bean class="com.emc.xcp.ui.services.config.Page"><property name="urlName" value="itk_edit_unity_auto"></property><property name="defaultFileName" value="itk_edit_unity_auto"></property></bean></set></property></bean><bean class="com.emc.xcp.ui.services.config.Model"><property name="name" value="xcp_dm_document"></property><property name="homePageUrlName" value="itk_edit_base_content"></property><property name="supportMasterPage" value="false"></property><property name="pages"><set><bean class="com.emc.xcp.ui.services.config.Page"><property name="urlName" value="itk_view_base_content"></property><property name="defaultFileName" value="itk_view_base_content"></property></bean><bean class="com.emc.xcp.ui.services.config.Page"><property name="urlName" value="itk_edit_base_content"></property><property name="defaultFileName" value="itk_edit_base_content"></property></bean></set></property><property name="steps"><set><bean class="com.emc.xcp.ui.services.config.Step"><property name="urlName" value="xcp_dm_document_xcp_attachment_step"></property><property name="defaultFileName" value="xcp_dm_document_xcp_attachment_step"></property></bean><bean class="com.emc.xcp.ui.services.config.Step"><property name="urlName" value="xcp_dm_document_xcp_selector_content_st"></property><property name="defaultFileName" value="xcp_dm_document_xcp_selector_content_st"></property></bean></set></property><property name="fragments"><set><bean class="com.emc.xcp.ui.services.config.Fragment"><property name="urlName" value="xcp_dm_document_imp"></property><property name="defaultFileName" value="xcp_dm_document_imp"></property></bean><bean class="com.emc.xcp.ui.services.config.Fragment"><property name="urlName" value="xcp_dm_document_chk"></property><property name="defaultFileName" value="xcp_dm_document_chk"></property></bean></set></property></bean><bean class="com.emc.xcp.ui.services.config.Model"><property name="name" value="itk_imcovered_auto"></property><property name="homePageUrlName" value="itk_edit_imcovered_auto"></property><property name="supportMasterPage" value="false"></property><property name="pages"><set><bean class="com.emc.xcp.ui.services.config.Page"><property name="urlName" value="itk_edit_imcovered_auto"></property><property name="defaultFileName" value="itk_edit_imcovered_auto"></property></bean><bean class="com.emc.xcp.ui.services.config.Page"><property name="urlName" value="itk_view_imcovered_auto"></property><property name="defaultFileName" value="itk_view_imcovered_auto"></property></bean></set></property></bean><bean class="com.emc.xcp.ui.services.config.Model"><property name="name" value="itk_ivr_auto"></property><property name="homePageUrlName" value="itk_edit_ivr_auto"></property><property name="supportMasterPage" value="false"></property><property name="pages"><set><bean class="com.emc.xcp.ui.services.config.Page"><property name="urlName" value="itk_view_ivr_auto"></property><property name="defaultFileName" value="itk_view_ivr_auto"></property></bean><bean class="com.emc.xcp.ui.services.config.Page"><property name="urlName" value="itk_edit_ivr_auto"></property><property name="defaultFileName" value="itk_edit_ivr_auto"></property></bean></set></property></bean><bean class="com.emc.xcp.ui.services.config.Model"><property name="name" value="xcp_dm_folder"></property><property name="homePageUrlName" value="itk_edit_base_folder"></property><property name="supportMasterPage" value="false"></property><property name="pages"><set><bean class="com.emc.xcp.ui.services.config.Page"><property name="urlName" value="itk_edit_base_folder"></property><property name="defaultFileName" value="itk_edit_base_folder"></property></bean><bean class="com.emc.xcp.ui.services.config.Page"><property name="urlName" value="itk_view_base_folder"></property><property name="defaultFileName" value="itk_view_base_folder"></property></bean></set></property><property name="steps"><set><bean class="com.emc.xcp.ui.services.config.Step"><property name="urlName" value="xcp_dm_folder_xcp_selector_folder_ste"></property><property name="defaultFileName" value="xcp_dm_folder_xcp_selector_folder_ste"></property></bean></set></property><property name="fragments"><set><bean class="com.emc.xcp.ui.services.config.Fragment"><property name="urlName" value="xcp_dm_folder_create"></property><property name="defaultFileName" value="xcp_dm_folder_create"></property></bean></set></property></bean><bean class="com.emc.xcp.ui.services.config.Model"><property name="name" value="itk_stalecheckstaskproc"></property><property name="homePageUrlName" value="itk_stalecheckstaskproc_stale_checks_activi"></property><property name="supportMasterPage" value="false"></property><property name="pages"><set><bean class="com.emc.xcp.ui.services.config.Page"><property name="urlName" value="itk_stalecheckstaskproc_stale_checks_activi"></property><property name="defaultFileName" value="itk_stale_checks_activi"></property></bean></set></property></bean><bean class="com.emc.xcp.ui.services.config.Model"><property name="name" value="itk_edi_auto"></property><property name="homePageUrlName" value="itk_edit_edi_auto"></property><property name="supportMasterPage" value="false"></property><property name="pages"><set><bean class="com.emc.xcp.ui.services.config.Page"><property name="urlName" value="itk_view_edi_auto"></property><property name="defaultFileName" value="itk_view_edi_auto"></property></bean><bean class="com.emc.xcp.ui.services.config.Page"><property name="urlName" value="itk_edit_edi_auto"></property><property name="defaultFileName" value="itk_edit_edi_auto"></property></bean></set></property></bean><bean class="com.emc.xcp.ui.services.config.Model"><property name="name" value="itk_reconciliationtaskprocess"></property><property name="homePageUrlName" value="itk_reconciliationtaskprocess_reconciliation_acti"></property><property name="supportMasterPage" value="false"></property><property name="pages"><set><bean class="com.emc.xcp.ui.services.config.Page"><property name="urlName" value="itk_reconciliationtaskprocess_reconciliation_acti"></property><property name="defaultFileName" value="itk_reconciliationtaskp"></property></bean></set></property></bean><bean class="com.emc.xcp.ui.services.config.Model"><property name="name" value="itk_transaction"></property><property name="homePageUrlName" value="itk_transactionimage"></property><property name="supportMasterPage" value="false"></property><property name="pages"><set><bean class="com.emc.xcp.ui.services.config.Page"><property name="urlName" value="itk_transaction_splits"></property><property name="defaultFileName" value="itk_transaction_splits"></property></bean><bean class="com.emc.xcp.ui.services.config.Page"><property name="urlName" value="itk_transactionimage"></property><property name="defaultFileName" value="itk_transactionimage"></property></bean><bean class="com.emc.xcp.ui.services.config.Page"><property name="urlName" value="itk_related_events"></property><property name="defaultFileName" value="itk_related_events"></property></bean><bean class="com.emc.xcp.ui.services.config.Page"><property name="urlName" value="itk_not_used_view_trans"></property><property name="defaultFileName" value="itk_not_used_view_trans"></property></bean></set></property><property name="fragments"><set><bean class="com.emc.xcp.ui.services.config.Fragment"><property name="urlName" value="itk_trans_properties"></property><property name="defaultFileName" value="itk_trans_properties"></property></bean><bean class="com.emc.xcp.ui.services.config.Fragment"><property name="urlName" value="itk_edit_transaction_pr"></property><property name="defaultFileName" value="itk_edit_transaction_pr"></property></bean><bean class="com.emc.xcp.ui.services.config.Fragment"><property name="urlName" value="itk_transaction_info"></property><property name="defaultFileName" value="itk_transaction_info"></property></bean></set></property></bean><bean class="com.emc.xcp.ui.services.config.Model"><property name="name" value="role"></property><property name="homePageUrlName" value="itk_role_member"></property><property name="supportMasterPage" value="false"></property><property name="pages"><set><bean class="com.emc.xcp.ui.services.config.Page"><property name="urlName" value="itk_role_member"></property><property name="defaultFileName" value="itk_role_member"></property></bean></set></property></bean><bean class="com.emc.xcp.ui.services.config.Model"><property name="name" value="itk_dialer_auto"></property><property name="homePageUrlName" value="itk_edit_dialer_auto"></property><property name="supportMasterPage" value="false"></property><property name="pages"><set><bean class="com.emc.xcp.ui.services.config.Page"><property name="urlName" value="itk_view_dialer_auto"></property><property name="defaultFileName" value="itk_view_dialer_auto"></property></bean><bean class="com.emc.xcp.ui.services.config.Page"><property name="urlName" value="itk_edit_dialer_auto"></property><property name="defaultFileName" value="itk_edit_dialer_auto"></property></bean></set></property></bean><bean class="com.emc.xcp.ui.services.config.Model"><property name="name" value="itk_exceptionprocess"></property><property name="homePageUrlName" value="itk_exceptionprocess_auto_exception_task"></property><property name="supportMasterPage" value="false"></property><property name="pages"><set><bean class="com.emc.xcp.ui.services.config.Page"><property name="urlName" value="itk_exceptionprocess_auto_matching_excep"></property><property name="defaultFileName" value="itk_auto_matching_excep"></property></bean><bean class="com.emc.xcp.ui.services.config.Page"><property name="urlName" value="itk_exceptionprocess_auto_exception_task"></property><property name="defaultFileName" value="itk_auto_exception_task"></property></bean></set></property></bean><bean class="com.emc.xcp.ui.services.config.Model"><property name="name" value="itk_imqcprocess"></property><property name="homePageUrlName" value="itk_imqcprocess_qc_task"></property><property name="supportMasterPage" value="false"></property><property name="pages"><set><bean class="com.emc.xcp.ui.services.config.Page"><property name="urlName" value="itk_imqcprocess_qc_task"></property><property name="defaultFileName" value="itk_imqcprocess_qc_task"></property></bean></set></property></bean><bean class="com.emc.xcp.ui.services.config.Model"><property name="name" value="itk_cognasys_auto"></property><property name="homePageUrlName" value="itk_view_cognasys_auto"></property><property name="supportMasterPage" value="false"></property><property name="pages"><set><bean class="com.emc.xcp.ui.services.config.Page"><property name="urlName" value="itk_edit_cognasys_auto"></property><property name="defaultFileName" value="itk_edit_cognasys_auto"></property></bean><bean class="com.emc.xcp.ui.services.config.Page"><property name="urlName" value="itk_view_cognasys_auto"></property><property name="defaultFileName" value="itk_view_cognasys_auto"></property></bean></set></property><property name="fragments"><set><bean class="com.emc.xcp.ui.services.config.Fragment"><property name="urlName" value="itk_cognasys_metadata_f"></property><property name="defaultFileName" value="itk_cognasys_metadata_f"></property></bean></set></property></bean></set></property></bean></beans>