<?xml version="1.0" ?><beans xmlns:xsi="http://www.w3.org/2001/XMLSchema-instance" xmlns="http://www.springframework.org/schema/beans" xsi:schemaLocation="http://www.springframework.org/schema/beans http://www.springframework.org/schema/beans/spring-beans-3.0.xsd http://www.springframework.org/schema/context http://www.springframework.org/schema/context/spring-context-3.0.xsd http://www.springframework.org/schema/aop http://www.springframework.org/schema/aop/spring-aop-3.0.xsd"><bean class="com.emc.xcp.ivf.runtime.Format2ViewerMapping"><property name="formatMapping"><map><entry key="pdf" value="ContentViewer"></entry><entry key="tiff" value="ContentViewer"></entry><entry key="jpeg" value="ContentViewer"></entry><entry key="gif" value="ContentViewer"></entry><entry key="png" value="ContentViewer"></entry><entry key="bmp" value="ContentViewer"></entry><entry key="msw8" value="ContentViewer"></entry><entry key="msw12" value="ContentViewer"></entry><entry key="msw14" value="ContentViewer"></entry><entry key="ppt8" value="ContentViewer"></entry><entry key="ppt12" value="ContentViewer"></entry><entry key="ppt14" value="ContentViewer"></entry><entry key="excel8book" value="ContentViewer"></entry><entry key="excel12book" value="ContentViewer"></entry><entry key="excel14book" value="ContentViewer"></entry><entry key="msg" value="ContentViewer"></entry><entry key="mpeg-4v" value="VideoViewer"></entry><entry key="ogg" value="VideoViewer"></entry><entry key="webm" value="VideoViewer"></entry><entry key="3gp" value="VideoViewer"></entry><entry key="3g2" value="VideoViewer"></entry><entry key="asf" value="VideoViewer"></entry><entry key="avi" value="VideoViewer"></entry><entry key="flv" value="VideoViewer"></entry><entry key="f4v" value="VideoViewer"></entry><entry key="mpeg" value="VideoViewer"></entry><entry key="m4v" value="VideoViewer"></entry><entry key="quicktime" value="VideoViewer"></entry><entry key="wmv" value="VideoViewer"></entry></map></property></bean></beans>