{
  "name" : "process-type",
  "type" : "itk_createtransactionprocess",
  "label" : "CreateTransactionProcess",
  "runnable-stateless" : true,
  "urn" : "urn:itk:com.emc.ide.artifact.process:Artifacts/Processes/createtransactionprocess.process",
  "properties" : [ {
    "name" : "process_id",
    "label" : "process_id",
    "type" : "string",
    "length" : 64
  }, {
    "name" : "status",
    "label" : "status",
    "type" : "string",
    "length" : 64
  }, {
    "name" : "id",
    "label" : "id",
    "type" : "string",
    "length" : 64
  }, {
    "name" : "r_runtime_state",
    "label" : "r_runtime_state",
    "type" : "integer"
  }, {
    "name" : "correlation_identifier",
    "label" : "correlation_identifier",
    "type" : "string",
    "length" : 64
  }, {
    "name" : "object_name",
    "label" : "object_name",
    "type" : "string",
    "length" : 64
  }, {
    "name" : "r_creator_name",
    "label" : "r_creator_name",
    "type" : "string",
    "length" : 64
  }, {
    "name" : "r_start_date",
    "label" : "r_start_date",
    "type" : "datetime"
  }, {
    "name" : "supervisor_name",
    "label" : "supervisor_name",
    "type" : "string",
    "length" : 64
  }, {
    "name" : "supervisor_address",
    "label" : "supervisor_address",
    "type" : "string",
    "length" : 64
  } ],
  "tasks" : [ {
    "rel" : "http://identifiers.emc.com/linkrel/task",
    "href" : "${contextPath}types/processes/itk_createtransactionprocess/tasks/itk_initiate"
  }, {
    "rel" : "http://identifiers.emc.com/linkrel/task",
    "href" : "${contextPath}types/processes/itk_createtransactionprocess/tasks/itk_create_transaction_"
  }, {
    "rel" : "http://identifiers.emc.com/linkrel/task",
    "href" : "${contextPath}types/processes/itk_createtransactionprocess/tasks/itk_link_transaction_fo"
  }, {
    "rel" : "http://identifiers.emc.com/linkrel/task",
    "href" : "${contextPath}types/processes/itk_createtransactionprocess/tasks/itk_initiate_decision_p"
  }, {
    "rel" : "http://identifiers.emc.com/linkrel/task",
    "href" : "${contextPath}types/processes/itk_createtransactionprocess/tasks/itk_is_there_an_exsting"
  }, {
    "rel" : "http://identifiers.emc.com/linkrel/task",
    "href" : "${contextPath}types/processes/itk_createtransactionprocess/tasks/itk_set_has_existing_tr"
  }, {
    "rel" : "http://identifiers.emc.com/linkrel/task",
    "href" : "${contextPath}types/processes/itk_createtransactionprocess/tasks/itk_was_there_an_exstin"
  }, {
    "rel" : "http://identifiers.emc.com/linkrel/task",
    "href" : "${contextPath}types/processes/itk_createtransactionprocess/tasks/itk_join"
  }, {
    "rel" : "http://identifiers.emc.com/linkrel/task",
    "href" : "${contextPath}types/processes/itk_createtransactionprocess/tasks/itk_translate_transacti"
  }, {
    "rel" : "http://identifiers.emc.com/linkrel/task",
    "href" : "${contextPath}types/processes/itk_createtransactionprocess/tasks/itk_set_transaction_typ"
  }, {
    "rel" : "http://identifiers.emc.com/linkrel/task",
    "href" : "${contextPath}types/processes/itk_createtransactionprocess/tasks/itk_check_for_scan_id"
  }, {
    "rel" : "http://identifiers.emc.com/linkrel/task",
    "href" : "${contextPath}types/processes/itk_createtransactionprocess/tasks/itk_set_status_validate"
  } ],
  "flows" : [ {
    "source" : "${contextPath}types/processes/itk_createtransactionprocess/tasks/itk_initiate",
    "target" : "${contextPath}types/processes/itk_createtransactionprocess/tasks/itk_is_there_an_exsting",
    "flow-type" : "regular"
  }, {
    "source" : "${contextPath}types/processes/itk_createtransactionprocess/tasks/itk_is_there_an_exsting",
    "target" : "${contextPath}types/processes/itk_createtransactionprocess/tasks/itk_create_transaction_",
    "flow-type" : "regular"
  }, {
    "source" : "${contextPath}types/processes/itk_createtransactionprocess/tasks/itk_is_there_an_exsting",
    "target" : "${contextPath}types/processes/itk_createtransactionprocess/tasks/itk_set_has_existing_tr",
    "flow-type" : "regular"
  }, {
    "source" : "${contextPath}types/processes/itk_createtransactionprocess/tasks/itk_initiate_decision_p",
    "target" : "${contextPath}types/processes/itk_createtransactionprocess/tasks/itk_join",
    "flow-type" : "regular"
  }, {
    "source" : "${contextPath}types/processes/itk_createtransactionprocess/tasks/itk_create_transaction_",
    "target" : "${contextPath}types/processes/itk_createtransactionprocess/tasks/itk_translate_transacti",
    "flow-type" : "regular"
  }, {
    "source" : "${contextPath}types/processes/itk_createtransactionprocess/tasks/itk_set_has_existing_tr",
    "target" : "${contextPath}types/processes/itk_createtransactionprocess/tasks/itk_translate_transacti",
    "flow-type" : "regular"
  }, {
    "source" : "${contextPath}types/processes/itk_createtransactionprocess/tasks/itk_translate_transacti",
    "target" : "${contextPath}types/processes/itk_createtransactionprocess/tasks/itk_link_transaction_fo",
    "flow-type" : "regular"
  }, {
    "source" : "${contextPath}types/processes/itk_createtransactionprocess/tasks/itk_link_transaction_fo",
    "target" : "${contextPath}types/processes/itk_createtransactionprocess/tasks/itk_was_there_an_exstin",
    "flow-type" : "regular"
  }, {
    "source" : "${contextPath}types/processes/itk_createtransactionprocess/tasks/itk_was_there_an_exstin",
    "target" : "${contextPath}types/processes/itk_createtransactionprocess/tasks/itk_set_transaction_typ",
    "flow-type" : "regular"
  }, {
    "source" : "${contextPath}types/processes/itk_createtransactionprocess/tasks/itk_check_for_scan_id",
    "target" : "${contextPath}types/processes/itk_createtransactionprocess/tasks/itk_set_status_validate",
    "flow-type" : "regular"
  }, {
    "source" : "${contextPath}types/processes/itk_createtransactionprocess/tasks/itk_set_transaction_typ",
    "target" : "${contextPath}types/processes/itk_createtransactionprocess/tasks/itk_initiate_decision_p",
    "flow-type" : "regular"
  }, {
    "source" : "${contextPath}types/processes/itk_createtransactionprocess/tasks/itk_was_there_an_exstin",
    "target" : "${contextPath}types/processes/itk_createtransactionprocess/tasks/itk_check_for_scan_id",
    "flow-type" : "regular"
  }, {
    "source" : "${contextPath}types/processes/itk_createtransactionprocess/tasks/itk_check_for_scan_id",
    "target" : "${contextPath}types/processes/itk_createtransactionprocess/tasks/itk_join",
    "flow-type" : "regular"
  }, {
    "source" : "${contextPath}types/processes/itk_createtransactionprocess/tasks/itk_set_status_validate",
    "target" : "${contextPath}types/processes/itk_createtransactionprocess/tasks/itk_join",
    "flow-type" : "regular"
  } ],
  "data" : {
    "packages" : [ {
      "name" : "package0",
      "label" : "package0",
      "mandatory" : true,
      "visible" : true,
      "version-label" : "CURRENT",
      "type" : "${contextPath}types/contents/itk_transaction",
      "input" : false,
      "output" : false
    } ],
    "variables" : [ {
      "name" : "p_has_existing_trans_id",
      "label" : "p_has_existing_trans_id",
      "type" : "boolean",
      "repeating" : false,
      "default-value" : "false",
      "mandatory" : false,
      "input" : false,
      "output" : false
    } ]
  },
  "links" : [ {
    "rel" : "self",
    "href" : "${contextPath}types/processes/itk_createtransactionprocess"
  }, {
    "rel" : "http://identifiers.emc.com/linkrel/instances",
    "href" : "${contextPath}processes/itk_createtransactionprocess"
  }, {
    "rel" : "http://identifiers.emc.com/linkrel/halt"
  }, {
    "rel" : "http://identifiers.emc.com/linkrel/resume"
  }, {
    "rel" : "http://identifiers.emc.com/linkrel/terminate"
  }, {
    "rel" : "http://identifiers.emc.com/linkrel/tasks"
  }, {
    "rel" : "http://identifiers.emc.com/linkrel/attachments"
  } ]
}