<?xml version="1.0" encoding="UTF-8" standalone="no"?>
<!--***********************************************************************-->
<!--                                                                       -->
<!-- Confidential Property of Documentum, Inc.                             -->
<!-- (c) Copyright Documentum, Inc. 2001.                                  -->
<!-- All Rights reserved.                                                  -->
<!-- May not be used without prior written agreement                       -->
<!-- signed by a Documentum corporate officer.                             -->
<!--                                                                       -->
<!--***********************************************************************-->
<!--                                                                       -->
<!-- Project        Web Development Kit                                    -->
<!-- Module         Content Transfer					                   -->
<!-- File           drl_component.xml                         	           -->
<!-- Description    DRL Component Definition                               -->
<!-- Created on     30 July 2002                                           -->
<!-- Tab width      3                                                      -->
<!--                                                                       -->
<!--***********************************************************************-->
<!--                                                                       -->
<!-- VCS Maintained Data                                                   -->
<!--                                                                       -->
<!-- Revision       $Revision: 11$                                           -->
<!-- Modified on    $Date: 7/24/2007 5:42:47 AM$                            -->
<!--                                                                       -->
<!-- Log at EOF                                                            -->
<!--                                                                       -->
<!--***********************************************************************-->
<config version="1.0">
   <scope>
      <component id="drl" extends="drl:wdk/config/drl_component.xml">
         <desc>
            Opens a DRL object (document resource locator) and prompts the
            user to view or edit it. You can also send an inbox item as a DRL.
            If the DRL is to an inbox item, the DRL will open the user's
            inbox, and the task manager will open the inbox item. The login
            component is invoked unless the user has a session or a default
            account is configured for anonymous access. The appropriate
            repository is derived from the object ID.
         </desc>
         <params>
            <param name="objectId" required="true"/>
            <param name="versionLabel" required="false"/>
            <param name="format" required="false"/>
         </params>
         <pages>
            <start>/custom/jsps/drl/drl.jsp</start>
            <logout>/wdk/system/drl/logout.jsp</logout>
             <redirect>/custom/jsps/drl/redirecttomain.jsp</redirect>
         </pages>
         <class>org.ifc.idocs.library.drl.IDocsDRLComponent</class>
         <nlsbundle>com.documentum.web.formext.drl.DRLComponentNlsProp</nlsbundle>
         <defaultaccounts>
            <!-- There should be one account entry per repository -->
            <!-- e.g. (The filter is optional and isn't required if you want to use the same account across repositories)-->
            <!--
               <filter docbase="repositoryname">
                  <account>
                      <username>username</username>
                     <new-pw>encrypted password</new-pw>
                     <domain>domain</domain>
                  </account>
               </filter>
            -->
            <!-- This default account will be used for all remaining repositories. -->
            <!--
                <defaultaccount>
                   <username>username</username>
                   <new-pw>encrypted password</new-pw>
                   <domain>domain</domain>
                </defaultaccount>
            -->

            <logoffoncomplete>true</logoffoncomplete>
         </defaultaccounts>
      </component>
   </scope>
</config>
<!--~~~~~~~~~~~~~~~~~~~~~~~~~~~~~~~~~~~~~~~~~~~~~~~~~~~~~~~ Developer's Comments
# Parameters
/* format                               (Optional) If the user can edit and view 
                                        the passed object, a user interface is 
                                        presented to allow the user to choose 
                                        the action. If no format is specified 
                                        for the action, the object's native 
                                        format is used. 
*/
/* objectId                             (Required) ID of the object identified 
                                        by the DRL. 
*/
/* versionLabel                         (Optional) Any labelled version can be 
                                        passed, such as CURRENT. If no value is 
                                        set for versionLabel and the object's 
                                        version is not current, an open current 
                                        checkbox is shown. 
*/
#
# Elements
/* <defaultaccounts>                    Contains anonymous access login 
                                        information in one or more 
                                        <defaultaccount> elements 
*/
/* <filter docbase='docbasename'>       Optional filter to specify the account 
                                        for a single repository. Set the 
                                        repository attribute on this element to 
                                        the repository name. 
*/
/* <defaultaccount>                     Sets up anonymous access for virtual 
                                        links. 
*/
/* <username>                           Name of a user in the target repository 
*/
/* <new-pw>                             Password for the anonymous user. Can be 
                                        encrypted with the Trusted Authenticator 
                                        Tool. Refer to Web Development Kit 
                                        and Client Applications Development 
                                        Guide for instructions. 
*/
/* <domain>                             Optional network domain name for login 
                                        to the repository 
*/
/* <logoffoncomplete>                   Set to true to log the default account 
                                        off and close the window after the DRL 
                                        action is performed 
*/
#
~~~~~~~~~~~~~~~~~~~~~~~~~~~~~~~~~~~~~~~~~~~~~~~~~~~~~~~~~~~~~~~~~~~~~~~~~~~~~-->
