<?xml version="1.0" encoding="UTF-8" standalone="no"?>
<!-- **************************************************************************         -->
<!-- Module Name: view_drl_component             	                                    -->
<!-- Module Description: This custom component is used for showing drl of the document 
							 using view drl jsp page									-->
<!-- Author name: Parag Doshi											   		        -->
<!-- Date:	8-Sep-2010															        -->
<!-- Module Version No: 1.0                                                             -->
<!--****************************************************************************-->
<config version="1.0">
   <scope role="idocs_member">
      <component id="view_drl">
         <desc>
            This component allows for viewing the drl for the selected document
         </desc>
		 <params>
            <param name="objectId" required="true"/>
         </params>
		 <pages>
            <start>/custom/jsps/actions/ViewDrl.jsp</start>
         </pages>
            <class>org.ifc.idocs.action.ViewDRL</class>
          <nlsbundle>org.ifc.idocs.action.ViewDrlNlsProp</nlsbundle>
         <helpcontextid>view_drl</helpcontextid>
      </component>
   </scope>
</config>