<?xml version="1.0" encoding="UTF-8"?>
<config name="PL Gl Lookup - PCHW078W">
	<webservice-config>
		<url>http://ibmprd.metro-dade.com:4002/CICS/TWBA/CSCWKI2X/PCHW078W</url>
		<usr>IWAINWS</usr>
		<psw>Fin123</psw>
	</webservice-config>
	<emailRecipients>
		<email>rarenas@miamidade.gov</email>
		<email>email_1@miamidade.gov</email>
		<email>email_2@miamidade.gov</email>				
	</emailRecipients>
	<emailConfiguration>
		<smtp>smtp.miamidade.gov</smtp>
		<from>IWA_WS_Monitor@miamidade.gov</from>
		<subject>IWA Web Service Monitor - PCHW078W PoGLLookup</subject>
	</emailConfiguration>
	<parameters>
		<parameter>
			<name>po</name>
			<value>POFN1400027</value>
		</parameter>
		<parameter>
			<name>name1</name>
			<value>value1</value>
		</parameter>
	</parameters>	
</config>
