{
  "name" : "picklist",
  "type" : "itk_auto_exception_comm",
  "label" : "Auto Exception Comments",
  "entries" : [ {
    "label" : "No agent information",
    "value" : "No agent information",
    "type" : "string",
    "length" : 64
  }, {
    "label" : "Unable to contact agent",
    "value" : "Unable to contact agent",
    "type" : "string",
    "length" : 64
  }, {
    "label" : "Agent will not release information",
    "value" : "Agent will not release information",
    "type" : "string",
    "length" : 64
  }, {
    "label" : "More current insurance on loan",
    "value" : "More current insurance on loan",
    "type" : "string",
    "length" : 64
  }, {
    "label" : "Borrowers name isn’t on the insurance policy",
    "value" : "Borrowers name isn’t on the insurance policy",
    "type" : "string",
    "length" : 64
  }, {
    "label" : "Received insurance policy without vehicle listed",
    "value" : "Insurance Policy No vehicle listed",
    "type" : "string",
    "length" : 64
  }, {
    "label" : "Received illegible document",
    "value" : "Received illegible document",
    "type" : "string",
    "length" : 64
  }, {
    "label" : "Collateral non-match",
    "value" : "Collateral non-match",
    "type" : "string",
    "length" : 64
  }, {
    "label" : "Altered policy",
    "value" : "Altered policy",
    "type" : "string",
    "length" : 64
  }, {
    "label" : "Missing comprehensive and collision deductibles",
    "value" : "Missing comprehensive and collision Ded",
    "type" : "string",
    "length" : 64
  }, {
    "label" : "Missing lien holder",
    "value" : "Missing lien holder",
    "type" : "string",
    "length" : 64
  }, {
    "label" : "Received ID card, binder, app, quote or bill statement",
    "value" : "Recvd ID card, binder, app, quote or bill",
    "type" : "string",
    "length" : 64
  }, {
    "label" : "Valid insurance to cancel FP policy, sent to refunds",
    "value" : "Valid insur, cancel FP pol, snt to refunds",
    "type" : "string",
    "length" : 64
  }, {
    "label" : "Cancellation not for insurance policy on loan",
    "value" : "Cancellation not for insurance policy on loan",
    "type" : "string",
    "length" : 64
  }, {
    "label" : "Cancellation not eligible for refund",
    "value" : "Cancellation not eligible for refund",
    "type" : "string",
    "length" : 64
  }, {
    "label" : "Cancellation notice received - No valid insurance on loan",
    "value" : "Cancellation notice - No valid insur on loan",
    "type" : "string",
    "length" : 64
  }, {
    "label" : "Reinstatement received no prior ins on loan",
    "value" : "Reinstatement received no prior ins on loan",
    "type" : "string",
    "length" : 64
  }, {
    "label" : "Reinstatement received no prior CX on loan",
    "value" : "Reinstatement received no prior CX on loan",
    "type" : "string",
    "length" : 64
  }, {
    "label" : "CG2 Document sent to Outbound Call Queue",
    "value" : "CG2 Document sent to Outbound Call Queue",
    "type" : "string",
    "length" : 64
  }, {
    "label" : "Received renewal offer document",
    "value" : "Received renewal offer document",
    "type" : "string",
    "length" : 64
  }, {
    "label" : "CPI document received",
    "value" : "CPI document received",
    "type" : "string",
    "length" : 64
  }, {
    "label" : "Received document with no policy number",
    "value" : "Received document with no policy number",
    "type" : "string",
    "length" : 64
  }, {
    "label" : "Other reason",
    "value" : "Other reason",
    "type" : "string",
    "length" : 64
  }, {
    "label" : "Sent email to FI Support",
    "value" : "Sent email to FI Support",
    "type" : "string",
    "length" : 64
  } ]
}