{
  "name" : "picklist",
  "type" : "itk_transaction_status",
  "label" : "Transaction Status",
  "entries" : [ {
    "label" : "Comment Loan",
    "value" : "Comment Loan",
    "type" : "string",
    "length" : 64
  }, {
    "label" : "DirectUpdate",
    "value" : "DirectUpdate",
    "type" : "string",
    "length" : 64
  }, {
    "label" : "Exception",
    "value" : "Exception",
    "type" : "string",
    "length" : 64
  }, {
    "label" : "Killed",
    "value" : "Killed",
    "type" : "string",
    "length" : 64
  }, {
    "label" : "Loan Update",
    "value" : "Loan Update",
    "type" : "string",
    "length" : 64
  }, {
    "label" : "Loan Comment",
    "value" : "Loan Comment",
    "type" : "string",
    "length" : 64
  }, {
    "label" : "Migrated",
    "value" : "Migrated",
    "type" : "string",
    "length" : 64
  }, {
    "label" : "New",
    "value" : "New",
    "type" : "string",
    "length" : 64
  }, {
    "label" : "PrePro",
    "value" : "PrePro",
    "type" : "string",
    "length" : 64
  }, {
    "label" : "Split",
    "value" : "Split",
    "type" : "string",
    "length" : 64
  }, {
    "label" : "Update Loan",
    "value" : "Update Loan",
    "type" : "string",
    "length" : 64
  }, {
    "label" : "UTL",
    "value" : "UTL",
    "type" : "string",
    "length" : 64
  }, {
    "label" : "Duplicate",
    "value" : "Duplicate",
    "type" : "string",
    "length" : 64
  }, {
    "label" : "ManualUpdate",
    "value" : "ManualUpdate",
    "type" : "string",
    "length" : 64
  }, {
    "label" : "ManualComment",
    "value" : "ManualComment",
    "type" : "string",
    "length" : 64
  }, {
    "label" : "IMQCReview",
    "value" : "IMQCReview",
    "type" : "string",
    "length" : 64
  }, {
    "label" : "IMQCReprocess",
    "value" : "IMQCReprocess",
    "type" : "string",
    "length" : 64
  }, {
    "label" : "Denied",
    "value" : "Denied",
    "type" : "string",
    "length" : 64
  }, {
    "label" : "DKIReview",
    "value" : "DKIReview",
    "type" : "string",
    "length" : 64
  } ]
}