{
  "name" : "picklist",
  "type" : "itk_exception_task_list",
  "label" : "Exception Task List Sort Columns",
  "entries" : [ {
    "label" : "Exception Date",
    "value" : "p_exception_date",
    "type" : "string",
    "length" : 64
  }, {
    "label" : "Account Number",
    "value" : "p_account_number",
    "type" : "string",
    "length" : 64
  }, {
    "label" : "Account Name",
    "value" : "p_account_name",
    "type" : "string",
    "length" : 64
  }, {
    "label" : "Transaction Source",
    "value" : "p_transaction_source",
    "type" : "string",
    "length" : 64
  }, {
    "label" : "Received Date",
    "value" : "p_received_date",
    "type" : "string",
    "length" : 64
  }, {
    "label" : "Transaction Type",
    "value" : "p_transaction_type",
    "type" : "string",
    "length" : 64
  }, {
    "label" : "State",
    "value" : "p_transaction_state",
    "type" : "string",
    "length" : 64
  }, {
    "label" : "ZIP",
    "value" : "p_transaction_zip",
    "type" : "string",
    "length" : 64
  }, {
    "label" : "Operator ID",
    "value" : "p_operator_id",
    "type" : "string",
    "length" : 64
  }, {
    "label" : "Status",
    "value" : "p_task_state",
    "type" : "string",
    "length" : 64
  }, {
    "label" : "Follow Up Reason",
    "value" : "p_followup_reason",
    "type" : "string",
    "length" : 64
  }, {
    "label" : "Follow Up Date",
    "value" : "p_followup_date",
    "type" : "string",
    "length" : 64
  }, {
    "label" : "Priority",
    "value" : "p_priority",
    "type" : "string",
    "length" : 64
  } ]
}