{
  "name" : "picklist",
  "type" : "itk_transaction_types",
  "label" : "Transaction Types",
  "entries" : [ {
    "label" : "Insurance Verification",
    "value" : "ACK",
    "type" : "string",
    "length" : 64
  }, {
    "label" : "Certificate of Insurance",
    "value" : "CER",
    "type" : "string",
    "length" : 64
  }, {
    "label" : "New Business",
    "value" : "NBS",
    "type" : "string",
    "length" : 64
  }, {
    "label" : "Reissue",
    "value" : "RIX",
    "type" : "string",
    "length" : 64
  }, {
    "label" : "Rewrite",
    "value" : "REW",
    "type" : "string",
    "length" : 64
  }, {
    "label" : "Renewal",
    "value" : "RWL",
    "type" : "string",
    "length" : 64
  }, {
    "label" : "Reinstatement",
    "value" : "REI",
    "type" : "string",
    "length" : 64
  }, {
    "label" : "Reversal of Non-Renewal",
    "value" : "RNR",
    "type" : "string",
    "length" : 64
  }, {
    "label" : "Policy Change",
    "value" : "PCH",
    "type" : "string",
    "length" : 64
  }, {
    "label" : "Driver Changed",
    "value" : "DRC",
    "type" : "string",
    "length" : 64
  }, {
    "label" : "Lienholder Changed",
    "value" : "LNC",
    "type" : "string",
    "length" : 64
  }, {
    "label" : "Coverage Changed",
    "value" : "CVC",
    "type" : "string",
    "length" : 64
  }, {
    "label" : "Vehicle Changed",
    "value" : "VHC",
    "type" : "string",
    "length" : 64
  }, {
    "label" : "Binder",
    "value" : "BND",
    "type" : "string",
    "length" : 64
  }, {
    "label" : "Insurance Card",
    "value" : "IDC",
    "type" : "string",
    "length" : 64
  }, {
    "label" : "Non-Renewal",
    "value" : "RWX",
    "type" : "string",
    "length" : 64
  }, {
    "label" : "Cancellation",
    "value" : "XLC",
    "type" : "string",
    "length" : 64
  }, {
    "label" : "Interest Remove",
    "value" : "IRM",
    "type" : "string",
    "length" : 64
  }, {
    "label" : "Vehicle Deleted",
    "value" : "VDL",
    "type" : "string",
    "length" : 64
  }, {
    "label" : "Rescission",
    "value" : "RES",
    "type" : "string",
    "length" : 64
  }, {
    "label" : "Invoice",
    "value" : "Invoice",
    "type" : "string",
    "length" : 64
  }, {
    "label" : "Intent to Cancel",
    "value" : "ITC",
    "type" : "string",
    "length" : 64
  }, {
    "label" : "Invalid Document Type",
    "value" : "IDT",
    "type" : "string",
    "length" : 64
  } ]
}