{
  "name" : "picklist",
  "type" : "itk_state_codes",
  "label" : "State Codes",
  "entries" : [ {
    "label" : "Alabama",
    "value" : "AL",
    "type" : "string",
    "length" : 64
  }, {
    "label" : "Alaska",
    "value" : "AK",
    "type" : "string",
    "length" : 64
  }, {
    "label" : "Arizona",
    "value" : "AZ",
    "type" : "string",
    "length" : 64
  }, {
    "label" : "Arkansas",
    "value" : "AR",
    "type" : "string",
    "length" : 64
  }, {
    "label" : "California",
    "value" : "CA",
    "type" : "string",
    "length" : 64
  }, {
    "label" : "Colorado",
    "value" : "CO",
    "type" : "string",
    "length" : 64
  }, {
    "label" : "Connecticut",
    "value" : "CT",
    "type" : "string",
    "length" : 64
  }, {
    "label" : "Delaware",
    "value" : "DE",
    "type" : "string",
    "length" : 64
  }, {
    "label" : "Florida",
    "value" : "FL",
    "type" : "string",
    "length" : 64
  }, {
    "label" : "Georgia",
    "value" : "GA",
    "type" : "string",
    "length" : 64
  }, {
    "label" : "Hawaii",
    "value" : "HI",
    "type" : "string",
    "length" : 64
  }, {
    "label" : "Idaho",
    "value" : "ID",
    "type" : "string",
    "length" : 64
  }, {
    "label" : "Illinois",
    "value" : "IL",
    "type" : "string",
    "length" : 64
  }, {
    "label" : "Indiana",
    "value" : "IN",
    "type" : "string",
    "length" : 64
  }, {
    "label" : "Iowa",
    "value" : "IA",
    "type" : "string",
    "length" : 64
  }, {
    "label" : "Kansas",
    "value" : "KS",
    "type" : "string",
    "length" : 64
  }, {
    "label" : "Kentucky",
    "value" : "KY",
    "type" : "string",
    "length" : 64
  }, {
    "label" : "Louisiana",
    "value" : "LA",
    "type" : "string",
    "length" : 64
  }, {
    "label" : "Maine",
    "value" : "ME",
    "type" : "string",
    "length" : 64
  }, {
    "label" : "Maryland",
    "value" : "MD",
    "type" : "string",
    "length" : 64
  }, {
    "label" : "Massachusetts",
    "value" : "MA",
    "type" : "string",
    "length" : 64
  }, {
    "label" : "Michigan",
    "value" : "MI",
    "type" : "string",
    "length" : 64
  }, {
    "label" : "Minnesota",
    "value" : "MN",
    "type" : "string",
    "length" : 64
  }, {
    "label" : "Mississippi",
    "value" : "MS",
    "type" : "string",
    "length" : 64
  }, {
    "label" : "Missouri",
    "value" : "MO",
    "type" : "string",
    "length" : 64
  }, {
    "label" : "Montana",
    "value" : "MT",
    "type" : "string",
    "length" : 64
  }, {
    "label" : "Nebraska",
    "value" : "NE",
    "type" : "string",
    "length" : 64
  }, {
    "label" : "Nevada",
    "value" : "NV",
    "type" : "string",
    "length" : 64
  }, {
    "label" : "New Hampshire",
    "value" : "NH",
    "type" : "string",
    "length" : 64
  }, {
    "label" : "New Jersey",
    "value" : "NJ",
    "type" : "string",
    "length" : 64
  }, {
    "label" : "New Mexico",
    "value" : "NM",
    "type" : "string",
    "length" : 64
  }, {
    "label" : "New York",
    "value" : "NY",
    "type" : "string",
    "length" : 64
  }, {
    "label" : "North Carolina",
    "value" : "NC",
    "type" : "string",
    "length" : 64
  }, {
    "label" : "North Dakota",
    "value" : "ND",
    "type" : "string",
    "length" : 64
  }, {
    "label" : "Ohio",
    "value" : "OH",
    "type" : "string",
    "length" : 64
  }, {
    "label" : "Oklahoma",
    "value" : "OK",
    "type" : "string",
    "length" : 64
  }, {
    "label" : "Oregon",
    "value" : "OR",
    "type" : "string",
    "length" : 64
  }, {
    "label" : "Pennsylvania",
    "value" : "PA",
    "type" : "string",
    "length" : 64
  }, {
    "label" : "Rhode Island",
    "value" : "RI",
    "type" : "string",
    "length" : 64
  }, {
    "label" : "South Carolina",
    "value" : "SC",
    "type" : "string",
    "length" : 64
  }, {
    "label" : "South Dakota",
    "value" : "SD",
    "type" : "string",
    "length" : 64
  }, {
    "label" : "Tennessee",
    "value" : "TN",
    "type" : "string",
    "length" : 64
  }, {
    "label" : "Texas",
    "value" : "TX",
    "type" : "string",
    "length" : 64
  }, {
    "label" : "Utah",
    "value" : "UT",
    "type" : "string",
    "length" : 64
  }, {
    "label" : "Vermont",
    "value" : "VT",
    "type" : "string",
    "length" : 64
  }, {
    "label" : "Virgina",
    "value" : "VA",
    "type" : "string",
    "length" : 64
  }, {
    "label" : "West Virgina",
    "value" : "WV",
    "type" : "string",
    "length" : 64
  }, {
    "label" : "Wisconsin",
    "value" : "WI",
    "type" : "string",
    "length" : 64
  }, {
    "label" : "Wyoming",
    "value" : "WY",
    "type" : "string",
    "length" : 64
  } ]
}