{
  "name" : "picklist",
  "type" : "itk_audit_type",
  "label" : "Audit Type",
  "entries" : [ {
    "label" : "Cognasys",
    "value" : "Cognasys",
    "type" : "string",
    "length" : 64
  }, {
    "label" : "Dialer",
    "value" : "Dialer",
    "type" : "string",
    "length" : 64
  }, {
    "label" : "EDI",
    "value" : "EDI",
    "type" : "string",
    "length" : 64
  }, {
    "label" : "IMCovered",
    "value" : "IMCovered",
    "type" : "string",
    "length" : 64
  }, {
    "label" : "IVR",
    "value" : "IVR",
    "type" : "string",
    "length" : 64
  }, {
    "label" : "Openspan",
    "value" : "Openspan",
    "type" : "string",
    "length" : 64
  }, {
    "label" : "Unity",
    "value" : "Unity",
    "type" : "string",
    "length" : 64
  } ]
}