{
  "name" : "picklist",
  "type" : "itk_transaction_source",
  "label" : "Transaction Source",
  "entries" : [ {
    "label" : "Mail",
    "value" : "Mail",
    "type" : "string",
    "length" : 64
  }, {
    "label" : "Fax",
    "value" : "Fax",
    "type" : "string",
    "length" : 64
  }, {
    "label" : "FTP",
    "value" : "FTP",
    "type" : "string",
    "length" : 64
  }, {
    "label" : "EDI",
    "value" : "EDI",
    "type" : "string",
    "length" : 64
  }, {
    "label" : "Unity",
    "value" : "Unity",
    "type" : "string",
    "length" : 64
  }, {
    "label" : "IMCovered",
    "value" : "IMCovered",
    "type" : "string",
    "length" : 64
  }, {
    "label" : "IVR",
    "value" : "IVR",
    "type" : "string",
    "length" : 64
  }, {
    "label" : "Phone",
    "value" : "Phone",
    "type" : "string",
    "length" : 64
  }, {
    "label" : "OpenSpan",
    "value" : "OpenSpan",
    "type" : "string",
    "length" : 64
  } ]
}