{
  "name" : "picklist",
  "type" : "itk_reconciliation_comm",
  "label" : "Reconciliation Comments",
  "entries" : [ {
    "label" : "T AGT, LM",
    "value" : "T AGT, LM",
    "type" : "string",
    "length" : 64
  }, {
    "label" : "T AGT, SNT FX RQST",
    "value" : "T AGT, SNT FX RQST",
    "type" : "string",
    "length" : 64
  }, {
    "label" : "T AGT, AGT TO FX DEC",
    "value" : "T AGT, AGT TO FX DEC",
    "type" : "string",
    "length" : 64
  }, {
    "label" : "T AGT, VFD CVG DISB PYMT $",
    "value" : "T AGT, VFD CVG DISB PYMT $",
    "type" : "string",
    "length" : 64
  }, {
    "label" : "CHNGD PAYEE CODE TO",
    "value" : "CHNGD PAYEE CODE TO",
    "type" : "string",
    "length" : 64
  }, {
    "label" : "UPDTD POL #",
    "value" : "UPDTD POL #",
    "type" : "string",
    "length" : 64
  }, {
    "label" : "UPDTD INS CO",
    "value" : "UPDTD INS CO",
    "type" : "string",
    "length" : 64
  }, {
    "label" : "CHNGD DWELLING CVG",
    "value" : "CHNGD DWELLING CVG",
    "type" : "string",
    "length" : 64
  }, {
    "label" : "UPDTD INS, DISB PYMT",
    "value" : "UPDTD INS, DISB PYMT",
    "type" : "string",
    "length" : 64
  }, {
    "label" : "T AGT, VFD PAYEE CODE INFO",
    "value" : "T AGT, VFD PAYEE CODE INFO",
    "type" : "string",
    "length" : 64
  }, {
    "label" : "CHNGD PREM PYMT AMT",
    "value" : "CHNGD PREM PYMT AMT",
    "type" : "string",
    "length" : 64
  }, {
    "label" : "SNT RUSH PYMT RQST",
    "value" : "SNT RUSH PYMT RQST",
    "type" : "string",
    "length" : 64
  }, {
    "label" : "SNT EML TO EFIST FOR RESEARCH",
    "value" : "SNT EML TO EFIST FOR RESEARCH",
    "type" : "string",
    "length" : 64
  }, {
    "label" : "CHNGD EFF DATE",
    "value" : "CHNGD EFF DATE",
    "type" : "string",
    "length" : 64
  }, {
    "label" : "RMVD IMP P, ADDED IMP C",
    "value" : "RMVD IMP P, ADDED IMP C",
    "type" : "string",
    "length" : 64
  }, {
    "label" : "RMVD IMP P, ADDED IMP M",
    "value" : "RMVD IMP P, ADDED IMP M",
    "type" : "string",
    "length" : 64
  }, {
    "label" : "RMVD IMP M, MTG LISTED ON DEC",
    "value" : "RMVD IMP M, MTG LISTED ON DEC",
    "type" : "string",
    "length" : 64
  }, {
    "label" : "RMVD IMP C, CVG SUFFICIENT",
    "value" : "RMVD IMP C, CVG SUFFICIENT",
    "type" : "string",
    "length" : 64
  }, {
    "label" : "DELETED ESCROW DISB - DUPLICATE PYMT",
    "value" : "DELETED ESCROW DISB - DUPLICATE PYMT",
    "type" : "string",
    "length" : 64
  }, {
    "label" : "T AGT, VFD POL CXL DUE TO NONPYMT",
    "value" : "T AGT, VFD POL CXL DUE TO NONPYMT",
    "type" : "string",
    "length" : 64
  }, {
    "label" : "T AGT, VFD POL CXL DUE TO UW",
    "value" : "T AGT, VFD POL CXL DUE TO UW",
    "type" : "string",
    "length" : 64
  }, {
    "label" : "PER DEC, POL CXL DUE TO BOR RQST",
    "value" : "PER DEC, POL CXL DUE TO BOR RQST",
    "type" : "string",
    "length" : 64
  }, {
    "label" : "T AGT, POL REIN, DISB PYMT OF $",
    "value" : "T AGT, POL REIN, DISB PYMT OF $",
    "type" : "string",
    "length" : 64
  } ]
}