{
  "name" : "process-type",
  "type" : "itk_getsecondaryqueuetransactions",
  "label" : "GetSecondaryQueueTransactions",
  "runnable-stateless" : true,
  "urn" : "urn:itk:com.emc.ide.artifact.process:Artifacts/Processes/getsecondaryqueuetransactions.process",
  "properties" : [ {
    "name" : "process_id",
    "label" : "process_id",
    "type" : "string",
    "length" : 64
  }, {
    "name" : "status",
    "label" : "status",
    "type" : "string",
    "length" : 64
  }, {
    "name" : "id",
    "label" : "id",
    "type" : "string",
    "length" : 64
  }, {
    "name" : "r_runtime_state",
    "label" : "r_runtime_state",
    "type" : "integer"
  }, {
    "name" : "correlation_identifier",
    "label" : "correlation_identifier",
    "type" : "string",
    "length" : 64
  }, {
    "name" : "object_name",
    "label" : "object_name",
    "type" : "string",
    "length" : 64
  }, {
    "name" : "r_creator_name",
    "label" : "r_creator_name",
    "type" : "string",
    "length" : 64
  }, {
    "name" : "r_start_date",
    "label" : "r_start_date",
    "type" : "datetime"
  }, {
    "name" : "supervisor_name",
    "label" : "supervisor_name",
    "type" : "string",
    "length" : 64
  }, {
    "name" : "supervisor_address",
    "label" : "supervisor_address",
    "type" : "string",
    "length" : 64
  } ],
  "tasks" : [ {
    "rel" : "http://identifiers.emc.com/linkrel/task",
    "href" : "${contextPath}types/processes/itk_getsecondaryqueuetransactions/tasks/itk_initiate"
  }, {
    "rel" : "http://identifiers.emc.com/linkrel/task",
    "href" : "${contextPath}types/processes/itk_getsecondaryqueuetransactions/tasks/itk_pull_transaction_li"
  }, {
    "rel" : "http://identifiers.emc.com/linkrel/task",
    "href" : "${contextPath}types/processes/itk_getsecondaryqueuetransactions/tasks/itk_lock_selected_batch"
  }, {
    "rel" : "http://identifiers.emc.com/linkrel/task",
    "href" : "${contextPath}types/processes/itk_getsecondaryqueuetransactions/tasks/itk_verify_transactions"
  }, {
    "rel" : "http://identifiers.emc.com/linkrel/task",
    "href" : "${contextPath}types/processes/itk_getsecondaryqueuetransactions/tasks/itk_check_count"
  }, {
    "rel" : "http://identifiers.emc.com/linkrel/task",
    "href" : "${contextPath}types/processes/itk_getsecondaryqueuetransactions/tasks/itk_join"
  }, {
    "rel" : "http://identifiers.emc.com/linkrel/task",
    "href" : "${contextPath}types/processes/itk_getsecondaryqueuetransactions/tasks/itk_batch_select_or_ref"
  } ],
  "flows" : [ {
    "source" : "${contextPath}types/processes/itk_getsecondaryqueuetransactions/tasks/itk_lock_selected_batch",
    "target" : "${contextPath}types/processes/itk_getsecondaryqueuetransactions/tasks/itk_pull_transaction_li",
    "flow-type" : "regular"
  }, {
    "source" : "${contextPath}types/processes/itk_getsecondaryqueuetransactions/tasks/itk_check_count",
    "target" : "${contextPath}types/processes/itk_getsecondaryqueuetransactions/tasks/itk_lock_selected_batch",
    "flow-type" : "regular"
  }, {
    "source" : "${contextPath}types/processes/itk_getsecondaryqueuetransactions/tasks/itk_check_count",
    "target" : "${contextPath}types/processes/itk_getsecondaryqueuetransactions/tasks/itk_join",
    "flow-type" : "regular"
  }, {
    "source" : "${contextPath}types/processes/itk_getsecondaryqueuetransactions/tasks/itk_verify_transactions",
    "target" : "${contextPath}types/processes/itk_getsecondaryqueuetransactions/tasks/itk_check_count",
    "flow-type" : "regular"
  }, {
    "source" : "${contextPath}types/processes/itk_getsecondaryqueuetransactions/tasks/itk_pull_transaction_li",
    "target" : "${contextPath}types/processes/itk_getsecondaryqueuetransactions/tasks/itk_join",
    "flow-type" : "regular"
  }, {
    "source" : "${contextPath}types/processes/itk_getsecondaryqueuetransactions/tasks/itk_batch_select_or_ref",
    "target" : "${contextPath}types/processes/itk_getsecondaryqueuetransactions/tasks/itk_verify_transactions",
    "flow-type" : "regular"
  }, {
    "source" : "${contextPath}types/processes/itk_getsecondaryqueuetransactions/tasks/itk_initiate",
    "target" : "${contextPath}types/processes/itk_getsecondaryqueuetransactions/tasks/itk_batch_select_or_ref",
    "flow-type" : "regular"
  }, {
    "source" : "${contextPath}types/processes/itk_getsecondaryqueuetransactions/tasks/itk_batch_select_or_ref",
    "target" : "${contextPath}types/processes/itk_getsecondaryqueuetransactions/tasks/itk_pull_transaction_li",
    "flow-type" : "regular"
  } ],
  "data" : {
    "variables" : [ {
      "name" : "p_batch_id",
      "label" : "p_batch_id",
      "type" : "string",
      "repeating" : true,
      "default-value" : null,
      "mandatory" : false,
      "input" : false,
      "output" : true
    }, {
      "name" : "p_match_status",
      "label" : "p_match_status",
      "type" : "string",
      "repeating" : true,
      "default-value" : null,
      "mandatory" : false,
      "input" : false,
      "output" : true
    }, {
      "name" : "p_transaction_id",
      "label" : "p_transaction_id",
      "type" : "string",
      "repeating" : true,
      "default-value" : null,
      "mandatory" : false,
      "input" : false,
      "output" : true
    }, {
      "name" : "p_account_no",
      "label" : "p_account_no",
      "type" : "string",
      "repeating" : true,
      "default-value" : null,
      "mandatory" : false,
      "input" : false,
      "output" : true
    }, {
      "name" : "p_excp_account_no",
      "label" : "p_excp_account_no",
      "type" : "string",
      "repeating" : true,
      "default-value" : null,
      "mandatory" : false,
      "input" : false,
      "output" : true
    }, {
      "name" : "p_loan_number",
      "label" : "p_loan_number",
      "type" : "string",
      "repeating" : true,
      "default-value" : null,
      "mandatory" : false,
      "input" : false,
      "output" : true
    }, {
      "name" : "p_excp_loan_number",
      "label" : "p_excp_loan_number",
      "type" : "string",
      "repeating" : true,
      "default-value" : null,
      "mandatory" : false,
      "input" : false,
      "output" : true
    }, {
      "name" : "p_loan_suffix",
      "label" : "p_loan_suffix",
      "type" : "string",
      "repeating" : true,
      "default-value" : null,
      "mandatory" : false,
      "input" : false,
      "output" : true
    }, {
      "name" : "p_excp_loan_suffix",
      "label" : "p_excp_loan_suffix",
      "type" : "string",
      "repeating" : true,
      "default-value" : null,
      "mandatory" : false,
      "input" : false,
      "output" : true
    }, {
      "name" : "p_exception_date",
      "label" : "p_exception_date",
      "type" : "datetime",
      "repeating" : true,
      "default-value" : null,
      "mandatory" : false,
      "input" : false,
      "output" : true
    }, {
      "name" : "p_exception_field",
      "label" : "p_exception_field",
      "type" : "string",
      "repeating" : true,
      "default-value" : null,
      "mandatory" : false,
      "input" : false,
      "output" : true
    }, {
      "name" : "p_collateral_id",
      "label" : "p_collateral_id",
      "type" : "string",
      "repeating" : true,
      "default-value" : null,
      "mandatory" : false,
      "input" : false,
      "output" : true
    }, {
      "name" : "p_fi100_collateral_id",
      "label" : "p_fi100_collateral_id",
      "type" : "string",
      "repeating" : true,
      "default-value" : null,
      "mandatory" : false,
      "input" : false,
      "output" : true
    }, {
      "name" : "p_collateral_year",
      "label" : "p_collateral_year",
      "type" : "string",
      "repeating" : true,
      "default-value" : null,
      "mandatory" : false,
      "input" : false,
      "output" : true
    }, {
      "name" : "p_fi100_collateral_year",
      "label" : "p_fi100_collateral_year",
      "type" : "string",
      "repeating" : true,
      "default-value" : null,
      "mandatory" : false,
      "input" : false,
      "output" : true
    }, {
      "name" : "p_collateral_make",
      "label" : "p_collateral_make",
      "type" : "string",
      "repeating" : true,
      "default-value" : null,
      "mandatory" : false,
      "input" : false,
      "output" : true
    }, {
      "name" : "p_fi100_collateral_make",
      "label" : "p_fi100_collateral_make",
      "type" : "string",
      "repeating" : true,
      "default-value" : null,
      "mandatory" : false,
      "input" : false,
      "output" : true
    }, {
      "name" : "p_collateral_model",
      "label" : "p_collateral_model",
      "type" : "string",
      "repeating" : true,
      "default-value" : null,
      "mandatory" : false,
      "input" : false,
      "output" : true
    }, {
      "name" : "p_fi100_collateral_model",
      "label" : "p_fi100_collateral_model",
      "type" : "string",
      "repeating" : true,
      "default-value" : null,
      "mandatory" : false,
      "input" : false,
      "output" : true
    }, {
      "name" : "p_policy_no",
      "label" : "p_policy_no",
      "type" : "string",
      "repeating" : true,
      "default-value" : null,
      "mandatory" : false,
      "input" : false,
      "output" : true
    }, {
      "name" : "p_fi100_policy_no",
      "label" : "p_fi100_policy_no",
      "type" : "string",
      "repeating" : true,
      "default-value" : null,
      "mandatory" : false,
      "input" : false,
      "output" : true
    }, {
      "name" : "p_borrower",
      "label" : "p_borrower",
      "type" : "string",
      "repeating" : true,
      "default-value" : null,
      "mandatory" : false,
      "input" : false,
      "output" : true
    }, {
      "name" : "p_fi100_borrower",
      "label" : "p_fi100_borrower",
      "type" : "string",
      "repeating" : true,
      "default-value" : null,
      "mandatory" : false,
      "input" : false,
      "output" : true
    }, {
      "name" : "p_fi100_co_borrower",
      "label" : "p_fi100_co_borrower",
      "type" : "string",
      "repeating" : true,
      "default-value" : null,
      "mandatory" : false,
      "input" : false,
      "output" : true
    }, {
      "name" : "p_borrower_address",
      "label" : "p_borrower_address",
      "type" : "string",
      "repeating" : true,
      "default-value" : null,
      "mandatory" : false,
      "input" : false,
      "output" : true
    }, {
      "name" : "p_fi100_borrower_address",
      "label" : "p_fi100_borrower_address",
      "type" : "string",
      "repeating" : true,
      "default-value" : null,
      "mandatory" : false,
      "input" : false,
      "output" : true
    }, {
      "name" : "p_city",
      "label" : "p_city",
      "type" : "string",
      "repeating" : true,
      "default-value" : null,
      "mandatory" : false,
      "input" : false,
      "output" : true
    }, {
      "name" : "p_fi100_city",
      "label" : "p_fi100_city",
      "type" : "string",
      "repeating" : true,
      "default-value" : null,
      "mandatory" : false,
      "input" : false,
      "output" : true
    }, {
      "name" : "p_state_name",
      "label" : "p_state_name",
      "type" : "string",
      "repeating" : true,
      "default-value" : null,
      "mandatory" : false,
      "input" : false,
      "output" : true
    }, {
      "name" : "p_fi100_state_name",
      "label" : "p_fi100_state_name",
      "type" : "string",
      "repeating" : true,
      "default-value" : null,
      "mandatory" : false,
      "input" : false,
      "output" : true
    }, {
      "name" : "p_zip",
      "label" : "p_zip",
      "type" : "string",
      "repeating" : true,
      "default-value" : null,
      "mandatory" : false,
      "input" : false,
      "output" : true
    }, {
      "name" : "p_fi100_zip",
      "label" : "p_fi100_zip",
      "type" : "string",
      "repeating" : true,
      "default-value" : null,
      "mandatory" : false,
      "input" : false,
      "output" : true
    }, {
      "name" : "p_fi100_delete_counter",
      "label" : "p_fi100_delete_counter",
      "type" : "integer",
      "repeating" : true,
      "default-value" : null,
      "mandatory" : false,
      "input" : false,
      "output" : true
    }, {
      "name" : "p_work_item_id",
      "label" : "p_work_item_id",
      "type" : "string",
      "repeating" : true,
      "default-value" : null,
      "mandatory" : false,
      "input" : false,
      "output" : true
    }, {
      "name" : "p_work_item_runtime_state",
      "label" : "p_work_item_runtime_state",
      "type" : "string",
      "repeating" : true,
      "default-value" : null,
      "mandatory" : false,
      "input" : false,
      "output" : true
    }, {
      "name" : "p_selected_batch_id",
      "label" : "p_selected_batch_id",
      "type" : "string",
      "repeating" : false,
      "default-value" : null,
      "mandatory" : false,
      "input" : true,
      "output" : false
    }, {
      "name" : "p_primary_key",
      "label" : "p_primary_key",
      "type" : "integer",
      "repeating" : true,
      "default-value" : null,
      "mandatory" : false,
      "input" : false,
      "output" : true
    }, {
      "name" : "p_count_in_use",
      "label" : "p_count_in_use",
      "type" : "integer",
      "repeating" : false,
      "default-value" : null,
      "mandatory" : false,
      "input" : false,
      "output" : false
    }, {
      "name" : "p_cur_user",
      "label" : "p_cur_user",
      "type" : "string",
      "repeating" : false,
      "default-value" : null,
      "mandatory" : false,
      "input" : true,
      "output" : false
    }, {
      "name" : "p_batch_select",
      "label" : "p_batch_select",
      "type" : "boolean",
      "repeating" : false,
      "default-value" : "false",
      "mandatory" : false,
      "input" : true,
      "output" : false
    }, {
      "name" : "items_per_page",
      "label" : "items_per_page",
      "type" : "integer",
      "repeating" : false,
      "default-value" : "10",
      "mandatory" : false,
      "input" : true,
      "output" : false
    }, {
      "name" : "page",
      "label" : "page",
      "type" : "integer",
      "repeating" : false,
      "default-value" : "1",
      "mandatory" : false,
      "input" : true,
      "output" : false
    }, {
      "name" : "start",
      "label" : "start",
      "type" : "integer",
      "repeating" : false,
      "default-value" : "1",
      "mandatory" : false,
      "input" : true,
      "output" : false
    } ]
  },
  "links" : [ {
    "rel" : "self",
    "href" : "${contextPath}types/processes/itk_getsecondaryqueuetransactions"
  }, {
    "rel" : "http://identifiers.emc.com/linkrel/instances",
    "href" : "${contextPath}processes/itk_getsecondaryqueuetransactions"
  }, {
    "rel" : "http://identifiers.emc.com/linkrel/halt"
  }, {
    "rel" : "http://identifiers.emc.com/linkrel/resume"
  }, {
    "rel" : "http://identifiers.emc.com/linkrel/terminate"
  }, {
    "rel" : "http://identifiers.emc.com/linkrel/tasks"
  }, {
    "rel" : "http://identifiers.emc.com/linkrel/attachments"
  } ]
}