{
  "cls" : "itk_cognasys_auto_cognasys_metadata_f",
  "padding" : "0",
  "border" : false,
  "xtype" : "xcp_form",
  "modelImmutable" : true,
  "models" : [ "itk_cognasys_auto" ],
  "items" : [ {
    "xtype" : "xcp_action_container",
    "actions" : [ {
      "xcpId" : "def_inv_af_1",
      "actionType" : "xcp_action_flow_launcher",
      "actionFlowId" : "xcp_def_inv_af",
      "objectType" : "APPLICATION",
      "wizardConfig" : {
        "height" : 450,
        "width" : 800,
        "modal" : true,
        "autoScroll" : true,
        "title" : "${_UI_Default_Import_New_Version_Action_Flow_Default_Import_New_Version_Action_Flow_label}"
      },
      "plugins" : [ {
        "ptype" : "xcp_expression_properties",
        "expression" : [ {
          "propertyId" : "r_object_type",
          "setterFunName" : "setInputProperty",
          "etype" : "itk_cognasys_metadata_f_def_inv_af_1_r_object_type_1",
          "events" : [ "itk_cognasys_auto.change", "itk_cognasys_auto.load" ],
          "disableInitialEval" : false
        }, {
          "propertyId" : "r_object_id",
          "setterFunName" : "setInputProperty",
          "etype" : "itk_cognasys_metadata_f_def_inv_af_1_r_object_id_1",
          "events" : [ "itk_cognasys_auto.change", "itk_cognasys_auto.load" ],
          "disableInitialEval" : false
        } ],
        "mapping" : {
        }
      } ]
    }, {
      "xcpId" : "da_def_delete_cognasys_auto_1",
      "actionModel" : "itk_da_def_delete_cognasys_auto",
      "actionType" : "delete",
      "plugins" : [ {
        "ptype" : "xcp_expression_properties",
        "expression" : [ {
          "propertyId" : "id",
          "setterFunName" : "setInputProperty",
          "etype" : "itk_cognasys_metadata_f_da_def_delete_cognasys_auto_1_id_1",
          "events" : [ "itk_cognasys_auto.change", "itk_cognasys_auto.load" ],
          "disableInitialEval" : false
        } ],
        "mapping" : {
        }
      } ]
    } ]
  }, {
    "xtype" : "xcp_uievent_publisher",
    "plugins" : [ {
      "ptype" : "xcp_publish_uievents",
      "publish" : [ ]
    } ]
  }, {
    "xtype" : "xcp_fragment_input",
    "plugins" : [ {
      "ptype" : "xcp_expression_properties",
      "expression" : [ ]
    } ]
  }, {
    "xcpId" : "column_box4",
    "xtype" : "xcp_column_box",
    "collapsible" : false,
    "collapsed" : false,
    "collapseFirst" : true,
    "border" : false,
    "defaultMargins" : "5",
    "layout" : "xcp_columnbox",
    "items" : [ {
      "xcpId" : "columnvbox3",
      "xtype" : "xcp_columnvbox",
      "orientation" : "Vertical",
      "width" : "100%",
      "overflow_x" : "hidden",
      "labelWidth" : 150,
      "labelAlign" : "left",
      "halign" : "left",
      "valign" : "top",
      "defaultMargins" : "5",
      "items" : [ {
        "xcpId" : "abort_reason",
        "xtype" : "xcp_value_display",
        "fieldLabel" : "${_UI_Page_itk_cognasys_metadata_f_abort_reason_fieldLabel}",
        "valueType" : "STRING",
        "isRepeating" : false,
        "name" : "itk_cognasys_auto@abort_reason"
      }, {
        "xcpId" : "account_tax_id",
        "xtype" : "xcp_value_display",
        "fieldLabel" : "${_UI_Page_itk_cognasys_metadata_f_account_tax_id_fieldLabel}",
        "valueType" : "STRING",
        "isRepeating" : false,
        "name" : "itk_cognasys_auto@account_tax_id"
      }, {
        "xcpId" : "address_1",
        "xtype" : "xcp_value_display",
        "fieldLabel" : "${_UI_Page_itk_cognasys_metadata_f_address_1_fieldLabel}",
        "valueType" : "STRING",
        "isRepeating" : false,
        "name" : "itk_cognasys_auto@address_1"
      }, {
        "xcpId" : "address_2",
        "xtype" : "xcp_value_display",
        "fieldLabel" : "${_UI_Page_itk_cognasys_metadata_f_address_2_fieldLabel}",
        "valueType" : "STRING",
        "isRepeating" : false,
        "name" : "itk_cognasys_auto@address_2"
      }, {
        "xcpId" : "agent_address_1",
        "xtype" : "xcp_value_display",
        "fieldLabel" : "${_UI_Page_itk_cognasys_metadata_f_agent_address_1_fieldLabel}",
        "valueType" : "STRING",
        "isRepeating" : false,
        "name" : "itk_cognasys_auto@agent_address_1"
      }, {
        "xcpId" : "agent_address_2",
        "xtype" : "xcp_value_display",
        "fieldLabel" : "${_UI_Page_itk_cognasys_metadata_f_agent_address_2_fieldLabel}",
        "valueType" : "STRING",
        "isRepeating" : false,
        "name" : "itk_cognasys_auto@agent_address_2"
      }, {
        "xcpId" : "agent_city",
        "xtype" : "xcp_value_display",
        "fieldLabel" : "${_UI_Page_itk_cognasys_metadata_f_agent_city_fieldLabel}",
        "valueType" : "STRING",
        "isRepeating" : false,
        "name" : "itk_cognasys_auto@agent_city"
      }, {
        "xcpId" : "agent_email",
        "xtype" : "xcp_value_display",
        "fieldLabel" : "${_UI_Page_itk_cognasys_metadata_f_agent_email_fieldLabel}",
        "valueType" : "STRING",
        "isRepeating" : false,
        "name" : "itk_cognasys_auto@agent_email"
      }, {
        "xcpId" : "agent_phone_ext",
        "xtype" : "xcp_value_display",
        "fieldLabel" : "${_UI_Page_itk_cognasys_metadata_f_agent_phone_ext_fieldLabel}",
        "valueType" : "STRING",
        "isRepeating" : false,
        "name" : "itk_cognasys_auto@agent_phone_ext"
      }, {
        "xcpId" : "agent_fax",
        "xtype" : "xcp_value_display",
        "fieldLabel" : "${_UI_Page_itk_cognasys_metadata_f_agent_fax_fieldLabel}",
        "valueType" : "STRING",
        "isRepeating" : false,
        "name" : "itk_cognasys_auto@agent_fax"
      }, {
        "xcpId" : "agent_fax_ext",
        "xtype" : "xcp_value_display",
        "fieldLabel" : "${_UI_Page_itk_cognasys_metadata_f_agent_fax_ext_fieldLabel}",
        "valueType" : "STRING",
        "isRepeating" : false,
        "name" : "itk_cognasys_auto@agent_fax_ext"
      }, {
        "xcpId" : "agent_name",
        "xtype" : "xcp_value_display",
        "fieldLabel" : "${_UI_Page_itk_cognasys_metadata_f_agent_name_fieldLabel}",
        "valueType" : "STRING",
        "isRepeating" : false,
        "name" : "itk_cognasys_auto@agent_name"
      }, {
        "xcpId" : "agent_phone",
        "xtype" : "xcp_value_display",
        "fieldLabel" : "${_UI_Page_itk_cognasys_metadata_f_agent_phone_fieldLabel}",
        "valueType" : "STRING",
        "isRepeating" : false,
        "name" : "itk_cognasys_auto@agent_phone"
      }, {
        "xcpId" : "agent_state",
        "xtype" : "xcp_value_display",
        "fieldLabel" : "${_UI_Page_itk_cognasys_metadata_f_agent_state_fieldLabel}",
        "valueType" : "STRING",
        "isRepeating" : false,
        "name" : "itk_cognasys_auto@agent_state"
      }, {
        "xcpId" : "agent_zip",
        "xtype" : "xcp_value_display",
        "fieldLabel" : "${_UI_Page_itk_cognasys_metadata_f_agent_zip_fieldLabel}",
        "valueType" : "STRING",
        "isRepeating" : false,
        "name" : "itk_cognasys_auto@agent_zip"
      }, {
        "xcpId" : "audit_date",
        "xtype" : "xcp_value_display",
        "fieldLabel" : "${_UI_Page_itk_cognasys_metadata_f_audit_date_fieldLabel}",
        "valueType" : "DATETIME",
        "isRepeating" : false,
        "format" : {
          "xtype" : "xcp_datetime_formatter",
          "dateFormat" : "short",
          "timeFormat" : "short",
          "dateStyle" : "datetime"
        },
        "name" : "itk_cognasys_auto@audit_date"
      }, {
        "xcpId" : "audit_flag",
        "xtype" : "xcp_value_display",
        "fieldLabel" : "${_UI_Page_itk_cognasys_metadata_f_audit_flag_fieldLabel}",
        "valueType" : "INTEGER",
        "isRepeating" : false,
        "format" : {
          "xtype" : "xcp_integer_formatter",
          "decimalPrecision" : 0,
          "useThousandSeparator" : true,
          "separatorStyle" : "LOCALE",
          "negativeNumberStyle" : "FORMAT_MINUS_SIGN_STYLE_NONE"
        },
        "name" : "itk_cognasys_auto@audit_flag"
      }, {
        "xcpId" : "auditor",
        "xtype" : "xcp_value_display",
        "fieldLabel" : "${_UI_Page_itk_cognasys_metadata_f_auditor_fieldLabel}",
        "valueType" : "STRING",
        "isRepeating" : false,
        "name" : "itk_cognasys_auto@auditor"
      }, {
        "xcpId" : "batch_number",
        "xtype" : "xcp_value_display",
        "fieldLabel" : "${_UI_Page_itk_cognasys_metadata_f_batch_number_fieldLabel}",
        "valueType" : "STRING",
        "isRepeating" : false,
        "name" : "itk_cognasys_auto@batch_number"
      }, {
        "xcpId" : "bodily_injury_per_occ",
        "xtype" : "xcp_value_display",
        "fieldLabel" : "${_UI_Page_itk_cognasys_metadata_f_bodily_injury_per_occ_fieldLabel}",
        "valueType" : "FLOAT",
        "isRepeating" : false,
        "format" : {
          "xtype" : "xcp_float_formatter",
          "decimalPrecision" : 2,
          "useThousandSeparator" : true,
          "separatorStyle" : "LOCALE",
          "negativeNumberStyle" : "FORMAT_MINUS_SIGN_STYLE_NONE"
        },
        "name" : "itk_cognasys_auto@bodily_injury_per_occ"
      }, {
        "xcpId" : "bodily_injury_per_person",
        "xtype" : "xcp_value_display",
        "fieldLabel" : "${_UI_Page_itk_cognasys_metadata_f_bodily_injury_per_person_fieldLabel}",
        "valueType" : "FLOAT",
        "isRepeating" : false,
        "format" : {
          "xtype" : "xcp_float_formatter",
          "decimalPrecision" : 2,
          "useThousandSeparator" : true,
          "separatorStyle" : "LOCALE",
          "negativeNumberStyle" : "FORMAT_MINUS_SIGN_STYLE_NONE"
        },
        "name" : "itk_cognasys_auto@bodily_injury_per_person"
      }, {
        "xcpId" : "borrower_name",
        "xtype" : "xcp_value_display",
        "fieldLabel" : "${_UI_Page_itk_cognasys_metadata_f_borrower_name_fieldLabel}",
        "valueType" : "STRING",
        "isRepeating" : false,
        "name" : "itk_cognasys_auto@borrower_name"
      }, {
        "xcpId" : "cancel_date",
        "xtype" : "xcp_value_display",
        "fieldLabel" : "${_UI_Page_itk_cognasys_metadata_f_cancel_date_fieldLabel}",
        "valueType" : "DATETIME",
        "isRepeating" : false,
        "format" : {
          "xtype" : "xcp_datetime_formatter",
          "dateFormat" : "short",
          "timeFormat" : "short",
          "dateStyle" : "datetime"
        },
        "name" : "itk_cognasys_auto@cancel_date"
      }, {
        "xcpId" : "city",
        "xtype" : "xcp_value_display",
        "fieldLabel" : "${_UI_Page_itk_cognasys_metadata_f_city_fieldLabel}",
        "valueType" : "STRING",
        "isRepeating" : false,
        "name" : "itk_cognasys_auto@city"
      }, {
        "xcpId" : "delivery_date",
        "xtype" : "xcp_value_display",
        "fieldLabel" : "${_UI_Page_itk_cognasys_metadata_f_delivery_date_fieldLabel}",
        "valueType" : "DATETIME",
        "isRepeating" : false,
        "format" : {
          "xtype" : "xcp_datetime_formatter",
          "dateFormat" : "short",
          "timeFormat" : "short",
          "dateStyle" : "datetime"
        },
        "name" : "itk_cognasys_auto@delivery_date"
      }, {
        "xcpId" : "cog_comment",
        "xtype" : "xcp_value_display",
        "fieldLabel" : "${_UI_Page_itk_cognasys_metadata_f_cog_comment_fieldLabel}",
        "valueType" : "STRING",
        "isRepeating" : false,
        "name" : "itk_cognasys_auto@cog_comment"
      }, {
        "xcpId" : "collateral_id",
        "xtype" : "xcp_value_display",
        "fieldLabel" : "${_UI_Page_itk_cognasys_metadata_f_collateral_id_fieldLabel}",
        "valueType" : "STRING",
        "isRepeating" : false,
        "name" : "itk_cognasys_auto@collateral_id"
      }, {
        "xcpId" : "collateral_make",
        "xtype" : "xcp_value_display",
        "fieldLabel" : "${_UI_Page_itk_cognasys_metadata_f_collateral_make_fieldLabel}",
        "valueType" : "STRING",
        "isRepeating" : false,
        "name" : "itk_cognasys_auto@collateral_make"
      }, {
        "xcpId" : "collateral_model",
        "xtype" : "xcp_value_display",
        "fieldLabel" : "${_UI_Page_itk_cognasys_metadata_f_collateral_model_fieldLabel}",
        "valueType" : "STRING",
        "isRepeating" : false,
        "name" : "itk_cognasys_auto@collateral_model"
      }, {
        "xcpId" : "collateral_year",
        "xtype" : "xcp_value_display",
        "fieldLabel" : "${_UI_Page_itk_cognasys_metadata_f_collateral_year_fieldLabel}",
        "valueType" : "STRING",
        "isRepeating" : false,
        "name" : "itk_cognasys_auto@collateral_year"
      }, {
        "xcpId" : "coll_cvg",
        "xtype" : "xcp_value_display",
        "fieldLabel" : "${_UI_Page_itk_cognasys_metadata_f_coll_cvg_fieldLabel}",
        "valueType" : "STRING",
        "isRepeating" : false,
        "name" : "itk_cognasys_auto@coll_cvg"
      }, {
        "xcpId" : "coll_deduct",
        "xtype" : "xcp_value_display",
        "fieldLabel" : "${_UI_Page_itk_cognasys_metadata_f_coll_deduct_fieldLabel}",
        "valueType" : "INTEGER",
        "isRepeating" : false,
        "format" : {
          "xtype" : "xcp_integer_formatter",
          "decimalPrecision" : 0,
          "useThousandSeparator" : true,
          "separatorStyle" : "LOCALE",
          "negativeNumberStyle" : "FORMAT_MINUS_SIGN_STYLE_NONE"
        },
        "name" : "itk_cognasys_auto@coll_deduct"
      }, {
        "xcpId" : "company",
        "xtype" : "xcp_value_display",
        "fieldLabel" : "${_UI_Page_itk_cognasys_metadata_f_company_fieldLabel}",
        "valueType" : "STRING",
        "isRepeating" : false,
        "name" : "itk_cognasys_auto@company"
      }, {
        "xcpId" : "comp_cvg",
        "xtype" : "xcp_value_display",
        "fieldLabel" : "${_UI_Page_itk_cognasys_metadata_f_comp_cvg_fieldLabel}",
        "valueType" : "STRING",
        "isRepeating" : false,
        "name" : "itk_cognasys_auto@comp_cvg"
      }, {
        "xcpId" : "comp_deduct",
        "xtype" : "xcp_value_display",
        "fieldLabel" : "${_UI_Page_itk_cognasys_metadata_f_comp_deduct_fieldLabel}",
        "valueType" : "INTEGER",
        "isRepeating" : false,
        "format" : {
          "xtype" : "xcp_integer_formatter",
          "decimalPrecision" : 0,
          "useThousandSeparator" : true,
          "separatorStyle" : "LOCALE",
          "negativeNumberStyle" : "FORMAT_MINUS_SIGN_STYLE_NONE"
        },
        "name" : "itk_cognasys_auto@comp_deduct"
      }, {
        "xcpId" : "delivery_code",
        "xtype" : "xcp_value_display",
        "fieldLabel" : "${_UI_Page_itk_cognasys_metadata_f_delivery_code_fieldLabel}",
        "valueType" : "STRING",
        "isRepeating" : false,
        "name" : "itk_cognasys_auto@delivery_code"
      }, {
        "xcpId" : "document_number",
        "xtype" : "xcp_value_display",
        "fieldLabel" : "${_UI_Page_itk_cognasys_metadata_f_document_number_fieldLabel}",
        "valueType" : "STRING",
        "isRepeating" : false,
        "name" : "itk_cognasys_auto@document_number"
      }, {
        "xcpId" : "doc_source",
        "xtype" : "xcp_value_display",
        "fieldLabel" : "${_UI_Page_itk_cognasys_metadata_f_doc_source_fieldLabel}",
        "valueType" : "STRING",
        "isRepeating" : false,
        "name" : "itk_cognasys_auto@doc_source"
      }, {
        "xcpId" : "doc_status",
        "xtype" : "xcp_value_display",
        "fieldLabel" : "${_UI_Page_itk_cognasys_metadata_f_doc_status_fieldLabel}",
        "valueType" : "INTEGER",
        "isRepeating" : false,
        "format" : {
          "xtype" : "xcp_integer_formatter",
          "decimalPrecision" : 0,
          "useThousandSeparator" : true,
          "separatorStyle" : "LOCALE",
          "negativeNumberStyle" : "FORMAT_MINUS_SIGN_STYLE_NONE"
        },
        "name" : "itk_cognasys_auto@doc_status"
      }, {
        "xcpId" : "effective_date",
        "xtype" : "xcp_value_display",
        "fieldLabel" : "${_UI_Page_itk_cognasys_metadata_f_effective_date_fieldLabel}",
        "valueType" : "DATETIME",
        "isRepeating" : false,
        "format" : {
          "xtype" : "xcp_datetime_formatter",
          "dateFormat" : "short",
          "timeFormat" : "short",
          "dateStyle" : "datetime"
        },
        "name" : "itk_cognasys_auto@effective_date"
      }, {
        "xcpId" : "expiration_date",
        "xtype" : "xcp_value_display",
        "fieldLabel" : "${_UI_Page_itk_cognasys_metadata_f_expiration_date_fieldLabel}",
        "valueType" : "DATETIME",
        "isRepeating" : false,
        "format" : {
          "xtype" : "xcp_datetime_formatter",
          "dateFormat" : "short",
          "timeFormat" : "short",
          "dateStyle" : "datetime"
        },
        "name" : "itk_cognasys_auto@expiration_date"
      }, {
        "xcpId" : "form_desc",
        "xtype" : "xcp_value_display",
        "fieldLabel" : "${_UI_Page_itk_cognasys_metadata_f_form_desc_fieldLabel}",
        "valueType" : "STRING",
        "isRepeating" : false,
        "name" : "itk_cognasys_auto@form_desc"
      }, {
        "xcpId" : "group_role",
        "xtype" : "xcp_value_display",
        "fieldLabel" : "${_UI_Page_itk_cognasys_metadata_f_group_role_fieldLabel}",
        "valueType" : "STRING",
        "isRepeating" : false,
        "name" : "itk_cognasys_auto@group_role"
      }, {
        "xcpId" : "impairment_code",
        "xtype" : "xcp_value_display",
        "fieldLabel" : "${_UI_Page_itk_cognasys_metadata_f_impairment_code_fieldLabel}",
        "valueType" : "STRING",
        "isRepeating" : false,
        "name" : "itk_cognasys_auto@impairment_code"
      }, {
        "xcpId" : "insur_type",
        "xtype" : "xcp_value_display",
        "fieldLabel" : "${_UI_Page_itk_cognasys_metadata_f_insur_type_fieldLabel}",
        "valueType" : "STRING",
        "isRepeating" : false,
        "name" : "itk_cognasys_auto@insur_type"
      }, {
        "xcpId" : "issue_date",
        "xtype" : "xcp_value_display",
        "fieldLabel" : "${_UI_Page_itk_cognasys_metadata_f_issue_date_fieldLabel}",
        "valueType" : "DATETIME",
        "isRepeating" : false,
        "format" : {
          "xtype" : "xcp_datetime_formatter",
          "dateFormat" : "short",
          "timeFormat" : "short",
          "dateStyle" : "datetime"
        },
        "name" : "itk_cognasys_auto@issue_date"
      }, {
        "xcpId" : "lienholder_name",
        "xtype" : "xcp_value_display",
        "fieldLabel" : "${_UI_Page_itk_cognasys_metadata_f_lienholder_name_fieldLabel}",
        "valueType" : "STRING",
        "isRepeating" : false,
        "name" : "itk_cognasys_auto@lienholder_name"
      }, {
        "xcpId" : "mqc_id",
        "xtype" : "xcp_value_display",
        "fieldLabel" : "${_UI_Page_itk_cognasys_metadata_f_mqc_id_fieldLabel}",
        "valueType" : "STRING",
        "isRepeating" : false,
        "name" : "itk_cognasys_auto@mqc_id"
      }, {
        "xcpId" : "operator_id",
        "xtype" : "xcp_value_display",
        "fieldLabel" : "${_UI_Page_itk_cognasys_metadata_f_operator_id_fieldLabel}",
        "valueType" : "STRING",
        "isRepeating" : false,
        "name" : "itk_cognasys_auto@operator_id"
      }, {
        "xcpId" : "process",
        "xtype" : "xcp_value_display",
        "fieldLabel" : "${_UI_Page_itk_cognasys_metadata_f_process_fieldLabel}",
        "valueType" : "STRING",
        "isRepeating" : false,
        "name" : "itk_cognasys_auto@process"
      }, {
        "xcpId" : "proc_date",
        "xtype" : "xcp_value_display",
        "fieldLabel" : "${_UI_Page_itk_cognasys_metadata_f_proc_date_fieldLabel}",
        "valueType" : "DATETIME",
        "isRepeating" : false,
        "format" : {
          "xtype" : "xcp_datetime_formatter",
          "dateFormat" : "short",
          "timeFormat" : "short",
          "dateStyle" : "datetime"
        },
        "name" : "itk_cognasys_auto@proc_date"
      }, {
        "xcpId" : "property_damage_per_occ",
        "xtype" : "xcp_value_display",
        "fieldLabel" : "${_UI_Page_itk_cognasys_metadata_f_property_damage_per_occ_fieldLabel}",
        "valueType" : "FLOAT",
        "isRepeating" : false,
        "format" : {
          "xtype" : "xcp_float_formatter",
          "decimalPrecision" : 2,
          "useThousandSeparator" : true,
          "separatorStyle" : "LOCALE",
          "negativeNumberStyle" : "FORMAT_MINUS_SIGN_STYLE_NONE"
        },
        "name" : "itk_cognasys_auto@property_damage_per_occ"
      }, {
        "xcpId" : "qc_id",
        "xtype" : "xcp_value_display",
        "fieldLabel" : "${_UI_Page_itk_cognasys_metadata_f_qc_id_fieldLabel}",
        "valueType" : "STRING",
        "isRepeating" : false,
        "name" : "itk_cognasys_auto@qc_id"
      }, {
        "xcpId" : "rein_eff_date",
        "xtype" : "xcp_value_display",
        "fieldLabel" : "${_UI_Page_itk_cognasys_metadata_f_rein_eff_date_fieldLabel}",
        "valueType" : "DATETIME",
        "isRepeating" : false,
        "format" : {
          "xtype" : "xcp_datetime_formatter",
          "dateFormat" : "short",
          "timeFormat" : "short",
          "dateStyle" : "datetime"
        },
        "name" : "itk_cognasys_auto@rein_eff_date"
      }, {
        "xcpId" : "scan_date",
        "xtype" : "xcp_value_display",
        "fieldLabel" : "${_UI_Page_itk_cognasys_metadata_f_scan_date_fieldLabel}",
        "valueType" : "DATETIME",
        "isRepeating" : false,
        "format" : {
          "xtype" : "xcp_datetime_formatter",
          "dateFormat" : "short",
          "timeFormat" : "short",
          "dateStyle" : "datetime"
        },
        "name" : "itk_cognasys_auto@scan_date"
      }, {
        "xcpId" : "second_name",
        "xtype" : "xcp_value_display",
        "fieldLabel" : "${_UI_Page_itk_cognasys_metadata_f_second_name_fieldLabel}",
        "valueType" : "STRING",
        "isRepeating" : false,
        "name" : "itk_cognasys_auto@second_name"
      }, {
        "xcpId" : "sequence_number",
        "xtype" : "xcp_value_display",
        "fieldLabel" : "${_UI_Page_itk_cognasys_metadata_f_sequence_number_fieldLabel}",
        "valueType" : "INTEGER",
        "isRepeating" : false,
        "format" : {
          "xtype" : "xcp_integer_formatter",
          "decimalPrecision" : 0,
          "useThousandSeparator" : true,
          "separatorStyle" : "LOCALE",
          "negativeNumberStyle" : "FORMAT_MINUS_SIGN_STYLE_NONE"
        },
        "name" : "itk_cognasys_auto@sequence_number"
      }, {
        "xcpId" : "state_name",
        "xtype" : "xcp_value_display",
        "fieldLabel" : "${_UI_Page_itk_cognasys_metadata_f_state_name_fieldLabel}",
        "valueType" : "STRING",
        "isRepeating" : false,
        "name" : "itk_cognasys_auto@state_name"
      }, {
        "xcpId" : "straw_name",
        "xtype" : "xcp_value_display",
        "fieldLabel" : "${_UI_Page_itk_cognasys_metadata_f_straw_name_fieldLabel}",
        "valueType" : "STRING",
        "isRepeating" : false,
        "name" : "itk_cognasys_auto@straw_name"
      }, {
        "xcpId" : "tp_taxpayer_id",
        "xtype" : "xcp_value_display",
        "fieldLabel" : "${_UI_Page_itk_cognasys_metadata_f_tp_taxpayer_id_fieldLabel}",
        "valueType" : "STRING",
        "isRepeating" : false,
        "name" : "itk_cognasys_auto@tp_taxpayer_id"
      }, {
        "xcpId" : "trans_code",
        "xtype" : "xcp_value_display",
        "fieldLabel" : "${_UI_Page_itk_cognasys_metadata_f_trans_code_fieldLabel}",
        "valueType" : "STRING",
        "isRepeating" : false,
        "name" : "itk_cognasys_auto@trans_code"
      }, {
        "xcpId" : "tran_date",
        "xtype" : "xcp_value_display",
        "fieldLabel" : "${_UI_Page_itk_cognasys_metadata_f_tran_date_fieldLabel}",
        "valueType" : "DATETIME",
        "isRepeating" : false,
        "format" : {
          "xtype" : "xcp_datetime_formatter",
          "dateFormat" : "short",
          "timeFormat" : "short",
          "dateStyle" : "datetime"
        },
        "name" : "itk_cognasys_auto@tran_date"
      }, {
        "xcpId" : "isa_transmit_date",
        "xtype" : "xcp_value_display",
        "fieldLabel" : "${_UI_Page_itk_cognasys_metadata_f_isa_transmit_date_fieldLabel}",
        "valueType" : "DATETIME",
        "isRepeating" : false,
        "format" : {
          "xtype" : "xcp_datetime_formatter",
          "dateFormat" : "short",
          "timeFormat" : "short",
          "dateStyle" : "datetime"
        },
        "name" : "itk_cognasys_auto@isa_transmit_date"
      }, {
        "xcpId" : "unins_motorist_per_occ",
        "xtype" : "xcp_value_display",
        "fieldLabel" : "${_UI_Page_itk_cognasys_metadata_f_unins_motorist_per_occ_fieldLabel}",
        "valueType" : "FLOAT",
        "isRepeating" : false,
        "format" : {
          "xtype" : "xcp_float_formatter",
          "decimalPrecision" : 2,
          "useThousandSeparator" : true,
          "separatorStyle" : "LOCALE",
          "negativeNumberStyle" : "FORMAT_MINUS_SIGN_STYLE_NONE"
        },
        "name" : "itk_cognasys_auto@unins_motorist_per_occ"
      }, {
        "xcpId" : "unins_motorist_per_person",
        "xtype" : "xcp_value_display",
        "fieldLabel" : "${_UI_Page_itk_cognasys_metadata_f_unins_motorist_per_person_fieldLabel}",
        "valueType" : "FLOAT",
        "isRepeating" : false,
        "format" : {
          "xtype" : "xcp_float_formatter",
          "decimalPrecision" : 2,
          "useThousandSeparator" : true,
          "separatorStyle" : "LOCALE",
          "negativeNumberStyle" : "FORMAT_MINUS_SIGN_STYLE_NONE"
        },
        "name" : "itk_cognasys_auto@unins_motorist_per_person"
      }, {
        "xcpId" : "vfy_id",
        "xtype" : "xcp_value_display",
        "fieldLabel" : "${_UI_Page_itk_cognasys_metadata_f_vfy_id_fieldLabel}",
        "valueType" : "STRING",
        "isRepeating" : false,
        "name" : "itk_cognasys_auto@vfy_id"
      }, {
        "xcpId" : "zip",
        "xtype" : "xcp_value_display",
        "fieldLabel" : "${_UI_Page_itk_cognasys_metadata_f_zip_fieldLabel}",
        "valueType" : "STRING",
        "isRepeating" : false,
        "name" : "itk_cognasys_auto@zip"
      } ]
    } ]
  } ]
}