<?xml version="1.0" encoding="UTF-8" standalone="yes"?>
<ApplicationConfiguration application-name="itrak" namespace="itk" version="1.0.0" description="">
    <configuration type="DatabaseEndpoint" name="bam_db" namespace="itk" id="com.emc.xcp.artifact.endpoint">
        <property name="description"></property>
        <property name="driver">com.microsoft.sqlserver.jdbc.SQLServerDriver</property>
        <property name="connectionURL">jdbc:sqlserver://B-AGBPM1:1433;databaseName=DM_swbc_docb_bam;</property>
        <property name="username">swbc_edms_admin</property>
        <property name="password">DM_ENCR_TEXT_V2=AAAAENd6k4UFlSoLoscPP76d1ROXiyMxBklgrblpYyGu34SdhCLzoKqVGP/htixnhO/Pz/Wvm3Cwmy+tflvotceOH1y7XYCmCgHDhyZzf0tjOa82sSvT8zb4lSfHmqZ0eb9A0Q==</property>
    </configuration>
    <configuration type="WORKQUEUE" name="auto_impairments" namespace="itk" id="com.emc.xcp.artifact.appparameter">
        <property name="value">auto impairments</property>
    </configuration>
    <configuration type="WORKQUEUE" name="auto_data_integrity" namespace="itk" id="com.emc.xcp.artifact.appparameter">
        <property name="value">auto data integrity</property>
    </configuration>
    <configuration type="WebserviceEndpoint" name="viewertokenservice" namespace="itk" id="com.emc.xcp.artifact.endpoint">
        <property name="description"></property>
        <property name="wsdlURL">https://B-docViewer2.swbc.com/TokenCreation.svc?wsdl</property>
        <property name="username"></property>
        <property name="password"></property>
    </configuration>
    <configuration type="BOOLEAN" name="enablescanidchk" namespace="itk" id="com.emc.xcp.artifact.appparameter">
        <property name="value">true</property>
    </configuration>
    <configuration type="STRING" name="reconciliationrepor" namespace="itk" id="com.emc.xcp.artifact.appparameter">
        <property name="value">iTrak Reconciliation Report</property>
    </configuration>
    <configuration type="STRING" name="docviewerprefix" namespace="itk" id="com.emc.xcp.artifact.appparameter">
        <property name="value">https://B-docviewer2.swbc.com</property>
    </configuration>
    <configuration type="BOOLEAN" name="enable_qc" namespace="itk" id="com.emc.xcp.artifact.appparameter">
        <property name="value">true</property>
    </configuration>
    <configuration type="RepositoryEndpoint" name="swbc_bpm_docbase" namespace="itk" id="com.emc.xcp.artifact.endpoint">
        <property name="description"></property>
        <property name="docbrokerHostName">B-APPBPMCS1-V</property>
        <property name="docbrokerPort">1489</property>
        <property name="repositoryName">SWBCiTrak</property>
        <property name="username">SABeta_bpmcs</property>
        <property name="password">DM_ENCR_TEXT_V2=AAAAEC6MyNPYE863gHITqQpKz42d85vAWbVZ6gLZqEHThY0B6sEb+lItHZKlN6pjxCq7anfwPXfTmqv7iPHRFuO2y5Lc9YP2EIUWjPgWOHOr2wwtu4wLO+eBw2zwDoKhXLiM0w==</property>
        <property name="domain"></property>
    </configuration>
    <configuration type="WORKQUEUE" name="auto_cancellation" namespace="itk" id="com.emc.xcp.artifact.appparameter">
        <property name="value">auto cancellation</property>
    </configuration>
    <configuration type="EmailEndpoint" name="email" namespace="itk" id="com.emc.xcp.artifact.endpoint">
        <property name="description"></property>
        <property name="hostname">smtp.swbc.local</property>
        <property name="port">25</property>
        <property name="username"></property>
        <property name="password"></property>
        <property name="encryption">None</property>
    </configuration>
    <configuration type="BOOLEAN" name="imcoveredprocessena" namespace="itk" id="com.emc.xcp.artifact.appparameter">
        <property name="value">true</property>
    </configuration>
    <configuration type="INTEGER" name="imcovered_qc_level" namespace="itk" id="com.emc.xcp.artifact.appparameter">
        <property name="value">10</property>
    </configuration>
    <configuration type="DatabaseEndpoint" name="as400_replica_db" namespace="itk" id="com.emc.xcp.artifact.endpoint">
        <property name="description">D-DBCS1-V</property>
        <property name="driver">com.microsoft.sqlserver.jdbc.SQLServerDriver</property>
        <property name="connectionURL">jdbc:sqlserver://B-AGBPM1:1433;</property>
        <property name="username">swbc_edms</property>
        <property name="password">DM_ENCR_TEXT_V2=AAAAEI/bjGckGGdDY5zi/OqJCwDJ3dENYR8BHh+ewzmrydfzdufBYoJHOaElT63USlou6ls4IOpVMFx6U4QOwB8pIOMRSs+XwgaDof0osfLcOcAEDHakTaqfy1yGSUJCPmGE7A==</property>
    </configuration>
    <configuration type="WORKQUEUE" name="auto_stale_check" namespace="itk" id="com.emc.xcp.artifact.appparameter">
        <property name="value">auto stale check</property>
    </configuration>
    <configuration type="DatabaseEndpoint" name="docbasedirectsqlcon" namespace="itk" id="com.emc.xcp.artifact.endpoint">
        <property name="description"></property>
        <property name="driver">com.microsoft.sqlserver.jdbc.SQLServerDriver</property>
        <property name="connectionURL">jdbc:sqlserver://B-AGBPM1:1433;databaseName=DM_swbc_docb;</property>
        <property name="username">swbc_edms</property>
        <property name="password">DM_ENCR_TEXT_V2=AAAAEGVEdtiob32J4BOKp5qtMWGI0lWUQe+XbgiMiLzPRGDEhpeCPdrpCy0nikEoJ56TdCYXBxdlezFPUOFihHvWI7gxO5QBAjS+xQmMu99uPlCAkdsqW4waXedJXqcZ4dN8gw==</property>
    </configuration>
    <configuration type="BOOLEAN" name="javatraceenabled" namespace="itk" id="com.emc.xcp.artifact.appparameter">
        <property name="value">true</property>
    </configuration>
    <configuration type="HTTPEndpoint" name="accountlookupservic" namespace="itk" id="com.emc.xcp.artifact.endpoint">
        <property name="description"></property>
        <property name="url">http://Q-dqmf.swbc.local/api/getaccounts/</property>
        <property name="username"></property>
        <property name="password"></property>
    </configuration>
    <configuration type="STRING" name="agingreportfolder" namespace="itk" id="com.emc.xcp.artifact.appparameter">
        <property name="value">iTrak Aging Report</property>
    </configuration>
    <configuration type="WebserviceEndpoint" name="calltagprovider" namespace="itk" id="com.emc.xcp.artifact.endpoint">
        <property name="description"></property>
        <property name="wsdlURL">https://B-webservices.swbc.com/Dialer/Tracker/Service.svc?wsdl</property>
        <property name="username"></property>
        <property name="password"></property>
    </configuration>
    <configuration type="STRING" name="swbcviewerprefix" namespace="itk" id="com.emc.xcp.artifact.appparameter">
        <property name="value">https://B-docviewer2.swbc.com</property>
    </configuration>
    <configuration type="WORKQUEUE" name="auto_billing_edits" namespace="itk" id="com.emc.xcp.artifact.appparameter">
        <property name="value">auto billing edits</property>
    </configuration>
    <configuration type="STRING" name="as400outputreportfo" namespace="itk" id="com.emc.xcp.artifact.appparameter">
        <property name="value">iTrak AS400 Output Report</property>
    </configuration>
    <configuration type="STRING" name="query_precision" namespace="itk" id="com.emc.xcp.artifact.appparameter">
        <property name="value">second</property>
    </configuration>
    <configuration type="STRING" name="accountlookupurl" namespace="itk" id="com.emc.xcp.artifact.appparameter">
        <property name="value">http://Q-dqmf.swbc.local/api/getaccounts/</property>
    </configuration>
</ApplicationConfiguration>
