<?xml version="1.0" encoding="UTF-8" standalone="yes"?>
<ApplicationConfiguration application-name="itrak" namespace="itk" version="1.0.0" description="">
    <configuration type="HTTPEndpoint" name="accountlookupservic" namespace="itk" id="com.emc.xcp.artifact.endpoint">
        <property name="description"></property>
        <property name="url">http://d-dqmf.swbc.local/api/getaccounts/</property>
        <property name="username"></property>
        <property name="password"></property>
    </configuration>
    <configuration type="WORKQUEUE" name="auto_billing_edits" namespace="itk" id="com.emc.xcp.artifact.appparameter">
        <property name="value">auto billing edits</property>
    </configuration>
    <configuration type="DatabaseEndpoint" name="as400_replica_db" namespace="itk" id="com.emc.xcp.artifact.endpoint">
        <property name="description">D-DBCS1-V</property>
        <property name="driver">com.microsoft.sqlserver.jdbc.SQLServerDriver</property>
        <property name="connectionURL">jdbc:sqlserver://D-DBBPM1-V:1433;</property>
        <property name="username">swbc_bpm</property>
        <property name="password">DM_ENCR_TEXT_V2=AAAAEInsDVzhE+ezYW0I/Hi1ZAsuGvUQ7VYHiF8GuKX3q8bnsRoaJ1o3aVJ0roIOJZn8wUQ83hH8KjDeJ1zQbg/2XUS4TTdbbnXQfofCG4eP3QfeZ9gafnl/Tw5VsZdjUNKwxg==</property>
    </configuration>
    <configuration type="WebserviceEndpoint" name="calltagprovider" namespace="itk" id="com.emc.xcp.artifact.endpoint">
        <property name="description"></property>
        <property name="wsdlURL">http://D-webservices.swbc.local/Dialer/Tracker/Service.svc?wsdl</property>
        <property name="username"></property>
        <property name="password"></property>
    </configuration>
    <configuration type="EmailEndpoint" name="email" namespace="itk" id="com.emc.xcp.artifact.endpoint">
        <property name="description"></property>
        <property name="hostname">smtp.swbc.local</property>
        <property name="port">25</property>
        <property name="username"></property>
        <property name="password"></property>
        <property name="encryption">None</property>
    </configuration>
    <configuration type="BOOLEAN" name="enablescanidchk" namespace="itk" id="com.emc.xcp.artifact.appparameter">
        <property name="value">true</property>
    </configuration>
    <configuration type="WebserviceEndpoint" name="viewertokenservice" namespace="itk" id="com.emc.xcp.artifact.endpoint">
        <property name="description"></property>
        <property name="wsdlURL">http://D-docViewer2.swbc.local/TokenCreation.svc?wsdl</property>
        <property name="username"></property>
        <property name="password"></property>
    </configuration>
    <configuration type="WORKQUEUE" name="auto_stale_check" namespace="itk" id="com.emc.xcp.artifact.appparameter">
        <property name="value">auto stale check</property>
    </configuration>
    <configuration type="STRING" name="as400outputreportfo" namespace="itk" id="com.emc.xcp.artifact.appparameter">
        <property name="value">iTrak AS400 Output Report</property>
    </configuration>
    <configuration type="WORKQUEUE" name="auto_impairments" namespace="itk" id="com.emc.xcp.artifact.appparameter">
        <property name="value">auto impairments</property>
    </configuration>
    <configuration type="WORKQUEUE" name="auto_cancellation" namespace="itk" id="com.emc.xcp.artifact.appparameter">
        <property name="value">auto cancellation</property>
    </configuration>
    <configuration type="DatabaseEndpoint" name="docbasedirectsqlcon" namespace="itk" id="com.emc.xcp.artifact.endpoint">
        <property name="description"></property>
        <property name="driver">com.microsoft.sqlserver.jdbc.SQLServerDriver</property>
        <property name="connectionURL">jdbc:sqlserver://D-DBBPM1-V:1433;databaseName=DM_swbc_bpm_docbase;</property>
        <property name="username">swbc_bpm</property>
        <property name="password">DM_ENCR_TEXT_V2=AAAAEMpOPeK379i68uyANfdWCxeWZepMzHovuodeC5qQ7tEYxpewUDDvT+moV4OOYSxwaVnE3LSI9rd6i0s2HlSnz1Sg9AvQuyDBUgboBGkrBIt9wm82+xhjIFjeyKtFMFNgJA==</property>
    </configuration>
    <configuration type="STRING" name="accountlookupurl" namespace="itk" id="com.emc.xcp.artifact.appparameter">
        <property name="value">http://d-dqmf.swbc.local/api/getaccounts/</property>
    </configuration>
    <configuration type="RepositoryEndpoint" name="swbc_bpm_docbase" namespace="itk" id="com.emc.xcp.artifact.endpoint">
        <property name="description"></property>
        <property name="docbrokerHostName">D-APPBPMCS1-V</property>
        <property name="docbrokerPort">1489</property>
        <property name="repositoryName">swbc_bpm</property>
        <property name="username">SADev_bpmcs</property>
        <property name="password">DM_ENCR_TEXT_V2=AAAAEBJcmYjZ036NVzltIYV+lIHT97TOg5AaBZnLwmBc7nNCJHAS3q7P3iigre7PynFRbXepffrgwdpEwpPJmQozC4zOBm9Yqv9xpT3GYTEdzLHT4T+hvIJ7TreM+9Us5SQ3oA==</property>
        <property name="domain"></property>
    </configuration>
    <configuration type="STRING" name="swbcviewerprefix" namespace="itk" id="com.emc.xcp.artifact.appparameter">
        <property name="value">http://D-docviewer2.swbc.local</property>
    </configuration>
    <configuration type="DatabaseEndpoint" name="bam_db" namespace="itk" id="com.emc.xcp.artifact.endpoint">
        <property name="description"></property>
        <property name="driver">com.microsoft.sqlserver.jdbc.SQLServerDriver</property>
        <property name="connectionURL">jdbc:sqlserver://D-DBBPM1-V:1433;databaseName=DM_swbc_bpm_bam;</property>
        <property name="username">swbc_bpm_bam</property>
        <property name="password">DM_ENCR_TEXT_V2=AAAAED/ki1PzUkWSVRz3k88rxnlYFlewkr4EVirIyiBtqHDmq32Mo0tGExoltXC0Dov0vRpGNXuWz2DxTiAEB1c2rw0tSiBxQZrMq5i41tOi5U6gjND9ldX1U/6JluyQx5BjsA==</property>
    </configuration>
    <configuration type="STRING" name="docviewerprefix" namespace="itk" id="com.emc.xcp.artifact.appparameter">
        <property name="value">http://D-docviewer2.swbc.local</property>
    </configuration>
    <configuration type="WORKQUEUE" name="auto_data_integrity" namespace="itk" id="com.emc.xcp.artifact.appparameter">
        <property name="value">auto data integrity</property>
    </configuration>
    <configuration type="STRING" name="query_precision" namespace="itk" id="com.emc.xcp.artifact.appparameter">
        <property name="value">second</property>
    </configuration>
    <configuration type="BOOLEAN" name="enable_qc" namespace="itk" id="com.emc.xcp.artifact.appparameter">
        <property name="value">false</property>
    </configuration>
    <configuration type="STRING" name="reconciliationrepor" namespace="itk" id="com.emc.xcp.artifact.appparameter">
        <property name="value">iTrak Reconciliation Report</property>
    </configuration>
    <configuration type="STRING" name="agingreportfolder" namespace="itk" id="com.emc.xcp.artifact.appparameter">
        <property name="value">iTrak Aging Report</property>
    </configuration>
</ApplicationConfiguration>
