<?xml version="1.0" encoding="UTF-8" standalone="yes"?>
<ApplicationConfiguration application-name="itrak" namespace="itk" version="1.0.0" description="">
    <configuration type="RepositoryEndpoint" name="swbc_bpm_docbase" namespace="itk" id="com.emc.xcp.artifact.endpoint">
        <property name="description"></property>
        <property name="docbrokerHostName">Q-APPBPMCS1-V</property>
        <property name="docbrokerPort">1489</property>
        <property name="repositoryName">swbc_bpm</property>
        <property name="username">SAQA_bpmcs</property>
        <property name="password">DM_ENCR_TEXT_V2=AAAAEAgutsSKat7MgQOhagmO6O6Y6OhpdHlKuDGU0jVXxN4lz9vbVxEVMnt6p03JFpGkm5CkbEgtd8LKhyjWe0rvjdeM3g6syl3A3s7fbYaYNUxRltugG+/c47bBzuIODkXE5Q==</property>
        <property name="domain"></property>
    </configuration>
    <configuration type="WORKQUEUE" name="auto_cancellation" namespace="itk" id="com.emc.xcp.artifact.appparameter">
        <property name="value">auto cancellation</property>
    </configuration>
    <configuration type="WORKQUEUE" name="auto_impairments" namespace="itk" id="com.emc.xcp.artifact.appparameter">
        <property name="value">auto impairments</property>
    </configuration>
    <configuration type="STRING" name="swbcviewerprefix" namespace="itk" id="com.emc.xcp.artifact.appparameter">
        <property name="value">http://Q-docviewer2.swbc.local</property>
    </configuration>
    <configuration type="STRING" name="as400outputreportfo" namespace="itk" id="com.emc.xcp.artifact.appparameter">
        <property name="value">iTrak AS400 Output Report</property>
    </configuration>
    <configuration type="INTEGER" name="imcovered_qc_level" namespace="itk" id="com.emc.xcp.artifact.appparameter">
        <property name="value">10</property>
    </configuration>
    <configuration type="EmailEndpoint" name="email" namespace="itk" id="com.emc.xcp.artifact.endpoint">
        <property name="description"></property>
        <property name="hostname">smtp.swbc.local</property>
        <property name="port">25</property>
        <property name="username"></property>
        <property name="password"></property>
        <property name="encryption">None</property>
    </configuration>
    <configuration type="DatabaseEndpoint" name="as400_replica_db" namespace="itk" id="com.emc.xcp.artifact.endpoint">
        <property name="description">D-DBCS1-V</property>
        <property name="driver">com.microsoft.sqlserver.jdbc.SQLServerDriver</property>
        <property name="connectionURL">jdbc:sqlserver://Q-dbbpm1-v</property>
        <property name="username">swbc_bpm</property>
        <property name="password">DM_ENCR_TEXT_V2=AAAAEIzcFrPpdnb0QM5Ocs0Ieg2cdyVCC8rqmPSzwlyCd1H2iJxE8tyzg2mOppyKUN1gM5bfH8b4SZiOcIgurtB4BHjHExfn1jC+Y8fR+QQd9X9IBrtLdm8894fC/pPxKjJB3A==</property>
    </configuration>
    <configuration type="BOOLEAN" name="enable_qc" namespace="itk" id="com.emc.xcp.artifact.appparameter">
        <property name="value">true</property>
    </configuration>
    <configuration type="BOOLEAN" name="imcoveredprocessena" namespace="itk" id="com.emc.xcp.artifact.appparameter">
        <property name="value">true</property>
    </configuration>
    <configuration type="BOOLEAN" name="enablescanidchk" namespace="itk" id="com.emc.xcp.artifact.appparameter">
        <property name="value">true</property>
    </configuration>
    <configuration type="STRING" name="query_precision" namespace="itk" id="com.emc.xcp.artifact.appparameter">
        <property name="value">second</property>
    </configuration>
    <configuration type="WORKQUEUE" name="auto_data_integrity" namespace="itk" id="com.emc.xcp.artifact.appparameter">
        <property name="value">auto data integrity</property>
    </configuration>
    <configuration type="STRING" name="reconciliationrepor" namespace="itk" id="com.emc.xcp.artifact.appparameter">
        <property name="value">iTrak Reconciliation Report</property>
    </configuration>
    <configuration type="WebserviceEndpoint" name="calltagprovider" namespace="itk" id="com.emc.xcp.artifact.endpoint">
        <property name="description"></property>
        <property name="wsdlURL">http://Q-webservices.swbc.local/Dialer/Tracker/Service.svc?wsdl</property>
        <property name="username"></property>
        <property name="password"></property>
    </configuration>
    <configuration type="STRING" name="docviewerprefix" namespace="itk" id="com.emc.xcp.artifact.appparameter">
        <property name="value">http://Q-docviewer2.swbc.local</property>
    </configuration>
    <configuration type="HTTPEndpoint" name="accountlookupservic" namespace="itk" id="com.emc.xcp.artifact.endpoint">
        <property name="description"></property>
        <property name="url">http://D-dqmf.swbc.local/api/getaccounts/</property>
        <property name="username"></property>
        <property name="password"></property>
    </configuration>
    <configuration type="STRING" name="agingreportfolder" namespace="itk" id="com.emc.xcp.artifact.appparameter">
        <property name="value">iTrak Aging Report</property>
    </configuration>
    <configuration type="WORKQUEUE" name="auto_billing_edits" namespace="itk" id="com.emc.xcp.artifact.appparameter">
        <property name="value">auto billing edits</property>
    </configuration>
    <configuration type="WebserviceEndpoint" name="viewertokenservice" namespace="itk" id="com.emc.xcp.artifact.endpoint">
        <property name="description"></property>
        <property name="wsdlURL">http://Q-docViewer2.swbc.local/TokenCreation.svc?wsdl</property>
        <property name="username"></property>
        <property name="password"></property>
    </configuration>
    <configuration type="WORKQUEUE" name="auto_stale_check" namespace="itk" id="com.emc.xcp.artifact.appparameter">
        <property name="value">auto stale check</property>
    </configuration>
    <configuration type="BOOLEAN" name="javatraceenabled" namespace="itk" id="com.emc.xcp.artifact.appparameter">
        <property name="value">true</property>
    </configuration>
    <configuration type="STRING" name="accountlookupurl" namespace="itk" id="com.emc.xcp.artifact.appparameter">
        <property name="value">http://D-dqmf.swbc.local/api/getaccounts/</property>
    </configuration>
    <configuration type="DatabaseEndpoint" name="docbasedirectsqlcon" namespace="itk" id="com.emc.xcp.artifact.endpoint">
        <property name="description"></property>
        <property name="driver">com.microsoft.sqlserver.jdbc.SQLServerDriver</property>
        <property name="connectionURL">jdbc:sqlserver://Q-dbbpm1-v:1433;databaseName=DM_swbc_bpm_docbase</property>
        <property name="username">swbc_bpm</property>
        <property name="password">DM_ENCR_TEXT_V2=AAAAEB+vLcThFKCNUCMzO1pI0LbWi91XfLSmzv63zTqO8UPi17MK1wrTP3YmcvAQiCrpEs/sVHXi0ynEr0ONzJ1253dg5IvcglhR7dm4iyc/wun9aYDGUSsizd4GqDRtlB7CAg==</property>
    </configuration>
    <configuration type="DatabaseEndpoint" name="bam_db" namespace="itk" id="com.emc.xcp.artifact.endpoint">
        <property name="description"></property>
        <property name="driver">com.microsoft.sqlserver.jdbc.SQLServerDriver</property>
        <property name="connectionURL">jdbc:sqlserver://Q-dbbpm1-v:1433;databaseName=DM_swbc_bpm_bam</property>
        <property name="username">swbc_bpm_bam</property>
        <property name="password">DM_ENCR_TEXT_V2=AAAAEP4+7w+9jYcnaJFALpbWQsT1JN2r52p37ysgGJ9QTsyiEgGYta4aW9Oqw3IdAs9HZMnnSt7iz9P8GafjAhDIlLX/yjbdxcXIDxiCjSQhBxLXmWmR7M/0ZL5ddssN/jdKCQ==</property>
    </configuration>
</ApplicationConfiguration>
