{
  "name" : "process-type",
  "type" : "itk_executeexception",
  "label" : "ExecuteException",
  "runnable-stateless" : true,
  "urn" : "urn:itk:com.emc.ide.artifact.process:Artifacts/Processes/executeexception.process",
  "properties" : [ {
    "name" : "process_id",
    "label" : "process_id",
    "type" : "string",
    "length" : 64
  }, {
    "name" : "status",
    "label" : "status",
    "type" : "string",
    "length" : 64
  }, {
    "name" : "id",
    "label" : "id",
    "type" : "string",
    "length" : 64
  }, {
    "name" : "r_runtime_state",
    "label" : "r_runtime_state",
    "type" : "integer"
  }, {
    "name" : "correlation_identifier",
    "label" : "correlation_identifier",
    "type" : "string",
    "length" : 64
  }, {
    "name" : "object_name",
    "label" : "object_name",
    "type" : "string",
    "length" : 64
  }, {
    "name" : "r_creator_name",
    "label" : "r_creator_name",
    "type" : "string",
    "length" : 64
  }, {
    "name" : "r_start_date",
    "label" : "r_start_date",
    "type" : "datetime"
  }, {
    "name" : "supervisor_name",
    "label" : "supervisor_name",
    "type" : "string",
    "length" : 64
  }, {
    "name" : "supervisor_address",
    "label" : "supervisor_address",
    "type" : "string",
    "length" : 64
  } ],
  "tasks" : [ {
    "rel" : "http://identifiers.emc.com/linkrel/task",
    "href" : "${contextPath}types/processes/itk_executeexception/tasks/itk_get_total_number_of"
  }, {
    "rel" : "http://identifiers.emc.com/linkrel/task",
    "href" : "${contextPath}types/processes/itk_executeexception/tasks/itk_redirect_back_to_sa"
  }, {
    "rel" : "http://identifiers.emc.com/linkrel/task",
    "href" : "${contextPath}types/processes/itk_executeexception/tasks/itk_are_ther_more_loan_"
  }, {
    "rel" : "http://identifiers.emc.com/linkrel/task",
    "href" : "${contextPath}types/processes/itk_executeexception/tasks/itk_no_more_loan_except"
  }, {
    "rel" : "http://identifiers.emc.com/linkrel/task",
    "href" : "${contextPath}types/processes/itk_executeexception/tasks/itk_join"
  }, {
    "rel" : "http://identifiers.emc.com/linkrel/task",
    "href" : "${contextPath}types/processes/itk_executeexception/tasks/itk_execute_reprocess_p"
  }, {
    "rel" : "http://identifiers.emc.com/linkrel/task",
    "href" : "${contextPath}types/processes/itk_executeexception/tasks/itk_compete_task"
  }, {
    "rel" : "http://identifiers.emc.com/linkrel/task",
    "href" : "${contextPath}types/processes/itk_executeexception/tasks/itk_call_get_processor_"
  }, {
    "rel" : "http://identifiers.emc.com/linkrel/task",
    "href" : "${contextPath}types/processes/itk_executeexception/tasks/itk_are_there_more_item"
  }, {
    "rel" : "http://identifiers.emc.com/linkrel/task",
    "href" : "${contextPath}types/processes/itk_executeexception/tasks/itk_which_process_type"
  }, {
    "rel" : "http://identifiers.emc.com/linkrel/task",
    "href" : "${contextPath}types/processes/itk_executeexception/tasks/itk_initiate"
  }, {
    "rel" : "http://identifiers.emc.com/linkrel/task",
    "href" : "${contextPath}types/processes/itk_executeexception/tasks/itk_acquire_task"
  }, {
    "rel" : "http://identifiers.emc.com/linkrel/task",
    "href" : "${contextPath}types/processes/itk_executeexception/tasks/itk_is_processor_role"
  }, {
    "rel" : "http://identifiers.emc.com/linkrel/task",
    "href" : "${contextPath}types/processes/itk_executeexception/tasks/itk_set_bypass_flag"
  }, {
    "rel" : "http://identifiers.emc.com/linkrel/task",
    "href" : "${contextPath}types/processes/itk_executeexception/tasks/itk_emc_concurrency_wor"
  } ],
  "flows" : [ {
    "source" : "${contextPath}types/processes/itk_executeexception/tasks/itk_get_total_number_of",
    "target" : "${contextPath}types/processes/itk_executeexception/tasks/itk_are_ther_more_loan_",
    "flow-type" : "regular"
  }, {
    "source" : "${contextPath}types/processes/itk_executeexception/tasks/itk_are_ther_more_loan_",
    "target" : "${contextPath}types/processes/itk_executeexception/tasks/itk_redirect_back_to_sa",
    "flow-type" : "regular"
  }, {
    "source" : "${contextPath}types/processes/itk_executeexception/tasks/itk_redirect_back_to_sa",
    "target" : "${contextPath}types/processes/itk_executeexception/tasks/itk_join",
    "flow-type" : "regular"
  }, {
    "source" : "${contextPath}types/processes/itk_executeexception/tasks/itk_no_more_loan_except",
    "target" : "${contextPath}types/processes/itk_executeexception/tasks/itk_join",
    "flow-type" : "regular"
  }, {
    "source" : "${contextPath}types/processes/itk_executeexception/tasks/itk_execute_reprocess_p",
    "target" : "${contextPath}types/processes/itk_executeexception/tasks/itk_get_total_number_of",
    "flow-type" : "regular"
  }, {
    "source" : "${contextPath}types/processes/itk_executeexception/tasks/itk_are_ther_more_loan_",
    "target" : "${contextPath}types/processes/itk_executeexception/tasks/itk_compete_task",
    "flow-type" : "regular"
  }, {
    "source" : "${contextPath}types/processes/itk_executeexception/tasks/itk_call_get_processor_",
    "target" : "${contextPath}types/processes/itk_executeexception/tasks/itk_are_there_more_item",
    "flow-type" : "regular"
  }, {
    "source" : "${contextPath}types/processes/itk_executeexception/tasks/itk_are_there_more_item",
    "target" : "${contextPath}types/processes/itk_executeexception/tasks/itk_join",
    "flow-type" : "regular"
  }, {
    "source" : "${contextPath}types/processes/itk_executeexception/tasks/itk_are_there_more_item",
    "target" : "${contextPath}types/processes/itk_executeexception/tasks/itk_no_more_loan_except",
    "flow-type" : "regular"
  }, {
    "source" : "${contextPath}types/processes/itk_executeexception/tasks/itk_initiate",
    "target" : "${contextPath}types/processes/itk_executeexception/tasks/itk_which_process_type",
    "flow-type" : "regular"
  }, {
    "source" : "${contextPath}types/processes/itk_executeexception/tasks/itk_acquire_task",
    "target" : "${contextPath}types/processes/itk_executeexception/tasks/itk_redirect_back_to_sa",
    "flow-type" : "regular"
  }, {
    "source" : "${contextPath}types/processes/itk_executeexception/tasks/itk_compete_task",
    "target" : "${contextPath}types/processes/itk_executeexception/tasks/itk_is_processor_role",
    "flow-type" : "regular"
  }, {
    "source" : "${contextPath}types/processes/itk_executeexception/tasks/itk_is_processor_role",
    "target" : "${contextPath}types/processes/itk_executeexception/tasks/itk_set_bypass_flag",
    "flow-type" : "regular"
  }, {
    "source" : "${contextPath}types/processes/itk_executeexception/tasks/itk_is_processor_role",
    "target" : "${contextPath}types/processes/itk_executeexception/tasks/itk_call_get_processor_",
    "flow-type" : "regular"
  }, {
    "source" : "${contextPath}types/processes/itk_executeexception/tasks/itk_set_bypass_flag",
    "target" : "${contextPath}types/processes/itk_executeexception/tasks/itk_call_get_processor_",
    "flow-type" : "regular"
  }, {
    "source" : "${contextPath}types/processes/itk_executeexception/tasks/itk_which_process_type",
    "target" : "${contextPath}types/processes/itk_executeexception/tasks/itk_emc_concurrency_wor",
    "flow-type" : "regular"
  }, {
    "source" : "${contextPath}types/processes/itk_executeexception/tasks/itk_emc_concurrency_wor",
    "target" : "${contextPath}types/processes/itk_executeexception/tasks/itk_acquire_task",
    "flow-type" : "regular"
  }, {
    "source" : "${contextPath}types/processes/itk_executeexception/tasks/itk_which_process_type",
    "target" : "${contextPath}types/processes/itk_executeexception/tasks/itk_execute_reprocess_p",
    "flow-type" : "regular"
  } ],
  "data" : {
    "variables" : [ {
      "name" : "p_trans_obj_id",
      "label" : "p_trans_obj_id",
      "type" : "string",
      "repeating" : false,
      "default-value" : null,
      "mandatory" : false,
      "input" : true,
      "output" : false
    }, {
      "name" : "p_trans_exception_obj_id",
      "label" : "p_trans_exception_obj_id",
      "type" : "string",
      "repeating" : false,
      "default-value" : null,
      "mandatory" : false,
      "input" : true,
      "output" : false
    }, {
      "name" : "p_loan_number",
      "label" : "p_loan_number",
      "type" : "string",
      "repeating" : false,
      "default-value" : null,
      "mandatory" : false,
      "input" : true,
      "output" : false
    }, {
      "name" : "p_loan_suffix",
      "label" : "p_loan_suffix",
      "type" : "string",
      "repeating" : false,
      "default-value" : null,
      "mandatory" : false,
      "input" : true,
      "output" : false
    }, {
      "name" : "p_cur_work_queue",
      "label" : "p_cur_work_queue",
      "type" : "string",
      "repeating" : false,
      "default-value" : null,
      "mandatory" : false,
      "input" : true,
      "output" : false
    }, {
      "name" : "p_total_number_exception",
      "label" : "p_total_number_exception",
      "type" : "integer",
      "repeating" : false,
      "default-value" : null,
      "mandatory" : false,
      "input" : false,
      "output" : false
    }, {
      "name" : "p_page_rediret",
      "label" : "p_page_rediret",
      "type" : "string",
      "repeating" : false,
      "default-value" : null,
      "mandatory" : false,
      "input" : false,
      "output" : true
    }, {
      "name" : "p_workflow_id",
      "label" : "p_workflow_id",
      "type" : "string",
      "repeating" : false,
      "default-value" : null,
      "mandatory" : false,
      "input" : true,
      "output" : false
    }, {
      "name" : "p_workflow_item_id",
      "label" : "p_workflow_item_id",
      "type" : "string",
      "repeating" : false,
      "default-value" : null,
      "mandatory" : false,
      "input" : true,
      "output" : false
    }, {
      "name" : "p_workflow_task_id",
      "label" : "p_workflow_task_id",
      "type" : "string",
      "repeating" : false,
      "default-value" : null,
      "mandatory" : false,
      "input" : true,
      "output" : false
    }, {
      "name" : "p_process_type",
      "label" : "p_process_type",
      "type" : "string",
      "repeating" : false,
      "default-value" : null,
      "mandatory" : false,
      "input" : true,
      "output" : false
    }, {
      "name" : "p_performer",
      "label" : "p_performer",
      "type" : "string",
      "repeating" : false,
      "default-value" : null,
      "mandatory" : false,
      "input" : false,
      "output" : false
    }, {
      "name" : "p_prop_effective_date",
      "label" : "p_prop_effective_date",
      "type" : "string",
      "repeating" : false,
      "default-value" : null,
      "mandatory" : false,
      "input" : true,
      "output" : false
    }, {
      "name" : "p_prop_expiration_date",
      "label" : "p_prop_expiration_date",
      "type" : "string",
      "repeating" : false,
      "default-value" : null,
      "mandatory" : false,
      "input" : true,
      "output" : false
    }, {
      "name" : "p_prop_insurance_company",
      "label" : "p_prop_insurance_company",
      "type" : "string",
      "repeating" : false,
      "default-value" : null,
      "mandatory" : false,
      "input" : true,
      "output" : false
    }, {
      "name" : "p_prop_agent_name",
      "label" : "p_prop_agent_name",
      "type" : "string",
      "repeating" : false,
      "default-value" : null,
      "mandatory" : false,
      "input" : true,
      "output" : false
    }, {
      "name" : "p_prop_agent_phone",
      "label" : "p_prop_agent_phone",
      "type" : "string",
      "repeating" : false,
      "default-value" : null,
      "mandatory" : false,
      "input" : true,
      "output" : false
    }, {
      "name" : "p_prop_cancel_date",
      "label" : "p_prop_cancel_date",
      "type" : "string",
      "repeating" : false,
      "default-value" : null,
      "mandatory" : false,
      "input" : true,
      "output" : false
    }, {
      "name" : "p_prop_rein_eff_date",
      "label" : "p_prop_rein_eff_date",
      "type" : "string",
      "repeating" : false,
      "default-value" : null,
      "mandatory" : false,
      "input" : true,
      "output" : false
    }, {
      "name" : "p_prop_issue_date",
      "label" : "p_prop_issue_date",
      "type" : "string",
      "repeating" : false,
      "default-value" : null,
      "mandatory" : false,
      "input" : true,
      "output" : false
    }, {
      "name" : "p_prop_comp_deduct",
      "label" : "p_prop_comp_deduct",
      "type" : "integer",
      "repeating" : false,
      "default-value" : null,
      "mandatory" : false,
      "input" : true,
      "output" : false
    }, {
      "name" : "p_prop_coll_deduct",
      "label" : "p_prop_coll_deduct",
      "type" : "integer",
      "repeating" : false,
      "default-value" : null,
      "mandatory" : false,
      "input" : true,
      "output" : false
    }, {
      "name" : "p_prop_bodily_injury_per_person",
      "label" : "p_prop_bodily_injury_per_person",
      "type" : "float",
      "repeating" : false,
      "default-value" : "0.0",
      "mandatory" : false,
      "input" : true,
      "output" : false
    }, {
      "name" : "p_prop_bodily_injury_per_occ",
      "label" : "p_prop_bodily_injury_per_occ",
      "type" : "float",
      "repeating" : false,
      "default-value" : "0.0",
      "mandatory" : false,
      "input" : true,
      "output" : false
    }, {
      "name" : "p_prop_property_damage_per_occ",
      "label" : "p_prop_property_damage_per_occ",
      "type" : "float",
      "repeating" : false,
      "default-value" : "0.0",
      "mandatory" : false,
      "input" : true,
      "output" : false
    }, {
      "name" : "p_prop_unins_motorist_per_person",
      "label" : "p_prop_unins_motorist_per_person",
      "type" : "float",
      "repeating" : false,
      "default-value" : "0.0",
      "mandatory" : false,
      "input" : true,
      "output" : false
    }, {
      "name" : "p_prop_unins_motorist_per_occ",
      "label" : "p_prop_unins_motorist_per_occ",
      "type" : "float",
      "repeating" : false,
      "default-value" : "0.0",
      "mandatory" : false,
      "input" : true,
      "output" : false
    }, {
      "name" : "p_prop_trans_comments",
      "label" : "p_prop_trans_comments",
      "type" : "string",
      "repeating" : false,
      "default-value" : null,
      "mandatory" : false,
      "input" : true,
      "output" : false
    }, {
      "name" : "p_is_get_last_item",
      "label" : "p_is_get_last_item",
      "type" : "boolean",
      "repeating" : false,
      "default-value" : "true",
      "mandatory" : false,
      "input" : true,
      "output" : false
    }, {
      "name" : "p_are_there_more_items",
      "label" : "p_are_there_more_items",
      "type" : "boolean",
      "repeating" : false,
      "default-value" : "false",
      "mandatory" : false,
      "input" : false,
      "output" : false
    }, {
      "name" : "p_prop_borrower_name",
      "label" : "p_prop_borrower_name",
      "type" : "string",
      "repeating" : false,
      "default-value" : null,
      "mandatory" : false,
      "input" : true,
      "output" : false
    }, {
      "name" : "p_prop_agent_address1",
      "label" : "p_prop_agent_address1",
      "type" : "string",
      "repeating" : false,
      "default-value" : null,
      "mandatory" : false,
      "input" : true,
      "output" : false
    }, {
      "name" : "p_prop_agent_address2",
      "label" : "p_prop_agent_address2",
      "type" : "string",
      "repeating" : false,
      "default-value" : null,
      "mandatory" : false,
      "input" : true,
      "output" : false
    }, {
      "name" : "p_prop_agent_city",
      "label" : "p_prop_agent_city",
      "type" : "string",
      "repeating" : false,
      "default-value" : null,
      "mandatory" : false,
      "input" : true,
      "output" : false
    }, {
      "name" : "p_prop_agent_state",
      "label" : "p_prop_agent_state",
      "type" : "string",
      "repeating" : false,
      "default-value" : null,
      "mandatory" : false,
      "input" : true,
      "output" : false
    }, {
      "name" : "p_prop_agent_zip",
      "label" : "p_prop_agent_zip",
      "type" : "string",
      "repeating" : false,
      "default-value" : null,
      "mandatory" : false,
      "input" : true,
      "output" : false
    }, {
      "name" : "p_acct_number",
      "label" : "p_acct_number",
      "type" : "string",
      "repeating" : false,
      "default-value" : null,
      "mandatory" : false,
      "input" : true,
      "output" : false
    }, {
      "name" : "p_prop_policy_no",
      "label" : "p_prop_policy_no",
      "type" : "string",
      "repeating" : false,
      "default-value" : null,
      "mandatory" : false,
      "input" : true,
      "output" : false
    }, {
      "name" : "p_current_role",
      "label" : "p_current_role",
      "type" : "string",
      "repeating" : false,
      "default-value" : null,
      "mandatory" : false,
      "input" : true,
      "output" : false
    }, {
      "name" : "p_prop_trans_status",
      "label" : "p_prop_trans_status",
      "type" : "string",
      "repeating" : false,
      "default-value" : null,
      "mandatory" : false,
      "input" : true,
      "output" : false
    }, {
      "name" : "p_prop_acct_no",
      "label" : "p_prop_acct_no",
      "type" : "string",
      "repeating" : false,
      "default-value" : null,
      "mandatory" : false,
      "input" : true,
      "output" : false
    }, {
      "name" : "p_bypass_pol_no_match",
      "label" : "p_bypass_pol_no_match",
      "type" : "string",
      "repeating" : false,
      "default-value" : "",
      "mandatory" : false,
      "input" : true,
      "output" : false
    } ]
  },
  "links" : [ {
    "rel" : "self",
    "href" : "${contextPath}types/processes/itk_executeexception"
  }, {
    "rel" : "http://identifiers.emc.com/linkrel/instances",
    "href" : "${contextPath}processes/itk_executeexception"
  }, {
    "rel" : "http://identifiers.emc.com/linkrel/halt"
  }, {
    "rel" : "http://identifiers.emc.com/linkrel/resume"
  }, {
    "rel" : "http://identifiers.emc.com/linkrel/terminate"
  }, {
    "rel" : "http://identifiers.emc.com/linkrel/tasks"
  }, {
    "rel" : "http://identifiers.emc.com/linkrel/attachments"
  } ]
}