{
  "cls" : "itk_iir_auto_proc_srch",
  "padding" : "0",
  "border" : false,
  "xtype" : "xcp_form",
  "items" : [ {
    "xtype" : "xcp_action_container",
    "actions" : [ {
      "xcpId" : "getautodecisionresearchdata_initiate_staless_ds",
      "actionModel" : "itk_getautodecisionresearchdata_initiate_staless_ds_outputs",
      "inputModelName" : "itk_getautodecisionresearchdata_initiate_staless_ds_inputs",
      "actionType" : "datasource",
      "plugins" : [ {
        "ptype" : "xcp_expression_properties",
        "expression" : [ {
          "propertyId" : "processVariables.p_transaction_id",
          "setterFunName" : "setInputProperty",
          "etype" : "itk_iir_auto_proc_srch_getautodecisionresearchdata_initiate_staless_ds_processVariables_p_transaction_id_1",
          "events" : [ "application.fragmentInputModifiedEvent.transaction_id" ],
          "disableInitialEval" : false
        } ],
        "mapping" : {
        }
      } ],
      "autoLoad" : true,
      "invokerEvents" : ["application.fragmentInputModifiedEvent.transaction_id" ],
      "pageSize" : 5
    }, {
      "xcpId" : "da_def_invoke_stateless_processutlmatchupdate_initiate",
      "actionModel" : "itk_da_def_invoke_stateless_processutlmatchupdate_initiate",
      "actionType" : "create",
      "plugins" : [ {
        "ptype" : "xcp_expression_properties",
        "expression" : [ {
          "propertyId" : "processVariables.i_utl_transaction",
          "setterFunName" : "setInputProperty",
          "etype" : "itk_iir_auto_proc_srch_da_def_invoke_stateless_processutlmatchupdate_initiate_processVariables_i_utl_transaction_1",
          "events" : [ "application.fragmentInputModifiedEvent.transaction_id" ],
          "disableInitialEval" : false
        }, {
          "propertyId" : "processVariables.i_match_acct_no",
          "setterFunName" : "setInputProperty",
          "etype" : "itk_iir_auto_proc_srch_da_def_invoke_stateless_processutlmatchupdate_initiate_processVariables_i_match_acct_no_1",
          "events" : [ "results_list.selectionchange" ],
          "disableInitialEval" : false
        }, {
          "propertyId" : "processVariables.i_match_loan_no",
          "setterFunName" : "setInputProperty",
          "etype" : "itk_iir_auto_proc_srch_da_def_invoke_stateless_processutlmatchupdate_initiate_processVariables_i_match_loan_no_1",
          "events" : [ "results_list.selectionchange" ],
          "disableInitialEval" : false
        } ],
        "mapping" : {
          "processVariables.i_match_acct_no" : ["results_list" ],
          "processVariables.i_match_loan_no" : ["results_list" ]
        }
      } ]
    } ]
  }, {
    "xtype" : "xcp_uievent_publisher",
    "plugins" : [ {
      "ptype" : "xcp_publish_uievents",
      "publish" : [ ]
    } ]
  }, {
    "xtype" : "xcp_fragment_input",
    "plugins" : [ {
      "ptype" : "xcp_expression_properties",
      "expression" : [ ]
    } ]
  }, {
    "xcpId" : "column_box",
    "xtype" : "xcp_column_box",
    "collapsible" : false,
    "collapsed" : false,
    "collapseFirst" : true,
    "border" : false,
    "defaultMargins" : "5",
    "layout" : "xcp_columnbox",
    "items" : [ {
      "xcpId" : "columnvbox1",
      "xtype" : "xcp_columnvbox",
      "orientation" : "Vertical",
      "overflow_x" : "hidden",
      "labelWidth" : 150,
      "labelAlign" : "left",
      "halign" : "left",
      "valign" : "top",
      "defaultMargins" : "5",
      "items" : [ {
        "xcpId" : "value_display",
        "xtype" : "xcp_value_display",
        "fieldLabel" : null,
        "valueType" : "STRING",
        "isRepeating" : false,
        "plugins" : [ {
          "ptype" : "xcp_expression_properties",
          "expression" : [ {
            "propertyId" : "value",
            "setterFunName" : "setValue",
            "etype" : "itk_iir_auto_proc_srch_value_display_value_1",
            "events" : [ "application.fragmentInputModifiedEvent.transaction_id" ],
            "disableInitialEval" : false,
            "disableProcessingOnRender" : false,
            "initialDefaultExprValue" : null
          } ]
        } ]
      }, {
        "xcpId" : "matchbutton",
        "xtype" : "xcp_button",
        "text" : "${_UI_Page_itk_iir_auto_proc_srch_matchbutton_text}",
        "actionInstanceId" : "da_def_invoke_stateless_processutlmatchupdate_initiate",
        "redirectStyle" : "current",
        "showSuccessNotification" : true,
        "showConfirmation" : false,
        "pageSelectionType" : "page",
        "plugins" : [ {
          "ptype" : "xcp_expression_properties",
          "expression" : [ {
            "propertyId" : "disabled",
            "setterFunName" : "setDisabled",
            "disableProcessingOnRender" : false,
            "initialDefaultExprValue" : ""
          } ]
        } ]
      } ]
    }, {
      "xcpId" : "columnvbox",
      "xtype" : "xcp_columnvbox",
      "orientation" : "Vertical",
      "overflow_x" : "hidden",
      "labelWidth" : 150,
      "labelAlign" : "left",
      "halign" : "left",
      "valign" : "top",
      "defaultMargins" : "5"
    } ]
  }, {
    "xcpId" : "results_list",
    "xtype" : "xcp_results_list",
    "typeName" : "itk_getautodecisionresearchdata_initiate",
    "modelName" : "itk_getautodecisionresearchdata_initiate_staless_ds_outputs",
    "storeId" : "getautodecisionresearchdata_initiate_staless_ds",
    "pageSize" : 5,
    "selectionModel" : false,
    "enableDragDrop" : false,
    "disableNavigationOnFirstColumn" : false,
    "allowDeselect" : false,
    "columns" : [ {
      "xcpId" : "results_list_page_link_column",
      "xtype" : "xcp_results_list_page_link_column",
      "text" : "${_UI_Page_itk_iir_auto_proc_srch_results_list_page_link_column_text}",
      "width" : 85,
      "dataIndex" : "p_account_no",
      "valueType" : "STRING",
      "isRepeating" : false,
      "sortable" : false,
      "menuDisabled" : true
    }, {
      "xcpId" : "results_list_column25",
      "xtype" : "xcp_results_list_column",
      "text" : "${_UI_Page_itk_iir_auto_proc_srch_results_list_column25_text}",
      "width" : 150,
      "dataIndex" : "p_loan_number",
      "valueType" : "STRING",
      "isRepeating" : false,
      "sortable" : false,
      "menuDisabled" : true
    }, {
      "xcpId" : "results_list_column8",
      "xtype" : "xcp_results_list_column",
      "text" : "${_UI_Page_itk_iir_auto_proc_srch_results_list_column8_text}",
      "width" : 85,
      "dataIndex" : "p_loan_suffix",
      "valueType" : "STRING",
      "isRepeating" : false,
      "sortable" : false,
      "menuDisabled" : true
    }, {
      "xcpId" : "results_list_column4",
      "xtype" : "xcp_results_list_column",
      "text" : "${_UI_Page_itk_iir_auto_proc_srch_results_list_column4_text}",
      "width" : 85,
      "dataIndex" : "p_exit_point",
      "valueType" : "STRING",
      "isRepeating" : false,
      "sortable" : false,
      "menuDisabled" : true
    }, {
      "xcpId" : "results_list_column",
      "xtype" : "xcp_results_list_column",
      "text" : "${_UI_Page_itk_iir_auto_proc_srch_results_list_column_text}",
      "width" : 150,
      "dataIndex" : "p_address_decision",
      "valueType" : "STRING",
      "isRepeating" : false,
      "sortable" : false,
      "menuDisabled" : true
    }, {
      "xcpId" : "results_list_column5",
      "xtype" : "xcp_results_list_column",
      "text" : "${_UI_Page_itk_iir_auto_proc_srch_results_list_column5_text}",
      "width" : 150,
      "dataIndex" : "p_final_decision",
      "valueType" : "STRING",
      "isRepeating" : false,
      "sortable" : false,
      "menuDisabled" : true
    }, {
      "xcpId" : "results_list_column11",
      "xtype" : "xcp_results_list_column",
      "text" : "${_UI_Page_itk_iir_auto_proc_srch_results_list_column11_text}",
      "width" : 150,
      "dataIndex" : "p_name_search",
      "valueType" : "STRING",
      "isRepeating" : false,
      "sortable" : false,
      "menuDisabled" : true
    }, {
      "xcpId" : "results_list_column15",
      "xtype" : "xcp_results_list_column",
      "text" : "${_UI_Page_itk_iir_auto_proc_srch_results_list_column15_text}",
      "width" : 85,
      "dataIndex" : "p_name_iir",
      "valueType" : "STRING",
      "isRepeating" : false,
      "sortable" : false,
      "menuDisabled" : true
    }, {
      "xcpId" : "results_list_column13",
      "xtype" : "xcp_results_list_column",
      "text" : "${_UI_Page_itk_iir_auto_proc_srch_results_list_column13_text}",
      "width" : 85,
      "dataIndex" : "p_name_score",
      "valueType" : "STRING",
      "isRepeating" : false,
      "sortable" : false,
      "menuDisabled" : true
    }, {
      "xcpId" : "results_list_column14",
      "xtype" : "xcp_results_list_column",
      "text" : "${_UI_Page_itk_iir_auto_proc_srch_results_list_column14_text}",
      "width" : 150,
      "dataIndex" : "p_name_decision",
      "valueType" : "STRING",
      "isRepeating" : false,
      "sortable" : false,
      "menuDisabled" : true
    }, {
      "xcpId" : "results_list_column1",
      "xtype" : "xcp_results_list_column",
      "text" : "${_UI_Page_itk_iir_auto_proc_srch_results_list_column1_text}",
      "width" : 150,
      "dataIndex" : "p_address_search",
      "valueType" : "STRING",
      "isRepeating" : false,
      "sortable" : false,
      "menuDisabled" : true
    }, {
      "xcpId" : "results_list_column2",
      "xtype" : "xcp_results_list_column",
      "text" : "${_UI_Page_itk_iir_auto_proc_srch_results_list_column2_text}",
      "width" : 85,
      "dataIndex" : "p_address_iir",
      "valueType" : "STRING",
      "isRepeating" : false,
      "sortable" : false,
      "menuDisabled" : true
    }, {
      "xcpId" : "results_list_column3",
      "xtype" : "xcp_results_list_column",
      "text" : "${_UI_Page_itk_iir_auto_proc_srch_results_list_column3_text}",
      "width" : 85,
      "dataIndex" : "p_address_score",
      "valueType" : "STRING",
      "isRepeating" : false,
      "sortable" : false,
      "menuDisabled" : true
    }, {
      "xcpId" : "results_list_column26",
      "xtype" : "xcp_results_list_column",
      "text" : "${_UI_Page_itk_iir_auto_proc_srch_results_list_column26_text}",
      "width" : 150,
      "dataIndex" : "p_address_decision",
      "valueType" : "STRING",
      "isRepeating" : false,
      "sortable" : false,
      "menuDisabled" : true
    }, {
      "xcpId" : "results_list_column27",
      "xtype" : "xcp_results_list_column",
      "text" : "${_UI_Page_itk_iir_auto_proc_srch_results_list_column27_text}",
      "width" : 150,
      "dataIndex" : "p_policy_search",
      "valueType" : "STRING",
      "isRepeating" : false,
      "sortable" : false,
      "menuDisabled" : true
    }, {
      "xcpId" : "results_list_column19",
      "xtype" : "xcp_results_list_column",
      "text" : "${_UI_Page_itk_iir_auto_proc_srch_results_list_column19_text}",
      "width" : 85,
      "dataIndex" : "p_policy_iir",
      "valueType" : "STRING",
      "isRepeating" : false,
      "sortable" : false,
      "menuDisabled" : true
    }, {
      "xcpId" : "results_list_column17",
      "xtype" : "xcp_results_list_column",
      "text" : "${_UI_Page_itk_iir_auto_proc_srch_results_list_column17_text}",
      "width" : 85,
      "dataIndex" : "p_policy_score",
      "valueType" : "STRING",
      "isRepeating" : false,
      "sortable" : false,
      "menuDisabled" : true
    }, {
      "xcpId" : "results_list_column16",
      "xtype" : "xcp_results_list_column",
      "text" : "${_UI_Page_itk_iir_auto_proc_srch_results_list_column16_text}",
      "width" : 150,
      "dataIndex" : "p_policy_decision",
      "valueType" : "STRING",
      "isRepeating" : false,
      "sortable" : false,
      "menuDisabled" : true
    }, {
      "xcpId" : "results_list_column18",
      "xtype" : "xcp_results_list_column",
      "text" : "${_UI_Page_itk_iir_auto_proc_srch_results_list_column18_text}",
      "width" : 150,
      "dataIndex" : "p_vin_search",
      "valueType" : "STRING",
      "isRepeating" : false,
      "sortable" : false,
      "menuDisabled" : true
    }, {
      "xcpId" : "results_list_column24",
      "xtype" : "xcp_results_list_column",
      "text" : "${_UI_Page_itk_iir_auto_proc_srch_results_list_column24_text}",
      "width" : 85,
      "dataIndex" : "p_vin_iir",
      "valueType" : "STRING",
      "isRepeating" : false,
      "sortable" : false,
      "menuDisabled" : true
    }, {
      "xcpId" : "results_list_column28",
      "xtype" : "xcp_results_list_column",
      "text" : "${_UI_Page_itk_iir_auto_proc_srch_results_list_column28_text}",
      "width" : 85,
      "dataIndex" : "p_vin_score",
      "valueType" : "STRING",
      "isRepeating" : false,
      "sortable" : false,
      "menuDisabled" : true
    }, {
      "xcpId" : "results_list_column29",
      "xtype" : "xcp_results_list_column",
      "text" : "${_UI_Page_itk_iir_auto_proc_srch_results_list_column29_text}",
      "width" : 150,
      "dataIndex" : "p_vin_decision",
      "valueType" : "STRING",
      "isRepeating" : false,
      "sortable" : false,
      "menuDisabled" : true
    }, {
      "xcpId" : "results_list_column6",
      "xtype" : "xcp_results_list_column",
      "text" : "${_UI_Page_itk_iir_auto_proc_srch_results_list_column6_text}",
      "width" : 150,
      "dataIndex" : "p_loan_search",
      "valueType" : "STRING",
      "isRepeating" : false,
      "sortable" : false,
      "menuDisabled" : true
    }, {
      "xcpId" : "results_list_column7",
      "xtype" : "xcp_results_list_column",
      "text" : "${_UI_Page_itk_iir_auto_proc_srch_results_list_column7_text}",
      "width" : 85,
      "dataIndex" : "p_loan_iir",
      "valueType" : "STRING",
      "isRepeating" : false,
      "sortable" : false,
      "menuDisabled" : true
    }, {
      "xcpId" : "results_list_column9",
      "xtype" : "xcp_results_list_column",
      "text" : "${_UI_Page_itk_iir_auto_proc_srch_results_list_column9_text}",
      "width" : 85,
      "dataIndex" : "p_loan_score",
      "valueType" : "STRING",
      "isRepeating" : false,
      "sortable" : false,
      "menuDisabled" : true
    }, {
      "xcpId" : "results_list_column10",
      "xtype" : "xcp_results_list_column",
      "text" : "${_UI_Page_itk_iir_auto_proc_srch_results_list_column10_text}",
      "width" : 150,
      "dataIndex" : "p_loan_decision",
      "valueType" : "STRING",
      "isRepeating" : false,
      "sortable" : false,
      "menuDisabled" : true
    }, {
      "xcpId" : "results_list_column20",
      "xtype" : "xcp_results_list_column",
      "text" : "${_UI_Page_itk_iir_auto_proc_srch_results_list_column20_text}",
      "width" : 125,
      "dataIndex" : "p_transaction_status",
      "valueType" : "STRING",
      "isRepeating" : false,
      "sortable" : false,
      "menuDisabled" : true
    } ]
  } ]
}