<?xml version="1.0" encoding="UTF-8" standalone="no"?>

<config version="1.0">
   <scope role="idocs_member">
      <component id="wfreport">
         <desc>
            This component provides a report of running workflows based on project id.
         </desc>
		 <params>
            <param name="projectId" required="true"/>
            <param name="component" required="false"/>
         </params>
		 <pages>
            <start>/custom/jsps/workflow/workflowreport/workflowreport.jsp</start>
         </pages>
         <class>org.ifc.idocs.workflow.workflowreport.WorkflowReport</class>
         <nlsbundle>org.ifc.idocs.workflow.workflowreport.WorkflowReportNlsProp</nlsbundle>
		 <helpcontextid>wfreport</helpcontextid>
      </component>
   </scope>
</config>