<?xml version="1.0" encoding="UTF-8" standalone="no"?>

<config version="1.0">
   <scope role="idocs_member">
      <component id="wfreportcontainer" extends="propertysheetcontainer:wdk/config/propertysheetcontainer_component.xml">
         <desc>
            This component provides a report of running workflows based on project id.
         </desc>
		 <params>
            <param name="projectId" required="true"/>
            <param name="component" required="false"/>
         </params>
		 
		  <contains>
            <component>wfreport</component>            
         </contains>
         
         	<pages>
         		 <start>/custom/jsps/workflow/workflowreport/workflowReportContainer.jsp</start>
         	</pages>
 			<class>org.ifc.idocs.workflow.workflowreport.WorkflowReportContainer</class>
         	<nlsbundle>org.ifc.idocs.workflow.workflowreport.WorkflowReportNlsProp</nlsbundle>
         	
      </component>
   </scope>
</config>