{
  "name" : "process-type",
  "type" : "itk_selectlandingpage",
  "label" : "SelectLandingPage",
  "runnable-stateless" : true,
  "urn" : "urn:itk:com.emc.ide.artifact.process:Artifacts/Processes/selectlandingpage.process",
  "properties" : [ {
    "name" : "process_id",
    "label" : "process_id",
    "type" : "string",
    "length" : 64
  }, {
    "name" : "status",
    "label" : "status",
    "type" : "string",
    "length" : 64
  }, {
    "name" : "id",
    "label" : "id",
    "type" : "string",
    "length" : 64
  }, {
    "name" : "r_runtime_state",
    "label" : "r_runtime_state",
    "type" : "integer"
  }, {
    "name" : "correlation_identifier",
    "label" : "correlation_identifier",
    "type" : "string",
    "length" : 64
  }, {
    "name" : "object_name",
    "label" : "object_name",
    "type" : "string",
    "length" : 64
  }, {
    "name" : "r_creator_name",
    "label" : "r_creator_name",
    "type" : "string",
    "length" : 64
  }, {
    "name" : "r_start_date",
    "label" : "r_start_date",
    "type" : "datetime"
  }, {
    "name" : "supervisor_name",
    "label" : "supervisor_name",
    "type" : "string",
    "length" : 64
  }, {
    "name" : "supervisor_address",
    "label" : "supervisor_address",
    "type" : "string",
    "length" : 64
  } ],
  "tasks" : [ {
    "rel" : "http://identifiers.emc.com/linkrel/task",
    "href" : "${contextPath}types/processes/itk_selectlandingpage/tasks/itk_initiate"
  }, {
    "rel" : "http://identifiers.emc.com/linkrel/task",
    "href" : "${contextPath}types/processes/itk_selectlandingpage/tasks/itk_apply_manager_role_"
  }, {
    "rel" : "http://identifiers.emc.com/linkrel/task",
    "href" : "${contextPath}types/processes/itk_selectlandingpage/tasks/itk_is_processor_role"
  }, {
    "rel" : "http://identifiers.emc.com/linkrel/task",
    "href" : "${contextPath}types/processes/itk_selectlandingpage/tasks/itk_apply_processer_pag"
  }, {
    "rel" : "http://identifiers.emc.com/linkrel/task",
    "href" : "${contextPath}types/processes/itk_selectlandingpage/tasks/itk_join"
  }, {
    "rel" : "http://identifiers.emc.com/linkrel/task",
    "href" : "${contextPath}types/processes/itk_selectlandingpage/tasks/itk_get_count_of_proces"
  }, {
    "rel" : "http://identifiers.emc.com/linkrel/task",
    "href" : "${contextPath}types/processes/itk_selectlandingpage/tasks/itk_is_user_assigned_to"
  }, {
    "rel" : "http://identifiers.emc.com/linkrel/task",
    "href" : "${contextPath}types/processes/itk_selectlandingpage/tasks/itk_apply_multi_queue_p"
  }, {
    "rel" : "http://identifiers.emc.com/linkrel/task",
    "href" : "${contextPath}types/processes/itk_selectlandingpage/tasks/itk_apply_search_user_p"
  }, {
    "rel" : "http://identifiers.emc.com/linkrel/task",
    "href" : "${contextPath}types/processes/itk_selectlandingpage/tasks/itk_apply_imqc_user_pag"
  }, {
    "rel" : "http://identifiers.emc.com/linkrel/task",
    "href" : "${contextPath}types/processes/itk_selectlandingpage/tasks/itk_check_if_previouspa"
  }, {
    "rel" : "http://identifiers.emc.com/linkrel/task",
    "href" : "${contextPath}types/processes/itk_selectlandingpage/tasks/itk_return_to_previous_"
  } ],
  "flows" : [ {
    "source" : "${contextPath}types/processes/itk_selectlandingpage/tasks/itk_is_processor_role",
    "target" : "${contextPath}types/processes/itk_selectlandingpage/tasks/itk_apply_manager_role_",
    "flow-type" : "regular"
  }, {
    "source" : "${contextPath}types/processes/itk_selectlandingpage/tasks/itk_apply_processer_pag",
    "target" : "${contextPath}types/processes/itk_selectlandingpage/tasks/itk_join",
    "flow-type" : "regular"
  }, {
    "source" : "${contextPath}types/processes/itk_selectlandingpage/tasks/itk_apply_manager_role_",
    "target" : "${contextPath}types/processes/itk_selectlandingpage/tasks/itk_join",
    "flow-type" : "regular"
  }, {
    "source" : "${contextPath}types/processes/itk_selectlandingpage/tasks/itk_is_processor_role",
    "target" : "${contextPath}types/processes/itk_selectlandingpage/tasks/itk_get_count_of_proces",
    "flow-type" : "regular"
  }, {
    "source" : "${contextPath}types/processes/itk_selectlandingpage/tasks/itk_get_count_of_proces",
    "target" : "${contextPath}types/processes/itk_selectlandingpage/tasks/itk_is_user_assigned_to",
    "flow-type" : "regular"
  }, {
    "source" : "${contextPath}types/processes/itk_selectlandingpage/tasks/itk_is_user_assigned_to",
    "target" : "${contextPath}types/processes/itk_selectlandingpage/tasks/itk_apply_processer_pag",
    "flow-type" : "regular"
  }, {
    "source" : "${contextPath}types/processes/itk_selectlandingpage/tasks/itk_is_user_assigned_to",
    "target" : "${contextPath}types/processes/itk_selectlandingpage/tasks/itk_apply_multi_queue_p",
    "flow-type" : "regular"
  }, {
    "source" : "${contextPath}types/processes/itk_selectlandingpage/tasks/itk_apply_multi_queue_p",
    "target" : "${contextPath}types/processes/itk_selectlandingpage/tasks/itk_join",
    "flow-type" : "regular"
  }, {
    "source" : "${contextPath}types/processes/itk_selectlandingpage/tasks/itk_is_processor_role",
    "target" : "${contextPath}types/processes/itk_selectlandingpage/tasks/itk_apply_search_user_p",
    "flow-type" : "regular"
  }, {
    "source" : "${contextPath}types/processes/itk_selectlandingpage/tasks/itk_apply_search_user_p",
    "target" : "${contextPath}types/processes/itk_selectlandingpage/tasks/itk_join",
    "flow-type" : "regular"
  }, {
    "source" : "${contextPath}types/processes/itk_selectlandingpage/tasks/itk_is_processor_role",
    "target" : "${contextPath}types/processes/itk_selectlandingpage/tasks/itk_apply_imqc_user_pag",
    "flow-type" : "regular"
  }, {
    "source" : "${contextPath}types/processes/itk_selectlandingpage/tasks/itk_apply_imqc_user_pag",
    "target" : "${contextPath}types/processes/itk_selectlandingpage/tasks/itk_join",
    "flow-type" : "regular"
  }, {
    "source" : "${contextPath}types/processes/itk_selectlandingpage/tasks/itk_check_if_previouspa",
    "target" : "${contextPath}types/processes/itk_selectlandingpage/tasks/itk_is_processor_role",
    "flow-type" : "regular"
  }, {
    "source" : "${contextPath}types/processes/itk_selectlandingpage/tasks/itk_initiate",
    "target" : "${contextPath}types/processes/itk_selectlandingpage/tasks/itk_check_if_previouspa",
    "flow-type" : "regular"
  }, {
    "source" : "${contextPath}types/processes/itk_selectlandingpage/tasks/itk_check_if_previouspa",
    "target" : "${contextPath}types/processes/itk_selectlandingpage/tasks/itk_return_to_previous_",
    "flow-type" : "regular"
  }, {
    "source" : "${contextPath}types/processes/itk_selectlandingpage/tasks/itk_return_to_previous_",
    "target" : "${contextPath}types/processes/itk_selectlandingpage/tasks/itk_join",
    "flow-type" : "regular"
  } ],
  "data" : {
    "packages" : [ {
      "name" : "package0",
      "label" : "package0",
      "mandatory" : false,
      "visible" : false,
      "version-label" : "CURRENT",
      "type" : "${contextPath}types/contents/xcp_dm_document",
      "input" : false,
      "output" : false
    } ],
    "variables" : [ {
      "name" : "p_start_page",
      "label" : "p_start_page",
      "type" : "string",
      "repeating" : false,
      "default-value" : null,
      "mandatory" : false,
      "input" : false,
      "output" : true
    }, {
      "name" : "p_current_role",
      "label" : "p_current_role",
      "type" : "string",
      "repeating" : false,
      "default-value" : null,
      "mandatory" : false,
      "input" : true,
      "output" : false
    }, {
      "name" : "p_current_user_id",
      "label" : "p_current_user_id",
      "type" : "string",
      "repeating" : false,
      "default-value" : null,
      "mandatory" : false,
      "input" : true,
      "output" : false
    }, {
      "name" : "p_total_assigned_queues",
      "label" : "p_total_assigned_queues",
      "type" : "integer",
      "repeating" : false,
      "default-value" : null,
      "mandatory" : false,
      "input" : false,
      "output" : false
    }, {
      "name" : "p_previous_page",
      "label" : "p_previous_page",
      "type" : "string",
      "repeating" : false,
      "default-value" : "",
      "mandatory" : false,
      "input" : true,
      "output" : false
    } ]
  },
  "links" : [ {
    "rel" : "self",
    "href" : "${contextPath}types/processes/itk_selectlandingpage"
  }, {
    "rel" : "http://identifiers.emc.com/linkrel/instances",
    "href" : "${contextPath}processes/itk_selectlandingpage"
  }, {
    "rel" : "http://identifiers.emc.com/linkrel/halt"
  }, {
    "rel" : "http://identifiers.emc.com/linkrel/resume"
  }, {
    "rel" : "http://identifiers.emc.com/linkrel/terminate"
  }, {
    "rel" : "http://identifiers.emc.com/linkrel/tasks"
  }, {
    "rel" : "http://identifiers.emc.com/linkrel/attachments"
  } ]
}