{
  "name" : "process-type",
  "type" : "itk_getxsldocfolders",
  "label" : "GetXSLDocFolders",
  "runnable-stateless" : true,
  "urn" : "urn:itk:com.emc.ide.artifact.process:Artifacts/Processes/getxsldocfolders.process",
  "properties" : [ {
    "name" : "process_id",
    "label" : "process_id",
    "type" : "string",
    "length" : 64
  }, {
    "name" : "status",
    "label" : "status",
    "type" : "string",
    "length" : 64
  }, {
    "name" : "id",
    "label" : "id",
    "type" : "string",
    "length" : 64
  }, {
    "name" : "r_runtime_state",
    "label" : "r_runtime_state",
    "type" : "integer"
  }, {
    "name" : "correlation_identifier",
    "label" : "correlation_identifier",
    "type" : "string",
    "length" : 64
  }, {
    "name" : "object_name",
    "label" : "object_name",
    "type" : "string",
    "length" : 64
  }, {
    "name" : "r_creator_name",
    "label" : "r_creator_name",
    "type" : "string",
    "length" : 64
  }, {
    "name" : "r_start_date",
    "label" : "r_start_date",
    "type" : "datetime"
  }, {
    "name" : "supervisor_name",
    "label" : "supervisor_name",
    "type" : "string",
    "length" : 64
  }, {
    "name" : "supervisor_address",
    "label" : "supervisor_address",
    "type" : "string",
    "length" : 64
  } ],
  "tasks" : [ {
    "rel" : "http://identifiers.emc.com/linkrel/task",
    "href" : "${contextPath}types/processes/itk_getxsldocfolders/tasks/itk_initiate"
  }, {
    "rel" : "http://identifiers.emc.com/linkrel/task",
    "href" : "${contextPath}types/processes/itk_getxsldocfolders/tasks/itk_get_folder_id_for_a"
  }, {
    "rel" : "http://identifiers.emc.com/linkrel/task",
    "href" : "${contextPath}types/processes/itk_getxsldocfolders/tasks/itk_get_folder_id_for_r"
  }, {
    "rel" : "http://identifiers.emc.com/linkrel/task",
    "href" : "${contextPath}types/processes/itk_getxsldocfolders/tasks/itk_get_folder_id_for_1"
  } ],
  "flows" : [ {
    "source" : "${contextPath}types/processes/itk_getxsldocfolders/tasks/itk_initiate",
    "target" : "${contextPath}types/processes/itk_getxsldocfolders/tasks/itk_get_folder_id_for_a",
    "flow-type" : "regular"
  }, {
    "source" : "${contextPath}types/processes/itk_getxsldocfolders/tasks/itk_get_folder_id_for_a",
    "target" : "${contextPath}types/processes/itk_getxsldocfolders/tasks/itk_get_folder_id_for_r",
    "flow-type" : "regular"
  }, {
    "source" : "${contextPath}types/processes/itk_getxsldocfolders/tasks/itk_get_folder_id_for_r",
    "target" : "${contextPath}types/processes/itk_getxsldocfolders/tasks/itk_get_folder_id_for_1",
    "flow-type" : "regular"
  } ],
  "data" : {
    "variables" : [ {
      "name" : "p_aging_rpt_folder",
      "label" : "p_aging_rpt_folder",
      "type" : "string",
      "repeating" : false,
      "default-value" : null,
      "mandatory" : false,
      "input" : true,
      "output" : false
    }, {
      "name" : "p_reconciliation_rpt_folder",
      "label" : "p_reconciliation_rpt_folder",
      "type" : "string",
      "repeating" : false,
      "default-value" : null,
      "mandatory" : false,
      "input" : true,
      "output" : false
    }, {
      "name" : "p_aging_fldr_id_a",
      "label" : "p_aging_fldr_id_a",
      "type" : "string",
      "repeating" : false,
      "default-value" : null,
      "mandatory" : false,
      "input" : false,
      "output" : true
    }, {
      "name" : "p_reconcil_fldr_id_b",
      "label" : "p_reconcil_fldr_id_b",
      "type" : "string",
      "repeating" : false,
      "default-value" : null,
      "mandatory" : false,
      "input" : false,
      "output" : true
    }, {
      "name" : "p_as400output_folder",
      "label" : "p_as400output_folder",
      "type" : "string",
      "repeating" : false,
      "default-value" : null,
      "mandatory" : false,
      "input" : true,
      "output" : false
    }, {
      "name" : "p_as400_fldr_id_c",
      "label" : "p_as400_fldr_id_c",
      "type" : "string",
      "repeating" : false,
      "default-value" : null,
      "mandatory" : false,
      "input" : false,
      "output" : true
    } ]
  },
  "links" : [ {
    "rel" : "self",
    "href" : "${contextPath}types/processes/itk_getxsldocfolders"
  }, {
    "rel" : "http://identifiers.emc.com/linkrel/instances",
    "href" : "${contextPath}processes/itk_getxsldocfolders"
  }, {
    "rel" : "http://identifiers.emc.com/linkrel/halt"
  }, {
    "rel" : "http://identifiers.emc.com/linkrel/resume"
  }, {
    "rel" : "http://identifiers.emc.com/linkrel/terminate"
  }, {
    "rel" : "http://identifiers.emc.com/linkrel/tasks"
  }, {
    "rel" : "http://identifiers.emc.com/linkrel/attachments"
  } ]
}