<?xml version="1.0" encoding="UTF-8" standalone="no"?>
<!-- **************************************************************************         -->
<!-- Module Name:doclist_component	                                        -->
<!-- Module Description: The customized object list component is scoped to display 
						 Document name, project ID, Project Name, Country and Workflow 
						 status attributes of the document for idocs_project_doc. And
						  Project ID for the project subfolders.						-->
<!-- Author name: Parag Doshi											   		        -->
<!-- Date:	8-Sep-2010															        -->
<!-- Module Version No: 1.0                                                             -->
<!--****************************************************************************-->

<config version="1.0">
   <scope role="idocs_member" location="/IFCDocs" >
      <component id="doclist" extends="doclist:webcomponent/config/navigation/doclist/doclist_component.xml">
         <desc>
            Displays the contents of a folder as a list of objects and 
            folders. The user can filter the list to see folders only, 
            documents only, folders and documents, or all objects. The user 
            navigates through a separate tree frame or by clicking on a folder 
            in the doc list. This component is extended in Webtop as the 
            objectlist component. 
         </desc>
         <!-- the are 3 methods of initialising this component:
              1. No params  - displays docbase root cabinets
              2. folderId   - shows the primary location of the specified folder Id
              3. folderPath - displays the specified folder path -->
         <params>
            <param name="folderId" required="false"/>
            <param name="folderPath" required="false"/>
            <param name="showAllVersions" required="false"/>
         </params>
         <pages>
            <start>/custom/jsps/navigation/doclist/doclist_body.jsp</start>
            <thumbnail>/webcomponent/navigation/doclist/doclist_thumbnail.jsp</thumbnail>
         </pages>
         <class>com.documentum.webcomponent.navigation.doclist.DocList</class>
         <nlsbundle>org.ifc.idocs.navigation.doclist.DocListNlsProp</nlsbundle>
         <failoverenabled>true</failoverenabled>
         <showfilters>false</showfilters>
         <!-- This component displays a list of folders then documents (or any
              other object type). You can customize whether the folder list is
              shown and which object type to display below that. -->
         <objectfilters>
            <!-- show all folders and documents -->
            <objectfilter>
               <label>
                  <nlsid>MSG_FILTER_FILES_FOLDERS</nlsid>
               </label>
               <showfolders>true</showfolders>
               <type>dm_document</type>
            </objectfilter>
            
		<!-- show only the Template documents -->
			 <objectfilter>
                <label>
                  <nlsid>MSG_TEMPLATE_DOCS</nlsid>
               </label>
               <showfolders>false</showfolders>
               <type>idocs_document</type>
            </objectfilter>
            <!-- show only the Email documents -->
             <objectfilter>
                <label>
                  <nlsid>MSG_EMAIL_DOCS</nlsid>
               </label>
               <showfolders>false</showfolders>
               <type>idocs_document</type>
            </objectfilter>
            <!-- show only the Scan documents -->
            <objectfilter>
                <label>
                  <nlsid>MSG_SCAN_DOCS</nlsid>
               </label>
               <showfolders>false</showfolders>
               <type>idocs_document</type>
            </objectfilter>
            <objectfilter>
                <label>
                  <nlsid>MSG_IMPORTED_DOCS</nlsid>
               </label>
               <showfolders>false</showfolders>
               <type>idocs_document</type>
            </objectfilter>
         
            
         -->
         </objectfilters>
         <!-- visibility and order of attribute columns -->
         <preset_item id="column_filter">
            <selection>
               <entries>
                  <entry></entry>
               </entries>
            </selection>
         </preset_item>
         <helpcontextid>doclist</helpcontextid>
         <dragdrop>
            <sourceactions>
            </sourceactions>
            <targetactions>
			   <targetaction>org.ifc.idocs.control.dragdrop.CopyToFolderTargetAction</targetaction>
               <targetaction>org.ifc.idocs.control.dragdrop.MoveToFolderTargetAction</targetaction>
               <targetaction>org.ifc.idocs.control.dragdrop.LinkToFolderTargetAction</targetaction>
               <targetaction>com.documentum.web.formext.control.dragdrop.ImportTargetAction</targetaction>
               <targetaction>com.documentum.web.formext.control.dragdrop.CheckinFromFileTargetAction</targetaction>
               <targetaction>com.documentum.web.formext.control.dragdrop.AddRenditionTargetAction</targetaction>
               <targetaction>com.documentum.web.formext.control.dragdrop.CreateRelationTargetAction</targetaction>                 
            </targetactions>
            <dataproviders>
               <dataprovider>
                  <format>com.documentum.web.formext.control.dragdrop.ObjectIdData</format>
                  <provider>com.documentum.web.formext.control.dragdrop.ObjectIdDataProvider</provider>
               </dataprovider>
               <dataprovider>
                  <format>com.documentum.web.formext.control.dragdrop.ChildIdData</format>
                  <provider>com.documentum.web.formext.control.dragdrop.ChildIdDataProvider</provider>
               </dataprovider>
               <dataprovider>
                  <format>com.documentum.web.formext.control.dragdrop.FileDescriptorData</format>
                  <provider>com.documentum.web.formext.control.dragdrop.FileDescriptorDataProvider</provider>
               </dataprovider>
               <dataprovider>
                  <format>com.documentum.web.formext.control.dragdrop.FileContentsData</format>
                  <provider>com.documentum.web.formext.control.dragdrop.FileContentsDataProvider</provider>
               </dataprovider>
               <dataprovider>
                  <format>com.documentum.web.formext.control.dragdrop.LockData</format>
                  <provider>com.documentum.web.formext.control.dragdrop.LockDataProvider</provider>
               </dataprovider>
            </dataproviders>
         </dragdrop>
      </component>
   </scope>
</config>
