<?xml version="1.0" encoding="UTF-8" standalone="no"?>
<!-- **************************************************************************         -->
<!-- Module Name:doclist_component	                                        -->
<!-- Module Description: The customized object list component is scoped to display 
  Document name, project ID, Project Name, Country and Workflow 
 status attributes of the document for idocs_project_doc. And
 Project ID for the project subfolders.						-->
<!-- Author name: L V Sudhakar											   		        -->
<!-- Date:	8-Sep-2010															        -->
<!-- Module Version No: 1.0                                                             -->
<!--****************************************************************************-->

<config version="1.0">
 <scope role="idocs_member">
     <component id="doclist" extends="doclist:webcomponent/config/navigation/doclist/doclist_component.xml">
         <desc>
            Displays the contents of a folder as a list of objects and 
            folders. The user can filter the list to see folders only, 
            documents only, folders and documents, or all objects. The user 
            navigates through a separate tree frame or by clicking on a folder 
            in the doc list. This component is extended in Webtop as the 
            objectlist component. 
         </desc>
         <!-- the are 3 methods of initialising this component:
              1. No params  - displays docbase root cabinets
              2. folderId   - shows the primary location of the specified folder Id
              3. folderPath - displays the specified folder path -->
         <params>
            <param name="folderId" required="false"/>
            <param name="folderPath" required="false"/>
            <param name="showAllVersions" required="false"/>
         </params>
         <pages>
            <start>/custom/jsps/navigation/doclist/idocs_normal_doclist_body.jsp</start>
            <thumbnail>/webcomponent/navigation/doclist/doclist_thumbnail.jsp</thumbnail>
         </pages>
         <class>com.documentum.webcomponent.navigation.doclist.DocList</class>
         <nlsbundle>org.ifc.idocs.navigation.doclist.DocListNlsProp</nlsbundle>
         <failoverenabled>true</failoverenabled>
         <showfilters>false</showfilters>
         <!-- This component displays a list of folders then documents (or any
              other object type). You can customize whether the folder list is
              shown and which object type to display below that. -->
         <objectfilters>
            <!-- show all folders and documents -->
            <objectfilter>
               <label>
                  <nlsid>MSG_FILTER_FILES_FOLDERS</nlsid>
               </label>
               <showfolders>true</showfolders>
               <type>dm_document</type>
            </objectfilter>
            <!-- show only the documents -->
            <objectfilter>
               <label>
                  <nlsid>MSG_FILTER_FILES</nlsid>
               </label>
               <showfolders>false</showfolders>
               <type>dm_document</type>
            </objectfilter>
            <!-- show only the Email documents -->
             <objectfilter>
                <label>
                  <nlsid>MSG_EMAIL_DOCS</nlsid>
               </label>
               <showfolders>false</showfolders>
               <type>idocs_document</type>
            </objectfilter>
            <!-- show only the Scan documents -->
            <objectfilter>
                <label>
                  <nlsid>MSG_SCAN_DOCS</nlsid>
               </label>
               <showfolders>false</showfolders>
               <type>idocs_document</type>
            </objectfilter>
            <objectfilter>
                <label>
                  <nlsid>MSG_IMPORTED_DOCS</nlsid>
               </label>
               <showfolders>false</showfolders>
               <type>idocs_document</type>
            </objectfilter>
         
            
         -->
         </objectfilters>
         <!-- visibility and order of attribute columns -->
         <columns>
            <!-- load invisible attribute flag -->
            <!-- set the value to "true" means that all the invisible attributes
                 will be added to the columns map. The default value is "false" -->
            <!-- <loadinvisibleattribute>true</loadinvisibleattribute> -->
            <column>
               <attribute>object_name</attribute>
               <label>
                  <nlsid>MSG_NAME</nlsid>
               </label>
               <visible>true</visible>
            </column>
            <column>
               <attribute>title</attribute>
               <label>
                  <nlsid>MSG_ATTR_TITLE</nlsid>
               </label>
               <visible>false</visible>
            </column>
            <column>
               <attribute>authors</attribute>
               <label>
                  <nlsid>MSG_AUTHORS</nlsid>
               </label>
               <visible>false</visible>
            </column>
            <column>
               <attribute>owner_name</attribute>
               <label>
                  <nlsid>MSG_OWNER_NAME</nlsid>
               </label>
               <visible>false</visible>
            </column>
            <column>
               <attribute>group_name</attribute>
               <label>
                  <nlsid>MSG_GROUP_NAME</nlsid>
               </label>
               <visible>false</visible>
            </column>
            <column>
               <attribute>r_creator_name</attribute>
               <label>
                  <nlsid>MSG_CREATOR_NAME</nlsid>
               </label>
               <visible>false</visible>
            </column>
            <column>
               <attribute>r_lock_owner</attribute>
               <label>
                  <nlsid>MSG_LOCK_OWNER</nlsid>
               </label>
               <visible>false</visible>
            </column>
            <column>
               <attribute>r_object_type</attribute>
               <label>
                  <nlsid>MSG_OBJECT_TYPE</nlsid>
               </label>
               <visible>false</visible>
            </column>
            <column>
               <attribute>r_version_label</attribute>
               <label>
                  <nlsid>MSG_VERSION_LABEL</nlsid>
               </label>
               <visible>false</visible>
            </column>
             <column>
               <attribute>r_full_content_size</attribute>
               <label><nlsid>MSG_FULL_CONTENT_SIZE</nlsid></label>
               <visible>true</visible>
            </column>
            <column>
               <attribute>r_content_size</attribute>
               <label>
                  <nlsid>MSG_SIZE</nlsid>
               </label>
               <visible>true</visible>
            </column>
            <column>
               <attribute>a_content_type</attribute>
               <label>
                  <nlsid>MSG_FORMAT</nlsid>
               </label>
               <visible>true</visible>
            </column>
            <column>
               <attribute>r_creation_date</attribute>
               <label>
                  <nlsid>MSG_CREATION_DATE</nlsid>
               </label>
               <visible>false</visible>
            </column>
            <column>
               <attribute>r_modify_date</attribute>
               <label>
                  <nlsid>MSG_MODIFIED_DATE</nlsid>
               </label>
               <visible>true</visible>
            </column>
            <column>
               <attribute>r_modifier</attribute>
               <label>
                  <nlsid>MSG_MODIFIER</nlsid>
               </label>
               <visible>false</visible>
            </column>
            <column>
               <attribute>r_access_date</attribute>
               <label>
                  <nlsid>MSG_ACCESS_DATE</nlsid>
               </label>
               <visible>false</visible>
            </column>
            <column>
               <attribute>lifecycle_name</attribute>
               <label><nlsid>MSG_LIFECYCLE</nlsid></label>
               <visible>false</visible>
            </column>
            <column>
               <attribute>current_state_name</attribute>
               <label><nlsid>MSG_CURRENT_STATE</nlsid></label>
               <visible>false</visible>
            </column>
            <column>
               <attribute>topic_status</attribute>
               <label>
                  <nlsid>MSG_DISCUSSION</nlsid>
               </label>
               <visible>true</visible>
            </column>
            <column>
               <attribute>room_status</attribute>
               <label>
                  <nlsid>MSG_ROOM_ICON</nlsid>
               </label>
               <visible>true</visible>
            </column>
            <column>
               <attribute>acl_name</attribute>
               <label><nlsid>MSG_ACL_NAME</nlsid></label>
               <visible>false</visible>
            </column>
            <column>
               <attribute>log_entry</attribute>
               <label><nlsid>MSG_USER_COMMENTS</nlsid></label>
               <visible>false</visible>
            </column>
            <column>
               <attribute>r_current_state</attribute>
               <label><nlsid>MSG_CURR_STATE</nlsid></label>
               <visible>false</visible>
            </column>
            <column>
               <attribute>i_retainer_id</attribute>
               <label><nlsid>MSG_RETAINER_ID</nlsid></label>
               <visible>false</visible>
            </column>
            <column>
               <attribute>a_is_template</attribute>
               <label><nlsid>MSG_TEMPLATE</nlsid></label>
               <visible>false</visible>
            </column>
            <column>
               <attribute>world_permit</attribute>
               <label><nlsid>MSG_WORLD_PERMISSIONS</nlsid></label>
               <visible>false</visible>
            </column>
            <column>
               <attribute>r_resume_state</attribute>
               <label><nlsid>MSG_RESUME_TO_STATE</nlsid></label>
               <visible>false</visible>
            </column>
            <column>
               <attribute>i_retain_until</attribute>
               <label><nlsid>MSG_RETAIN_CONTENT_UNTIL</nlsid></label>
               <visible>false</visible>
            </column>
            <column>
               <attribute>r_aspect_name</attribute>
               <label><nlsid>MSG_ASPECT_NAME</nlsid></label>
               <visible>false</visible>
            </column>
            <column>
               <attribute>i_branch_cnt</attribute>
               <label><nlsid>MSG_BRANCH_COUNT</nlsid></label>
               <visible>false</visible>
            </column>
            <column>
               <attribute>a_category</attribute>
               <label><nlsid>MSG_CATEGORY</nlsid></label>
               <visible>false</visible>
            </column>
            <column>
               <attribute>a_effective_flag</attribute>
               <label><nlsid>MSG_EFFECTIVE_FLAG</nlsid></label>
               <visible>false</visible>
            </column>
            <column>
               <attribute>a_effective_label</attribute>
               <label><nlsid>MSG_EFFECTIVE_LABEL</nlsid></label>
               <visible>false</visible>
            </column>
            <column>
               <attribute>a_expiration_date</attribute>
               <label><nlsid>MSG_EXPIRATION_DATE</nlsid></label>
               <visible>false</visible>
            </column>
            <column>
               <attribute>a_extended_properties</attribute>
               <label><nlsid>MSG_EXTENDED_PROPERTIES</nlsid></label>
               <visible>false</visible>
            </column>
            <column>
               <attribute>a_controlling_app</attribute>
               <label><nlsid>MSG_CONTROLLING_APP</nlsid></label>
               <visible>false</visible>
            </column>
            <column>
               <attribute>a_effective_date</attribute>
               <label><nlsid>MSG_EFFECTIVE_DATE</nlsid></label>
               <visible>false</visible>
            </column>
            <column>
               <attribute>a_full_text</attribute>
               <label><nlsid>MSG_FULL_TEXT_INDEXED</nlsid></label>
               <visible>false</visible>
            </column>
            <column>
               <attribute>group_permit</attribute>
               <label><nlsid>MSG_GROUP_PERMIT</nlsid></label>
               <visible>false</visible>
            </column>
            <column>
               <attribute>r_has_events</attribute>
               <label><nlsid>MSG_HAS_EVENTS</nlsid></label>
               <visible>false</visible>
            </column>
            <column>
               <attribute>r_has_frzn_assembly</attribute>
               <label><nlsid>MSG_HAS_FROZEN_ASSEMBLY</nlsid></label>
               <visible>false</visible>
            </column>
            <column>
               <attribute>keywords</attribute>
               <label><nlsid>MSG_KEYWORD</nlsid></label>
               <visible>false</visible>
            </column>
            <column>
               <attribute>a_is_hidden</attribute>
               <label><nlsid>MSG_HIDDEN</nlsid></label>
               <visible>false</visible>
            </column>
            <column>
               <attribute>i_is_replica</attribute>
               <label><nlsid>MSG_IS_REPLICA</nlsid></label>
               <visible>false</visible>
            </column>
            <column>
               <attribute>a_is_signed</attribute>
               <label><nlsid>MSG_IS_SIGNED</nlsid></label>
               <visible>false</visible>
            </column>
            <column>
               <attribute>language_code</attribute>
               <label><nlsid>MSG_LANGUAGE_CODE</nlsid></label>
               <visible>false</visible>
            </column>
            <column>
               <attribute>a_last_review_date</attribute>
               <label><nlsid>MSG_LAST_REVIEW_DATE</nlsid></label>
               <visible>false</visible>
            </column>
            <column>
               <attribute>i_latest_flag</attribute>
               <label><nlsid>MSG_LATEST_VERSION_ON_BRANCH</nlsid></label>
               <visible>false</visible>
            </column>
            <column>
               <attribute>r_link_cnt</attribute>
               <label><nlsid>MSG_LINK_COUNT</nlsid></label>
               <visible>false</visible>
            </column>
            <column>
               <attribute>a_link_resolved</attribute>
               <label><nlsid>MSG_LINK_RESOLVED</nlsid></label>
               <visible>false</visible>
            </column>
            <column>
               <attribute>r_lock_date</attribute>
               <label><nlsid>MSG_LOCK_DATE</nlsid></label>
               <visible>false</visible>
            </column>
            <column>
               <attribute>r_lock_machine</attribute>
               <label><nlsid>MSG_LOCK_OWNERS</nlsid></label>
               <visible>false</visible>
            </column>
            <column>
               <attribute>owner_permit</attribute>
               <label><nlsid>MSG_OWNER_PERM</nlsid></label>
               <visible>false</visible>
            </column>
            <column>
               <attribute>r_is_public</attribute>
               <label><nlsid>MSG_PUBLIC</nlsid></label>
               <visible>false</visible>
            </column>
            <column>
               <attribute>a_publish_formats</attribute>
               <label><nlsid>MSG_PUBLISH_FORMATS</nlsid></label>
               <visible>false</visible>
            </column>
            <column>
               <attribute>i_is_reference</attribute>
               <label><nlsid>MSG_REFERENCE</nlsid></label>
               <visible>false</visible>
            </column>
            <column>
               <attribute>events</attribute>
               <label><nlsid>MSG_EVENTS</nlsid></label>
               <visible>false</visible>
               <load>true</load>
            </column>
            <column>
               <attribute>notification_status</attribute>
               <label><nlsid>MSG_NOTIFICATION</nlsid></label>
               <visible>false</visible>
               <load>true</load>
            </column>
            <column>
              <attribute>attachment_count</attribute>
              <label>
                <nlsid>MSG_ATTACHMENT_ICON</nlsid>
              </label>
              <visible>false</visible>
            </column>
            <column>
              <attribute>receive_date</attribute>
                <label>
                 <nlsid>MSG_RECEIVED</nlsid>
              </label>
              <visible>false</visible>
            </column>
             <column>
               <attribute>message_importance</attribute>
               <label>
                 <nlsid>MSG_IMPORTANCE</nlsid>
              </label>
               <visible>false</visible>
             </column>
            <column>
              <attribute>sent_date</attribute>
                <label>
                 <nlsid>MSG_SENT</nlsid>
              </label>
              <visible>false</visible>
            </column>
             <column>
                <attribute>from_addr</attribute>
                 <label>
                   <nlsid>MSG_FROM</nlsid>
                 </label>
                 <visible>false</visible>
             </column>
             <column>
                <attribute>to_addr</attribute>
                 <label>
                   <nlsid>MSG_TO</nlsid>
                  </label>
                 <visible>false</visible>
             </column>
             <column>
                <attribute>cc_addr</attribute>
                <label>
                   <nlsid>MSG_CC</nlsid>
                 </label>
                <visible>false</visible>
             </column>
         </columns>
         <preset_item id="column_filter">
            <selection>
               <entries>
                  <entry></entry>
               </entries>
            </selection>
         </preset_item>
         <helpcontextid>doclist</helpcontextid>
         <dragdrop>
            <sourceactions>
            </sourceactions>
            <targetactions>
	       <targetaction>org.ifc.idocs.control.dragdrop.CopyToFolderTargetAction</targetaction>
               <targetaction>org.ifc.idocs.control.dragdrop.MoveToFolderTargetAction</targetaction>
               <targetaction>org.ifc.idocs.control.dragdrop.LinkToFolderTargetAction</targetaction>
               <targetaction>com.documentum.web.formext.control.dragdrop.ImportTargetAction</targetaction>
               <targetaction>com.documentum.web.formext.control.dragdrop.CheckinFromFileTargetAction</targetaction>
               <targetaction>com.documentum.web.formext.control.dragdrop.AddRenditionTargetAction</targetaction>
               <targetaction>com.documentum.web.formext.control.dragdrop.CreateRelationTargetAction</targetaction>                 
            </targetactions>
            <dataproviders>
               <dataprovider>
                  <format>com.documentum.web.formext.control.dragdrop.ObjectIdData</format>
                  <provider>com.documentum.web.formext.control.dragdrop.ObjectIdDataProvider</provider>
               </dataprovider>
               <dataprovider>
                  <format>com.documentum.web.formext.control.dragdrop.ChildIdData</format>
                  <provider>com.documentum.web.formext.control.dragdrop.ChildIdDataProvider</provider>
               </dataprovider>
               <dataprovider>
                  <format>com.documentum.web.formext.control.dragdrop.FileDescriptorData</format>
                  <provider>com.documentum.web.formext.control.dragdrop.FileDescriptorDataProvider</provider>
               </dataprovider>
               <dataprovider>
                  <format>com.documentum.web.formext.control.dragdrop.FileContentsData</format>
                  <provider>com.documentum.web.formext.control.dragdrop.FileContentsDataProvider</provider>
               </dataprovider>
               <dataprovider>
                  <format>com.documentum.web.formext.control.dragdrop.LockData</format>
                  <provider>com.documentum.web.formext.control.dragdrop.LockDataProvider</provider>
               </dataprovider>
            </dataproviders>
         </dragdrop>
      </component>
   </scope>
</config>