<?xml version="1.0" encoding="UTF-8" standalone="no"?>
<!--***********************************************************************-->
<!--                                                                       -->
<!-- Confidential Property of Documentum, Inc.                             -->
<!-- (c) Copyright Documentum, Inc. 2001.                                  -->
<!-- All Rights reserved.                                                  -->
<!-- May not be used without prior written agreement                       -->
<!-- signed by a Documentum corporate officer.                             -->
<!--                                                                       -->
<!--***********************************************************************-->
<!--                                                                       -->
<!-- Project        Component Library                                      -->
<!-- Module         Delete                                                 -->
<!-- File           deletedocument_component.xml                           -->
<!-- Description    Delete Document Component Definition                   -->
<!-- Created on     24 August 2001                                         -->
<!-- Tab width      3                                                      -->
<!--                                                                       -->
<!--***********************************************************************-->
<!--                                                                       -->
<!-- VCS Maintained Data                                                   -->
<!--                                                                       -->
<!-- Revision       $Revision: 7$                                           -->
<!-- Modified on    $Date: 2/27/2007 7:13:30 AM$                            -->
<!--                                                                       -->
<!-- Log at EOF                                                            -->
<!--                                                                       -->
<!--***********************************************************************-->
<config version="1.0">
   <scope type="idocs_document">
      <component id="delete" extends = "delete:webcomponent/config/library/delete/deletedocument_component.xml">
         <desc>
            The delete component deletes dm_folders and other dm_sysobjects, 
            deletes inbox notifications (dm_notification and dm_queued), and 
            deletes folders (queries the user whether all objects should be 
            deleted from a folder selected for deletion). This component must 
            be used within the deletecontainer component. 
         </desc>
         <params>
            <param name="objectId" required="true"/>
            <param name="folderId" required="false"/>
         </params>
         <pages>
            <start>/custom/jsps/delete/deleteDocument.jsp</start>
         </pages>
         <class>org.ifc.idocs.delete.IDocsDeleteDocument</class>
         <nlsbundle>org.ifc.idocs.delete.IDocsDeleteNlsProp</nlsbundle>
         <helpcontextid>deletedocument</helpcontextid>
      </component>
   </scope>
</config>
<!--~~~~~~~~~~~~~~~~~~~~~~~~~~~~~~~~~~~~~~~~~~~~~~~~~~~~~~~ Developer's Comments
# Parameters
/* folderId                             (Optional) ID of the parent folder of 
                                        the file or folder that is to be 
                                        deleted. Applies only to dm_folder and 
                                        dm_sysobject types. 
*/
/* objectId                             (Required) ID of the object to be 
                                        deleted. Applies to all types. 
*/
#
~~~~~~~~~~~~~~~~~~~~~~~~~~~~~~~~~~~~~~~~~~~~~~~~~~~~~~~~~~~~~~~~~~~~~~~~~~~~~-->
