{
  "name" : "process-type",
  "type" : "itk_imqcpullnexttransaction",
  "label" : "IMQCPullNextTransaction",
  "runnable-stateless" : true,
  "urn" : "urn:itk:com.emc.ide.artifact.process:Artifacts/Processes/imqcpullnexttransaction.process",
  "properties" : [ {
    "name" : "process_id",
    "label" : "process_id",
    "type" : "string",
    "length" : 64
  }, {
    "name" : "status",
    "label" : "status",
    "type" : "string",
    "length" : 64
  }, {
    "name" : "id",
    "label" : "id",
    "type" : "string",
    "length" : 64
  }, {
    "name" : "r_runtime_state",
    "label" : "r_runtime_state",
    "type" : "integer"
  }, {
    "name" : "correlation_identifier",
    "label" : "correlation_identifier",
    "type" : "string",
    "length" : 64
  }, {
    "name" : "object_name",
    "label" : "object_name",
    "type" : "string",
    "length" : 64
  }, {
    "name" : "r_creator_name",
    "label" : "r_creator_name",
    "type" : "string",
    "length" : 64
  }, {
    "name" : "r_start_date",
    "label" : "r_start_date",
    "type" : "datetime"
  }, {
    "name" : "supervisor_name",
    "label" : "supervisor_name",
    "type" : "string",
    "length" : 64
  }, {
    "name" : "supervisor_address",
    "label" : "supervisor_address",
    "type" : "string",
    "length" : 64
  } ],
  "tasks" : [ {
    "rel" : "http://identifiers.emc.com/linkrel/task",
    "href" : "${contextPath}types/processes/itk_imqcpullnexttransaction/tasks/itk_query_lienholder_qu"
  }, {
    "rel" : "http://identifiers.emc.com/linkrel/task",
    "href" : "${contextPath}types/processes/itk_imqcpullnexttransaction/tasks/itk_set_status_to_imqcp"
  }, {
    "rel" : "http://identifiers.emc.com/linkrel/task",
    "href" : "${contextPath}types/processes/itk_imqcpullnexttransaction/tasks/itk_initiate"
  }, {
    "rel" : "http://identifiers.emc.com/linkrel/task",
    "href" : "${contextPath}types/processes/itk_imqcpullnexttransaction/tasks/itk_is_last_transaction"
  }, {
    "rel" : "http://identifiers.emc.com/linkrel/task",
    "href" : "${contextPath}types/processes/itk_imqcpullnexttransaction/tasks/itk_determine_queue"
  }, {
    "rel" : "http://identifiers.emc.com/linkrel/task",
    "href" : "${contextPath}types/processes/itk_imqcpullnexttransaction/tasks/itk_query_member_queue"
  }, {
    "rel" : "http://identifiers.emc.com/linkrel/task",
    "href" : "${contextPath}types/processes/itk_imqcpullnexttransaction/tasks/itk_query_qc_queue"
  }, {
    "rel" : "http://identifiers.emc.com/linkrel/task",
    "href" : "${contextPath}types/processes/itk_imqcpullnexttransaction/tasks/itk_join"
  }, {
    "rel" : "http://identifiers.emc.com/linkrel/task",
    "href" : "${contextPath}types/processes/itk_imqcpullnexttransaction/tasks/itk_check_record_count"
  }, {
    "rel" : "http://identifiers.emc.com/linkrel/task",
    "href" : "${contextPath}types/processes/itk_imqcpullnexttransaction/tasks/itk_join_1"
  }, {
    "rel" : "http://identifiers.emc.com/linkrel/task",
    "href" : "${contextPath}types/processes/itk_imqcpullnexttransaction/tasks/itk_flag_in_qc"
  }, {
    "rel" : "http://identifiers.emc.com/linkrel/task",
    "href" : "${contextPath}types/processes/itk_imqcpullnexttransaction/tasks/itk_check_target_queue"
  }, {
    "rel" : "http://identifiers.emc.com/linkrel/task",
    "href" : "${contextPath}types/processes/itk_imqcpullnexttransaction/tasks/itk_last_transaction_do"
  }, {
    "rel" : "http://identifiers.emc.com/linkrel/task",
    "href" : "${contextPath}types/processes/itk_imqcpullnexttransaction/tasks/itk_set_package_object"
  }, {
    "rel" : "http://identifiers.emc.com/linkrel/task",
    "href" : "${contextPath}types/processes/itk_imqcpullnexttransaction/tasks/itk_noop_diagnostic1"
  }, {
    "rel" : "http://identifiers.emc.com/linkrel/task",
    "href" : "${contextPath}types/processes/itk_imqcpullnexttransaction/tasks/itk_noop_diagnostic2"
  }, {
    "rel" : "http://identifiers.emc.com/linkrel/task",
    "href" : "${contextPath}types/processes/itk_imqcpullnexttransaction/tasks/itk_status_reset_to_for"
  }, {
    "rel" : "http://identifiers.emc.com/linkrel/task",
    "href" : "${contextPath}types/processes/itk_imqcpullnexttransaction/tasks/itk_qc_candidate_reset_"
  }, {
    "rel" : "http://identifiers.emc.com/linkrel/task",
    "href" : "${contextPath}types/processes/itk_imqcpullnexttransaction/tasks/itk_check_transaction_s"
  }, {
    "rel" : "http://identifiers.emc.com/linkrel/task",
    "href" : "${contextPath}types/processes/itk_imqcpullnexttransaction/tasks/itk_parked_transaction_"
  }, {
    "rel" : "http://identifiers.emc.com/linkrel/task",
    "href" : "${contextPath}types/processes/itk_imqcpullnexttransaction/tasks/itk_get_parked_transact"
  }, {
    "rel" : "http://identifiers.emc.com/linkrel/task",
    "href" : "${contextPath}types/processes/itk_imqcpullnexttransaction/tasks/itk_return_nulls"
  }, {
    "rel" : "http://identifiers.emc.com/linkrel/task",
    "href" : "${contextPath}types/processes/itk_imqcpullnexttransaction/tasks/itk_execute_java_servic"
  }, {
    "rel" : "http://identifiers.emc.com/linkrel/task",
    "href" : "${contextPath}types/processes/itk_imqcpullnexttransaction/tasks/itk_exit_logging"
  } ],
  "flows" : [ {
    "source" : "${contextPath}types/processes/itk_imqcpullnexttransaction/tasks/itk_determine_queue",
    "target" : "${contextPath}types/processes/itk_imqcpullnexttransaction/tasks/itk_query_lienholder_qu",
    "flow-type" : "regular"
  }, {
    "source" : "${contextPath}types/processes/itk_imqcpullnexttransaction/tasks/itk_is_last_transaction",
    "target" : "${contextPath}types/processes/itk_imqcpullnexttransaction/tasks/itk_determine_queue",
    "flow-type" : "regular"
  }, {
    "source" : "${contextPath}types/processes/itk_imqcpullnexttransaction/tasks/itk_determine_queue",
    "target" : "${contextPath}types/processes/itk_imqcpullnexttransaction/tasks/itk_query_member_queue",
    "flow-type" : "regular"
  }, {
    "source" : "${contextPath}types/processes/itk_imqcpullnexttransaction/tasks/itk_determine_queue",
    "target" : "${contextPath}types/processes/itk_imqcpullnexttransaction/tasks/itk_query_qc_queue",
    "flow-type" : "regular"
  }, {
    "source" : "${contextPath}types/processes/itk_imqcpullnexttransaction/tasks/itk_query_lienholder_qu",
    "target" : "${contextPath}types/processes/itk_imqcpullnexttransaction/tasks/itk_join",
    "flow-type" : "regular"
  }, {
    "source" : "${contextPath}types/processes/itk_imqcpullnexttransaction/tasks/itk_query_member_queue",
    "target" : "${contextPath}types/processes/itk_imqcpullnexttransaction/tasks/itk_join",
    "flow-type" : "regular"
  }, {
    "source" : "${contextPath}types/processes/itk_imqcpullnexttransaction/tasks/itk_query_qc_queue",
    "target" : "${contextPath}types/processes/itk_imqcpullnexttransaction/tasks/itk_join",
    "flow-type" : "regular"
  }, {
    "source" : "${contextPath}types/processes/itk_imqcpullnexttransaction/tasks/itk_check_record_count",
    "target" : "${contextPath}types/processes/itk_imqcpullnexttransaction/tasks/itk_join_1",
    "flow-type" : "regular"
  }, {
    "source" : "${contextPath}types/processes/itk_imqcpullnexttransaction/tasks/itk_check_target_queue",
    "target" : "${contextPath}types/processes/itk_imqcpullnexttransaction/tasks/itk_flag_in_qc",
    "flow-type" : "regular"
  }, {
    "source" : "${contextPath}types/processes/itk_imqcpullnexttransaction/tasks/itk_flag_in_qc",
    "target" : "${contextPath}types/processes/itk_imqcpullnexttransaction/tasks/itk_join_1",
    "flow-type" : "regular"
  }, {
    "source" : "${contextPath}types/processes/itk_imqcpullnexttransaction/tasks/itk_is_last_transaction",
    "target" : "${contextPath}types/processes/itk_imqcpullnexttransaction/tasks/itk_last_transaction_do",
    "flow-type" : "regular"
  }, {
    "source" : "${contextPath}types/processes/itk_imqcpullnexttransaction/tasks/itk_check_record_count",
    "target" : "${contextPath}types/processes/itk_imqcpullnexttransaction/tasks/itk_set_package_object",
    "flow-type" : "regular"
  }, {
    "source" : "${contextPath}types/processes/itk_imqcpullnexttransaction/tasks/itk_set_package_object",
    "target" : "${contextPath}types/processes/itk_imqcpullnexttransaction/tasks/itk_check_target_queue",
    "flow-type" : "regular"
  }, {
    "source" : "${contextPath}types/processes/itk_imqcpullnexttransaction/tasks/itk_initiate",
    "target" : "${contextPath}types/processes/itk_imqcpullnexttransaction/tasks/itk_noop_diagnostic1",
    "flow-type" : "regular"
  }, {
    "source" : "${contextPath}types/processes/itk_imqcpullnexttransaction/tasks/itk_join",
    "target" : "${contextPath}types/processes/itk_imqcpullnexttransaction/tasks/itk_noop_diagnostic2",
    "flow-type" : "regular"
  }, {
    "source" : "${contextPath}types/processes/itk_imqcpullnexttransaction/tasks/itk_noop_diagnostic2",
    "target" : "${contextPath}types/processes/itk_imqcpullnexttransaction/tasks/itk_check_record_count",
    "flow-type" : "regular"
  }, {
    "source" : "${contextPath}types/processes/itk_imqcpullnexttransaction/tasks/itk_check_target_queue",
    "target" : "${contextPath}types/processes/itk_imqcpullnexttransaction/tasks/itk_check_transaction_s",
    "flow-type" : "regular"
  }, {
    "source" : "${contextPath}types/processes/itk_imqcpullnexttransaction/tasks/itk_check_transaction_s",
    "target" : "${contextPath}types/processes/itk_imqcpullnexttransaction/tasks/itk_set_status_to_imqcp",
    "flow-type" : "regular"
  }, {
    "source" : "${contextPath}types/processes/itk_imqcpullnexttransaction/tasks/itk_check_transaction_s",
    "target" : "${contextPath}types/processes/itk_imqcpullnexttransaction/tasks/itk_status_reset_to_for",
    "flow-type" : "regular"
  }, {
    "source" : "${contextPath}types/processes/itk_imqcpullnexttransaction/tasks/itk_check_target_queue",
    "target" : "${contextPath}types/processes/itk_imqcpullnexttransaction/tasks/itk_qc_candidate_reset_",
    "flow-type" : "regular"
  }, {
    "source" : "${contextPath}types/processes/itk_imqcpullnexttransaction/tasks/itk_qc_candidate_reset_",
    "target" : "${contextPath}types/processes/itk_imqcpullnexttransaction/tasks/itk_flag_in_qc",
    "flow-type" : "regular"
  }, {
    "source" : "${contextPath}types/processes/itk_imqcpullnexttransaction/tasks/itk_status_reset_to_for",
    "target" : "${contextPath}types/processes/itk_imqcpullnexttransaction/tasks/itk_set_status_to_imqcp",
    "flow-type" : "regular"
  }, {
    "source" : "${contextPath}types/processes/itk_imqcpullnexttransaction/tasks/itk_noop_diagnostic1",
    "target" : "${contextPath}types/processes/itk_imqcpullnexttransaction/tasks/itk_parked_transaction_",
    "flow-type" : "regular"
  }, {
    "source" : "${contextPath}types/processes/itk_imqcpullnexttransaction/tasks/itk_parked_transaction_",
    "target" : "${contextPath}types/processes/itk_imqcpullnexttransaction/tasks/itk_is_last_transaction",
    "flow-type" : "regular"
  }, {
    "source" : "${contextPath}types/processes/itk_imqcpullnexttransaction/tasks/itk_last_transaction_do",
    "target" : "${contextPath}types/processes/itk_imqcpullnexttransaction/tasks/itk_return_nulls",
    "flow-type" : "regular"
  }, {
    "source" : "${contextPath}types/processes/itk_imqcpullnexttransaction/tasks/itk_return_nulls",
    "target" : "${contextPath}types/processes/itk_imqcpullnexttransaction/tasks/itk_check_record_count",
    "flow-type" : "regular"
  }, {
    "source" : "${contextPath}types/processes/itk_imqcpullnexttransaction/tasks/itk_get_parked_transact",
    "target" : "${contextPath}types/processes/itk_imqcpullnexttransaction/tasks/itk_join",
    "flow-type" : "regular"
  }, {
    "source" : "${contextPath}types/processes/itk_imqcpullnexttransaction/tasks/itk_parked_transaction_",
    "target" : "${contextPath}types/processes/itk_imqcpullnexttransaction/tasks/itk_execute_java_servic",
    "flow-type" : "regular"
  }, {
    "source" : "${contextPath}types/processes/itk_imqcpullnexttransaction/tasks/itk_execute_java_servic",
    "target" : "${contextPath}types/processes/itk_imqcpullnexttransaction/tasks/itk_get_parked_transact",
    "flow-type" : "regular"
  }, {
    "source" : "${contextPath}types/processes/itk_imqcpullnexttransaction/tasks/itk_set_status_to_imqcp",
    "target" : "${contextPath}types/processes/itk_imqcpullnexttransaction/tasks/itk_exit_logging",
    "flow-type" : "regular"
  }, {
    "source" : "${contextPath}types/processes/itk_imqcpullnexttransaction/tasks/itk_exit_logging",
    "target" : "${contextPath}types/processes/itk_imqcpullnexttransaction/tasks/itk_join_1",
    "flow-type" : "regular"
  } ],
  "data" : {
    "packages" : [ {
      "name" : "package0",
      "label" : "package0",
      "mandatory" : false,
      "visible" : true,
      "version-label" : "CURRENT",
      "type" : "${contextPath}types/contents/itk_imcovered_auto",
      "input" : false,
      "output" : false
    } ],
    "variables" : [ {
      "name" : "p_queue",
      "label" : "p_queue",
      "type" : "string",
      "repeating" : false,
      "default-value" : null,
      "mandatory" : false,
      "input" : true,
      "output" : false
    }, {
      "name" : "p_object_name",
      "label" : "p_object_name",
      "type" : "string",
      "repeating" : true,
      "default-value" : null,
      "mandatory" : false,
      "input" : false,
      "output" : true
    }, {
      "name" : "p_transaction_id",
      "label" : "p_transaction_id",
      "type" : "string",
      "repeating" : true,
      "default-value" : null,
      "mandatory" : false,
      "input" : false,
      "output" : true
    }, {
      "name" : "p_record_count",
      "label" : "p_record_count",
      "type" : "integer",
      "repeating" : false,
      "default-value" : null,
      "mandatory" : false,
      "input" : false,
      "output" : true
    }, {
      "name" : "p_is_last_transaction",
      "label" : "p_is_last_transaction",
      "type" : "boolean",
      "repeating" : false,
      "default-value" : "false",
      "mandatory" : false,
      "input" : true,
      "output" : false
    }, {
      "name" : "p_transaction_status",
      "label" : "p_transaction_status",
      "type" : "string",
      "repeating" : true,
      "default-value" : null,
      "mandatory" : false,
      "input" : false,
      "output" : false
    }, {
      "name" : "p_is_qc_candidate",
      "label" : "p_is_qc_candidate",
      "type" : "string",
      "repeating" : true,
      "default-value" : null,
      "mandatory" : false,
      "input" : false,
      "output" : false
    }, {
      "name" : "p_current_user",
      "label" : "p_current_user",
      "type" : "string",
      "repeating" : false,
      "default-value" : null,
      "mandatory" : false,
      "input" : true,
      "output" : false
    }, {
      "name" : "p_trans_id",
      "label" : "p_trans_id",
      "type" : "string",
      "repeating" : false,
      "default-value" : null,
      "mandatory" : false,
      "input" : true,
      "output" : false
    }, {
      "name" : "p_mgr_selected_task_reset",
      "label" : "p_mgr_selected_task_reset",
      "type" : "string",
      "repeating" : false,
      "default-value" : null,
      "mandatory" : false,
      "input" : false,
      "output" : true
    }, {
      "name" : "p_object_id",
      "label" : "p_object_id",
      "type" : "string",
      "repeating" : true,
      "default-value" : null,
      "mandatory" : false,
      "input" : false,
      "output" : true
    } ]
  },
  "links" : [ {
    "rel" : "self",
    "href" : "${contextPath}types/processes/itk_imqcpullnexttransaction"
  }, {
    "rel" : "http://identifiers.emc.com/linkrel/instances",
    "href" : "${contextPath}processes/itk_imqcpullnexttransaction"
  }, {
    "rel" : "http://identifiers.emc.com/linkrel/halt"
  }, {
    "rel" : "http://identifiers.emc.com/linkrel/resume"
  }, {
    "rel" : "http://identifiers.emc.com/linkrel/terminate"
  }, {
    "rel" : "http://identifiers.emc.com/linkrel/tasks"
  }, {
    "rel" : "http://identifiers.emc.com/linkrel/attachments"
  } ]
}