<config version='1.0'>
   <scope role="idocs_member">
      <component id="exportresult_component">
         <pages>
            <start>/webcomponent/library/exporttocsv/exportToCsv.jsp</start>
         </pages>
		 <class>com.documentum.webcomponent.library.exporttocsv.ExportToCsv</class>
         <nlsbundle>com.documentum.webcomponent.library.exporttocsv.ExportToCsvNlsProp</nlsbundle>
		 <helpcontextid>exportresult_component</helpcontextid>
         <characterencoding>UTF-8</characterencoding>
      </component>
   </scope>
</config>

