<?xml version="1.0" encoding="UTF-8" standalone="no"?>

<!--***********************************************************************-->
<!--                                                                       -->
<!-- Copyright (c) 2006-2007 EMC Corporation.                              -->
<!-- All Rights reserved.                                                  -->
<!--                                                                       -->
<!--***********************************************************************-->
<!--                                                                       -->
<!-- Project        Component library                                      -->
<!-- Module         Search                                                 -->
<!-- File           search60_component.xml                                 -->
<!-- Description    Search component definition                            -->
<!-- Created on     January 16th, 2007                                     -->
<!-- Tab width      3                                                      -->
<!--                                                                       -->
<!--***********************************************************************-->
<!--                                                                       -->
<!-- VCS Maintained Data                                                   -->
<!--                                                                       -->
<!--Revision       $Revision: 4$                                          -->
<!--Modified by    $Author: Linda Wong$                             -->
<!--Modified on    $Date: 10/4/2007 1:27:36 AM$                             -->
<!--                                                                       -->
<!-- Log at EOF                                                            -->
<!--                                                                       -->
<!--***********************************************************************-->

<config version='1.0'>
   <!-- this component doesn't handle display of search results of a dm_query object -->
   <scope>
      <!-- the simple search component definition -->
      <component id="search" extends="search:webtop/config/search60_component.xml">
		<desc>
            The Webtop 6.0 search component performs a search query on the
            current repository for the supplied string of keywords or other
            type of query input. This component displays the search results.
            Searches in indexed attributes as well as full-text. Can be
            overridden by calling it with a null queryType parameter and
            supplying a DQL string for the query attribute.
         </desc>
         <pages>
            <filter clientenv='not appintg'>
               <start>/custom/jsps/searchresultslist/search60/searchresults.jsp</start>
            </filter>
            <filter clientenv='appintg'>
               <start>/webcomponent/library/searchresultslist/search60/appintg_searchresults.jsp</start>
            </filter>
            <filter clientenv='portal'>
               <streamline>/webcomponent/library/searchresultslist/searchex/searchresults_drilldown.jsp</streamline>
            </filter>
            <filter clientenv='not portal'>
               <streamline>/webcomponent/library/searchresultslist/search60/searchresults.jsp</streamline>
            </filter>
         </pages>
	     <nlsbundle>org.ifc.idocs.search.Search60NlsProp</nlsbundle>
	     <columns_list>
            <loadinvisibleattribute>true</loadinvisibleattribute>
            <column>
               <attribute>object_name</attribute>
               <label><nlsid>MSG_NAME</nlsid></label>
               <visible>true</visible>
            </column>
            <column>
				<attribute>r_version_label</attribute>
				<label><nlsid>MSG_VERSION_LABEL</nlsid></label>
				<visible>true</visible>
			</column>
			<column>
				<attribute>workflow_status</attribute>
				<label><nlsid>MSG_WORKFLOW_STATUS_ATTR</nlsid></label>
				<visible>true</visible>
			</column>
            <column>
				<attribute>project_id</attribute>
				<label><nlsid>MSG_PROJECT_ID</nlsid></label>
				<visible>true</visible>
			</column>
			<column>
				<attribute>institution_nbr</attribute>
				<label><nlsid>MSG_INSTITUTION_NBR</nlsid></label>
				<visible>true</visible>
			</column>
			<column>
				<attribute>country_nme</attribute>
				<label><nlsid>MSG_COUNTRY_NME</nlsid></label>
				<visible>true</visible>
			</column>
			<column>
               <attribute>score</attribute>
               <label><nlsid>MSG_ATTR_SCORE</nlsid></label>
               <visible>true</visible>
            </column>
            <column>
               <attribute>summary</attribute>
               <label><nlsid>MSG_ATTR_SUMMARY</nlsid></label>
               <visible>true</visible>
            </column>
			<column>
				<attribute>r_modifier</attribute>
				<label><nlsid>MSG_MODIFIER</nlsid></label>
				<visible>true</visible>
			</column>
			<column>
               <attribute>r_modify_date</attribute>
               <label><nlsid>MSG_MODIFIED_DATE</nlsid></label>
               <visible>true</visible>
            </column>
            <column>
               <attribute>Location</attribute>
               <label><nlsid>MSG_ATTR_LOCATION</nlsid></label>
               <visible>true</visible>
            </column>
            <column>
               <attribute>topic_status</attribute>
               <label><nlsid>MSG_DISCUSSION</nlsid></label>
               <visible>true</visible>
            </column>
            <column>
               <attribute>room_status</attribute>
               <label><nlsid>MSG_ROOM_ICON</nlsid></label>
               <visible>true</visible>
            </column>
            <column>
               <attribute>title</attribute>
               <label><nlsid>MSG_ATTR_TITLE</nlsid></label>
               <visible>false</visible>
            </column>
            <column>
               <attribute>authors</attribute>
               <label><nlsid>MSG_AUTHORS</nlsid></label>
               <visible>false</visible>
            </column>
            <column>
               <attribute>a_content_type</attribute>
               <label><nlsid>MSG_FORMAT</nlsid></label>
               <visible>false</visible>
            </column><!--
            <column>
               <attribute>r_content_size</attribute>
               <label><nlsid>MSG_SIZE</nlsid></label>
               <visible>false</visible>
            </column>
            -->
            <column>
               <attribute>r_full_content_size</attribute>
               <label><nlsid>MSG_FULL_CONTENT_SIZE</nlsid></label>
               <visible>false</visible>
            </column>
            <column>
               <attribute>owner_name</attribute>
               <label><nlsid>MSG_OWNER_NAME</nlsid></label>
               <visible>false</visible>
            </column>
            <column>
               <attribute>group_name</attribute>
               <label><nlsid>MSG_GROUP_NAME</nlsid></label>
               <visible>false</visible>
            </column>
            <column>
               <attribute>r_creator_name</attribute>
               <label><nlsid>MSG_CREATOR_NAME</nlsid></label>
               <visible>false</visible>
            </column>
            <column>
               <attribute>r_object_type</attribute>
               <label><nlsid>MSG_OBJECT_TYPE</nlsid></label>
               <visible>false</visible>
            </column>
            <column>
               <attribute>r_version_label</attribute>
               <label><nlsid>MSG_VERSION_LABEL</nlsid></label>
               <visible>false</visible>
            </column>
            <column>
               <attribute>r_creation_date</attribute>
               <label><nlsid>MSG_CREATION_DATE</nlsid></label>
               <visible>false</visible>
            </column>
            <column>
               <attribute>r_modifier</attribute>
               <label><nlsid>MSG_MODIFIER</nlsid></label>
               <visible>false</visible>
            </column>
            <column>
               <attribute>r_access_date</attribute>
               <label><nlsid>MSG_ACCESS_DATE</nlsid></label>
               <visible>false</visible>
            </column>
            <column>
               <attribute>r_lock_owner</attribute>
               <label><nlsid>MSG_LOCK_OWNER</nlsid></label>
               <visible>false</visible>
            </column>

            <!-- this is a pseudo attributes refering to the folder path or external source URL -->
            <column>
               <attribute>Source</attribute>
               <label><nlsid>MSG_ATTR_SOURCE</nlsid></label>
               <visible>false</visible>
            </column>
            <column>
               <attribute>lifecycle_name</attribute>
               <label><nlsid>MSG_LIFECYCLE</nlsid></label>
               <visible>false</visible>
            </column>
            <column>
               <attribute>current_state_name</attribute>
               <label><nlsid>MSG_CURRENT_STATE</nlsid></label>
               <visible>false</visible>
            </column>            
         </columns_list>		
      </component>
   </scope>
</config>
