{
  "name" : "tasklist-query-type",
  "type" : "itk_reconciliationtasks",
  "label" : "ReconciliationTasksQuery",
  "data-type" : "",
  "description" : "Query to retrieve Reconciliation Tasks",
  "processes" : [ {
    "ref" : "${contextPath}types/processes/itk_reconciliationtaskprocess"
  } ],
  "properties" : [ {
    "label" : "Task Name",
    "name" : "task_name",
    "output-name" : "task_name",
    "type" : "STRING",
    "mapping" : "task.task_name",
    "sortable" : "false",
    "repeating" : "false"
  }, {
    "label" : "Subject",
    "name" : "task_subject",
    "output-name" : "task_subject",
    "type" : "STRING",
    "mapping" : "task.subject",
    "sortable" : "false",
    "repeating" : "false"
  }, {
    "label" : "Sent Date",
    "name" : "task_date_sent",
    "output-name" : "task_date_sent",
    "type" : "DATETIME",
    "mapping" : "task.sent_date",
    "sortable" : "false",
    "repeating" : "false"
  }, {
    "label" : "Status",
    "name" : "task_status",
    "output-name" : "task_status",
    "type" : "STRING",
    "mapping" : "task.status",
    "sortable" : "false",
    "repeating" : "false"
  }, {
    "label" : "Due Date",
    "name" : "task_due_date",
    "output-name" : "task_due_date",
    "type" : "DATETIME",
    "mapping" : "task.due_date",
    "sortable" : "false",
    "repeating" : "false"
  }, {
    "label" : "Object ID",
    "name" : "id",
    "output-name" : "id",
    "type" : "STRING",
    "mapping" : "task.id",
    "sortable" : "false",
    "repeating" : "false",
    "mandatory" : "true"
  }, {
    "label" : "Workflow ID",
    "name" : "workflow_id",
    "output-name" : "workflow_id",
    "type" : "STRING",
    "mapping" : "task.workflow_id",
    "sortable" : "false",
    "repeating" : "false",
    "mandatory" : "true"
  }, {
    "label" : "Process System Name",
    "name" : "system_name",
    "output-name" : "process_system_name",
    "type" : "STRING",
    "mapping" : "process.system_name",
    "sortable" : "false",
    "repeating" : "false",
    "mandatory" : "true"
  }, {
    "label" : "Activity System Name",
    "name" : "activity_system_name",
    "output-name" : "activity_system_name",
    "type" : "STRING",
    "mapping" : "task.activity_system_name",
    "sortable" : "false",
    "repeating" : "false",
    "mandatory" : "true"
  }, {
    "label" : "Applicable Actions",
    "name" : "applicable_actions",
    "output-name" : "applicable_actions",
    "type" : "STRING",
    "mapping" : "task.applicable_actions",
    "sortable" : "false",
    "repeating" : "false",
    "mandatory" : "true"
  }, {
    "label" : "Performer Name",
    "name" : "task_performer_name",
    "output-name" : "task_performer_name",
    "type" : "STRING",
    "mapping" : "task.performer_name",
    "sortable" : "false",
    "repeating" : "false",
    "mandatory" : "true"
  } ],
  "expression-set" : {
    "properties" : [ {
      "name" : "workqueue_name",
      "type" : "STRING",
      "mapping" : "task.workqueue_name",
      "input-type" : "form-input",
      "operator" : "EQUAL",
      "value" : "",
      "case-sensitive" : "true"
    } ],
    "operator" : "AND"
  },
  "links" : [ {
    "rel" : "self",
    "href" : "${contextPath}types/tasklist-queries/itk_reconciliationtasks"
  }, {
    "rel" : "http://identifiers.emc.com/linkrel/instances",
    "href" : "${contextPath}tasklist-queries/itk_reconciliationtasks"
  } ]
}