{
  "name" : "tasklist-query-type",
  "type" : "itk_qcquery",
  "label" : "QCQuery",
  "data-type" : "",
  "description" : "",
  "processes" : [ {
    "ref" : "${contextPath}types/processes/itk_imqcprocess"
  } ],
  "properties" : [ {
    "label" : "Exception Date",
    "name" : "r_creation_date",
    "output-name" : "packagestransactionr_creation_date",
    "type" : "${contextPath}types/contents/itk_transaction",
    "mapping" : "packages.itk_transaction.r_creation_date",
    "sortable" : "true"
  }, {
    "label" : "Account No",
    "name" : "account_number",
    "output-name" : "packagestransactionaccount_number",
    "type" : "${contextPath}types/contents/itk_transaction",
    "mapping" : "packages.itk_transaction.account_number",
    "sortable" : "true"
  }, {
    "label" : "Account Name",
    "name" : "account_name",
    "output-name" : "packagestransactionaccount_name",
    "type" : "${contextPath}types/contents/itk_transaction",
    "mapping" : "packages.itk_transaction.account_name",
    "sortable" : "true"
  }, {
    "label" : "Trans Source",
    "name" : "transaction_source",
    "output-name" : "packagestransactiontransaction_source",
    "type" : "${contextPath}types/contents/itk_transaction",
    "mapping" : "packages.itk_transaction.transaction_source",
    "sortable" : "true"
  }, {
    "label" : "Escrowed",
    "name" : "escrow_ind",
    "output-name" : "packagestransactionescrow_ind",
    "type" : "${contextPath}types/contents/itk_transaction",
    "mapping" : "packages.itk_transaction.escrow_ind",
    "sortable" : "true"
  }, {
    "label" : "Received Date",
    "name" : "received_date",
    "output-name" : "packagestransactionreceived_date",
    "type" : "${contextPath}types/contents/itk_transaction",
    "mapping" : "packages.itk_transaction.received_date",
    "sortable" : "true"
  }, {
    "label" : "Transaction Type",
    "name" : "transaction_type",
    "output-name" : "packagestransactiontransaction_type",
    "type" : "${contextPath}types/contents/itk_transaction",
    "mapping" : "packages.itk_transaction.transaction_type",
    "sortable" : "true"
  }, {
    "label" : "Property State",
    "name" : "transaction_state",
    "output-name" : "packagestransactiontransaction_state",
    "type" : "${contextPath}types/contents/itk_transaction",
    "mapping" : "packages.itk_transaction.transaction_state",
    "sortable" : "true"
  }, {
    "label" : "Property Zip",
    "name" : "transaction_zip",
    "output-name" : "packagestransactiontransaction_zip",
    "type" : "${contextPath}types/contents/itk_transaction",
    "mapping" : "packages.itk_transaction.transaction_zip",
    "sortable" : "true"
  }, {
    "label" : "Operator Id",
    "name" : "task_performer_name",
    "output-name" : "task_performer_name",
    "type" : "STRING",
    "mapping" : "task.performer_name",
    "sortable" : "true",
    "repeating" : "false"
  }, {
    "label" : "Queue Item Status",
    "name" : "task_status",
    "output-name" : "task_status",
    "type" : "STRING",
    "mapping" : "task.status",
    "sortable" : "true",
    "repeating" : "false"
  }, {
    "label" : "Follow Up Reason",
    "name" : "follow_up_reason",
    "output-name" : "packagestransactionfollow_up_reason",
    "type" : "${contextPath}types/contents/itk_transaction",
    "mapping" : "packages.itk_transaction.follow_up_reason",
    "sortable" : "true"
  }, {
    "label" : "Follow Up Date",
    "name" : "follow_up_date",
    "output-name" : "packagestransactionfollow_up_date",
    "type" : "${contextPath}types/contents/itk_transaction",
    "mapping" : "packages.itk_transaction.follow_up_date",
    "sortable" : "true"
  }, {
    "label" : "Priority",
    "name" : "workqueue_priority",
    "output-name" : "workqueue_priority",
    "type" : "INTEGER",
    "mapping" : "task.workqueue_priority",
    "sortable" : "true",
    "repeating" : "false"
  }, {
    "label" : "Object ID",
    "name" : "id",
    "output-name" : "id",
    "type" : "STRING",
    "mapping" : "task.id",
    "sortable" : "false",
    "repeating" : "false",
    "mandatory" : "true"
  }, {
    "label" : "Workflow ID",
    "name" : "workflow_id",
    "output-name" : "workflow_id",
    "type" : "STRING",
    "mapping" : "task.workflow_id",
    "sortable" : "false",
    "repeating" : "false",
    "mandatory" : "true"
  }, {
    "label" : "Process System Name",
    "name" : "system_name",
    "output-name" : "process_system_name",
    "type" : "STRING",
    "mapping" : "process.system_name",
    "sortable" : "false",
    "repeating" : "false",
    "mandatory" : "true"
  }, {
    "label" : "Activity System Name",
    "name" : "activity_system_name",
    "output-name" : "activity_system_name",
    "type" : "STRING",
    "mapping" : "task.activity_system_name",
    "sortable" : "false",
    "repeating" : "false",
    "mandatory" : "true"
  }, {
    "label" : "Applicable Actions",
    "name" : "applicable_actions",
    "output-name" : "applicable_actions",
    "type" : "STRING",
    "mapping" : "task.applicable_actions",
    "sortable" : "false",
    "repeating" : "false",
    "mandatory" : "true"
  } ],
  "expression-set" : {
    "properties" : [ {
      "name" : "workqueue_name",
      "type" : "STRING",
      "mapping" : "task.workqueue_name",
      "input-type" : "form-input",
      "operator" : "EQUAL",
      "value" : "",
      "case-sensitive" : "true"
    } ],
    "operator" : "AND"
  },
  "links" : [ {
    "rel" : "self",
    "href" : "${contextPath}types/tasklist-queries/itk_qcquery"
  }, {
    "rel" : "http://identifiers.emc.com/linkrel/instances",
    "href" : "${contextPath}tasklist-queries/itk_qcquery"
  } ]
}