{
  "name" : "process-type",
  "type" : "itk_sendreportemails",
  "label" : "SendReportEmails",
  "runnable-stateless" : false,
  "urn" : "urn:itk:com.emc.ide.artifact.process:Artifacts/Processes/sendreportemails.process",
  "properties" : [ {
    "name" : "process_id",
    "label" : "process_id",
    "type" : "string",
    "length" : 64
  }, {
    "name" : "status",
    "label" : "status",
    "type" : "string",
    "length" : 64
  }, {
    "name" : "id",
    "label" : "id",
    "type" : "string",
    "length" : 64
  }, {
    "name" : "r_runtime_state",
    "label" : "r_runtime_state",
    "type" : "integer"
  }, {
    "name" : "correlation_identifier",
    "label" : "correlation_identifier",
    "type" : "string",
    "length" : 64
  }, {
    "name" : "object_name",
    "label" : "object_name",
    "type" : "string",
    "length" : 64
  }, {
    "name" : "r_creator_name",
    "label" : "r_creator_name",
    "type" : "string",
    "length" : 64
  }, {
    "name" : "r_start_date",
    "label" : "r_start_date",
    "type" : "datetime"
  }, {
    "name" : "supervisor_name",
    "label" : "supervisor_name",
    "type" : "string",
    "length" : 64
  }, {
    "name" : "supervisor_address",
    "label" : "supervisor_address",
    "type" : "string",
    "length" : 64
  } ],
  "tasks" : [ {
    "rel" : "http://identifiers.emc.com/linkrel/task",
    "href" : "${contextPath}types/processes/itk_sendreportemails/tasks/itk_initiate"
  }, {
    "rel" : "http://identifiers.emc.com/linkrel/task",
    "href" : "${contextPath}types/processes/itk_sendreportemails/tasks/itk_email_reports"
  } ],
  "flows" : [ {
    "source" : "${contextPath}types/processes/itk_sendreportemails/tasks/itk_initiate",
    "target" : "${contextPath}types/processes/itk_sendreportemails/tasks/itk_email_reports",
    "flow-type" : "regular"
  } ],
  "data" : {
    "packages" : [ {
      "name" : "p_report_1",
      "label" : "p_report_1",
      "mandatory" : true,
      "visible" : true,
      "version-label" : "CURRENT",
      "type" : "${contextPath}types/contents/xcp_dm_document"
    }, {
      "name" : "p_report_2",
      "label" : "p_report_2",
      "mandatory" : false,
      "visible" : true,
      "version-label" : "CURRENT",
      "type" : "${contextPath}types/contents/xcp_dm_document"
    } ],
    "variables" : [ {
      "name" : "p_email_recipients",
      "label" : "p_email_recipients",
      "type" : "string",
      "repeating" : true,
      "default-value" : null,
      "mandatory" : false
    }, {
      "name" : "p_message_id",
      "label" : "p_message_id",
      "type" : "string",
      "repeating" : false,
      "default-value" : null,
      "mandatory" : false
    }, {
      "name" : "p_from_address",
      "label" : "p_from_address",
      "type" : "string",
      "repeating" : false,
      "default-value" : null,
      "mandatory" : false
    }, {
      "name" : "p_subject",
      "label" : "p_subject",
      "type" : "string",
      "repeating" : false,
      "default-value" : null,
      "mandatory" : false
    } ]
  },
  "links" : [ {
    "rel" : "self",
    "href" : "${contextPath}types/processes/itk_sendreportemails"
  }, {
    "rel" : "http://identifiers.emc.com/linkrel/instances",
    "href" : "${contextPath}processes/itk_sendreportemails"
  }, {
    "rel" : "http://identifiers.emc.com/linkrel/halt"
  }, {
    "rel" : "http://identifiers.emc.com/linkrel/resume"
  }, {
    "rel" : "http://identifiers.emc.com/linkrel/terminate"
  }, {
    "rel" : "http://identifiers.emc.com/linkrel/tasks"
  }, {
    "rel" : "http://identifiers.emc.com/linkrel/attachments"
  } ]
}