<?xml version="1.0" encoding="UTF-8" standalone="no"?>

<config version="1.0">
   <scope type="dm_workflow" role="idocs_member">
      <component modifies="abortworkflow:webcomponent/config/library/workflow/abort/abortworkflow_component.xml">
         <replace path='class'>
         	<pages>
            <start>/custom/jsps/workflow/abortWorkflow.jsp</start>
         </pages>
			<class>org.ifc.idocs.workflow.abort.AbortWorkflow</class>
			<nlsbundle>org.ifc.idocs.workflow.workflowhelpnlsprop</nlsbundle>
		</replace>
      </component>
   </scope>
</config>
