<?xml version="1.0" encoding="UTF-8" standalone="no"?>
<!--***********************************************************************-->
<!--                                                                       -->
<!-- Confidential Property of Documentum, Inc.                             -->
<!-- (c) Copyright Documentum, Inc. 2003.                                  -->
<!-- All Rights reserved.                                                  -->
<!-- May not be used without prior written agreement                       -->
<!-- signed by a Documentum corporate officer.                             -->
<!--                                                                       -->
<!--***********************************************************************-->
<!--                                                                       -->
<!-- Project        Component Library                                      -->
<!-- Module         SendLocator                                            -->
<!-- File           sendlocatorcontainer_component.xml                     -->
<!-- Description    SendLocator Component Definition                       -->
<!-- Created on     8 April 2003                                           -->
<!-- Tab width      3                                                      -->
<!--                                                                       -->
<!--***********************************************************************-->
<!--                                                                       -->
<!-- VCS Maintained Data                                                   -->
<!--                                                                       -->
<!-- Revision       $Revision: 3$                                           -->
<!-- Modified on    $Date: 2/27/2007 7:14:30 AM$                            -->
<!--                                                                       -->
<!-- Log at EOF                                                            -->
<!--                                                                       -->
<!--***********************************************************************-->
<config version="1.0">
   <scope>
      <component modifies="sendlocatorcontainer:webcomponent/config/library/sendlocator/sendlocatorcontainer_component.xml">
         <replace path='pages.start'>
         	<start>/custom/jsps/library/sendlocator/sendlocatorcontainer.jsp</start>
         </replace>
      </component>
   </scope>
</config>

<!--~~~~~~~~~~~~~~~~~~~~~~~~~~~~~~~~~~~~~~~~~~~~~~~~~~~~~~~ Developer's Comments
# Parameters
/* component                            (Required) Supplied by the 
                                        LaunchComponent action execution class. 
                                        The name of the component to contain. 
*/
/* componentArgs                        (Required) Supplied by the 
                                        LaunchComponent action execution class. 
                                        List of arguments and values to pass to 
                                        each contained component. 
*/
#
~~~~~~~~~~~~~~~~~~~~~~~~~~~~~~~~~~~~~~~~~~~~~~~~~~~~~~~~~~~~~~~~~~~~~~~~~~~~~-->
