<?xml version="1.0" encoding="UTF-8" standalone="no"?>
<!-- **************************************************************************         -->
<!-- Module Name: attributes_dm_document_docbaseattributelist		                                        -->
<!-- Module Description: Docbase attribute list is customized to provide Discussion 
						 menuitem in menubar for idocs_document object type				-->
<!-- Author name: Parag Doshi											   		        -->
<!-- Date:	8-Sep-2010															        -->
<!-- Module Version No: 1.0                                                             -->
<!--****************************************************************************-->
<config version="1.0">
   <scope type="dm_document" role="idocs_member">
      <attributelist id="attributes" extends="attributes:webcomponent/config/library/attributes_docbaseattributelist.xml">
         <!-- docbaseattributelist definition -->
         <pseudo_attributes>
            <filter type="idocs_document">
				<attribute name="show_topic" type="show_topic" category="dm_info" display_after="security_classification">
				   <label_text>
					  <nlsid>MSG_SHOW_TOPIC</nlsid>
				   </label_text>
				</attribute>
            </filter>
         </pseudo_attributes>
         <!-- Info -->
         <category id="dm_info">
            <name>
               <nlsid>MSG_INFO</nlsid>
            </name>
            <attributes>
               <attribute name="object_name"/>
               <attribute name="title"/>
               <attribute name="subject"/>
               <attribute name="keywords"/>
               <attribute name="authors"/>
               <!-- Multiple separator tag will be treated as one separator.   -->
               <!-- Separator tag that are placed in the beginning or at the   -->
               <!-- end of attributes or moreattributes block will be ignored. -->
               <!-- For example, add separator between two authors and r_conent_size -->
               <!-- <separator/> -->
               <attribute name="r_content_size"/>
               <attribute name="owner_name"/>
               <attribute name="r_version_label"/>
               <attribute name="r_lock_date"/>
               <attribute name="r_lock_owner"/>
            </attributes>
            <moreattributes>
               <attribute name="log_entry"/>
               <attribute name="r_creation_date"/>
               <attribute name="r_creator_name"/>
               <attribute name="r_modify_date"/>
               <attribute name="r_modifier"/>
               <attribute name="r_access_date"/>
               <attribute name="r_policy_id"/>
               <attribute name="r_current_state"/>
            </moreattributes>
         </category>
      </attributelist>
   </scope>
</config>

