<?xml version="1.0" encoding="UTF-8" standalone="no"?>
<!-- **************************************************************************         -->
<!-- Module Name: attributes_dm_folder_docbaseattributelist		                                        -->
<!-- Module Description: Docbase attribute list is customized to hide Discussion 
						 menuitem for any folder type									-->
<!-- Author name: Parag Doshi											   		        -->
<!-- Date:	8-Sep-2010															        -->
<!-- Module Version No: 1.0                                                             -->
<!--****************************************************************************-->
<config version="1.0">
   <scope type="dm_folder" role="idocs_member">
      <!-- docbaseattributelist definition -->
      <attributelist id="attributes" extends="attributes:webcomponent/config/library/attributes_docbaseattributelist.xml"><!--
         <pseudo_attributes>
             define any new pseudo attributes here 
             <attribute name="new_pseudo_attrib" category="dm_info" type="psedo_type_name" display_after="attrib">  
             <label_text><nlsid>MSG_LABEL_FOR_ATTRIB</nlsid></label_text>  
             </attribute> 
            <attribute name="folder_description" type="rich_text" category="dm_info" display_after="title" readonly="true">
               <label_text>
                  <nlsid>MSG_DESCRIPTION</nlsid>
               </label_text>
            </attribute>
         </pseudo_attributes>
         --><!-- Info -->
         <category id="dm_info">
            <name>
               <nlsid>MSG_INFO</nlsid>
            </name>
            <attributes>
               <attribute name="object_name"/>
               <attribute name="title"/>
               <attribute name="subject"/>
               <attribute name="keywords"/>
               <attribute name="owner_name"/>
            </attributes>
            <moreattributes>
               <attribute name="r_creation_date"/>
               <attribute name="r_creator_name"/>
               <attribute name="r_modify_date"/>
               <attribute name="r_modifier"/>
            </moreattributes>
         </category>
      </attributelist>
   </scope>
</config>
