<?xml version="1.0" encoding="UTF-8" standalone="no"?>
<!-- **************************************************************************         -->
<!-- Module Name: taskattachment_component		                                        -->
<!-- Module Description: attachment component is customised to hide the form in 
							attachment list of the task in taskAttahcmentList jsp		-->
<!-- Author name: Parag Doshi											   		        -->
<!-- Date:	8-Sep-2010															        -->
<!-- Module Version No: 1.0                                                             -->
<!--****************************************************************************-->
<config version="1.0">
   <scope role="idocs_member">
      <component id="taskattachment" extends="taskattachment:webcomponent/config/library/workflow/attachment/taskattachment_component.xml">
         <desc>
            Manages the attachments to tasks in the inbox. 
         </desc>
         <params>
            <param name="objectId" required="true"/>
         </params>
		 <!-- Start-> Customization to hide form in attachment list -->
         <pages>
            <start>/custom/jsps/workflow/taskAttachmentList.jsp</start>
            <list>/custom/jsps/workflow/taskAttachmentList.jsp</list>
            <drilldown>/webcomponent/library/workflow/attachment/taskAttachmentDrilldown.jsp</drilldown>
         </pages>
		 <!-- End-> Customization to hide form in attachment list -->
         <class>com.documentum.webcomponent.library.workflow.attachment.TaskAttachment</class>
         <nlsbundle>com.documentum.webcomponent.library.workflow.attachment.AttachmentNlsProp</nlsbundle>
         <helpcontextid>taskattachment</helpcontextid>
      </component>
   </scope>
</config>
<!--~~~~~~~~~~~~~~~~~~~~~~~~~~~~~~~~~~~~~~~~~~~~~~~~~~~~~~~ Developer's Comments
# Parameters
/* objectId                             (Required) ID of the workflow process 
*/
#
~~~~~~~~~~~~~~~~~~~~~~~~~~~~~~~~~~~~~~~~~~~~~~~~~~~~~~~~~~~~~~~~~~~~~~~~~~~~~-->
