{
  "name" : "process-type",
  "type" : "itk_generatetransactionstatussummary",
  "label" : "GenerateTransactionStatusSummary",
  "runnable-stateless" : true,
  "urn" : "urn:itk:com.emc.ide.artifact.process:Artifacts/Processes/generatetransactionstatussummary.process",
  "properties" : [ {
    "name" : "process_id",
    "label" : "process_id",
    "type" : "string",
    "length" : 64
  }, {
    "name" : "status",
    "label" : "status",
    "type" : "string",
    "length" : 64
  }, {
    "name" : "id",
    "label" : "id",
    "type" : "string",
    "length" : 64
  }, {
    "name" : "r_runtime_state",
    "label" : "r_runtime_state",
    "type" : "integer"
  }, {
    "name" : "correlation_identifier",
    "label" : "correlation_identifier",
    "type" : "string",
    "length" : 64
  }, {
    "name" : "object_name",
    "label" : "object_name",
    "type" : "string",
    "length" : 64
  }, {
    "name" : "r_creator_name",
    "label" : "r_creator_name",
    "type" : "string",
    "length" : 64
  }, {
    "name" : "r_start_date",
    "label" : "r_start_date",
    "type" : "datetime"
  }, {
    "name" : "supervisor_name",
    "label" : "supervisor_name",
    "type" : "string",
    "length" : 64
  }, {
    "name" : "supervisor_address",
    "label" : "supervisor_address",
    "type" : "string",
    "length" : 64
  } ],
  "tasks" : [ {
    "rel" : "http://identifiers.emc.com/linkrel/task",
    "href" : "${contextPath}types/processes/itk_generatetransactionstatussummary/tasks/itk_initiate"
  }, {
    "rel" : "http://identifiers.emc.com/linkrel/task",
    "href" : "${contextPath}types/processes/itk_generatetransactionstatussummary/tasks/itk_end"
  }, {
    "rel" : "http://identifiers.emc.com/linkrel/task",
    "href" : "${contextPath}types/processes/itk_generatetransactionstatussummary/tasks/itk_get_row_count"
  }, {
    "rel" : "http://identifiers.emc.com/linkrel/task",
    "href" : "${contextPath}types/processes/itk_generatetransactionstatussummary/tasks/itk_decision_split"
  }, {
    "rel" : "http://identifiers.emc.com/linkrel/task",
    "href" : "${contextPath}types/processes/itk_generatetransactionstatussummary/tasks/itk_received_count"
  }, {
    "rel" : "http://identifiers.emc.com/linkrel/task",
    "href" : "${contextPath}types/processes/itk_generatetransactionstatussummary/tasks/itk_get_current_row_lab"
  }, {
    "rel" : "http://identifiers.emc.com/linkrel/task",
    "href" : "${contextPath}types/processes/itk_generatetransactionstatussummary/tasks/itk_increment_row_count"
  }, {
    "rel" : "http://identifiers.emc.com/linkrel/task",
    "href" : "${contextPath}types/processes/itk_generatetransactionstatussummary/tasks/itk_delivered_count"
  }, {
    "rel" : "http://identifiers.emc.com/linkrel/task",
    "href" : "${contextPath}types/processes/itk_generatetransactionstatussummary/tasks/itk_updated_count"
  }, {
    "rel" : "http://identifiers.emc.com/linkrel/task",
    "href" : "${contextPath}types/processes/itk_generatetransactionstatussummary/tasks/itk_define_source_types"
  } ],
  "flows" : [ {
    "source" : "${contextPath}types/processes/itk_generatetransactionstatussummary/tasks/itk_decision_split",
    "target" : "${contextPath}types/processes/itk_generatetransactionstatussummary/tasks/itk_end",
    "flow-type" : "regular"
  }, {
    "source" : "${contextPath}types/processes/itk_generatetransactionstatussummary/tasks/itk_decision_split",
    "target" : "${contextPath}types/processes/itk_generatetransactionstatussummary/tasks/itk_get_current_row_lab",
    "flow-type" : "regular"
  }, {
    "source" : "${contextPath}types/processes/itk_generatetransactionstatussummary/tasks/itk_get_row_count",
    "target" : "${contextPath}types/processes/itk_generatetransactionstatussummary/tasks/itk_decision_split",
    "flow-type" : "regular"
  }, {
    "source" : "${contextPath}types/processes/itk_generatetransactionstatussummary/tasks/itk_get_current_row_lab",
    "target" : "${contextPath}types/processes/itk_generatetransactionstatussummary/tasks/itk_received_count",
    "flow-type" : "regular"
  }, {
    "source" : "${contextPath}types/processes/itk_generatetransactionstatussummary/tasks/itk_increment_row_count",
    "target" : "${contextPath}types/processes/itk_generatetransactionstatussummary/tasks/itk_decision_split",
    "flow-type" : "regular"
  }, {
    "source" : "${contextPath}types/processes/itk_generatetransactionstatussummary/tasks/itk_received_count",
    "target" : "${contextPath}types/processes/itk_generatetransactionstatussummary/tasks/itk_delivered_count",
    "flow-type" : "regular"
  }, {
    "source" : "${contextPath}types/processes/itk_generatetransactionstatussummary/tasks/itk_initiate",
    "target" : "${contextPath}types/processes/itk_generatetransactionstatussummary/tasks/itk_define_source_types",
    "flow-type" : "regular"
  }, {
    "source" : "${contextPath}types/processes/itk_generatetransactionstatussummary/tasks/itk_define_source_types",
    "target" : "${contextPath}types/processes/itk_generatetransactionstatussummary/tasks/itk_get_row_count",
    "flow-type" : "regular"
  }, {
    "source" : "${contextPath}types/processes/itk_generatetransactionstatussummary/tasks/itk_delivered_count",
    "target" : "${contextPath}types/processes/itk_generatetransactionstatussummary/tasks/itk_updated_count",
    "flow-type" : "regular"
  }, {
    "source" : "${contextPath}types/processes/itk_generatetransactionstatussummary/tasks/itk_updated_count",
    "target" : "${contextPath}types/processes/itk_generatetransactionstatussummary/tasks/itk_increment_row_count",
    "flow-type" : "regular"
  } ],
  "data" : {
    "variables" : [ {
      "name" : "start_date_input",
      "label" : "start_date_input",
      "type" : "datetime",
      "repeating" : false,
      "default-value" : null,
      "mandatory" : false,
      "input" : true,
      "output" : false
    }, {
      "name" : "end_date_input",
      "label" : "end_date_input",
      "type" : "datetime",
      "repeating" : false,
      "default-value" : null,
      "mandatory" : false,
      "input" : true,
      "output" : false
    }, {
      "name" : "source_values_input",
      "label" : "source_values_input",
      "type" : "string",
      "repeating" : true,
      "default-value" : null,
      "mandatory" : false,
      "input" : false,
      "output" : false
    }, {
      "name" : "row_values_output",
      "label" : "row_values_output",
      "type" : "string",
      "repeating" : true,
      "default-value" : null,
      "mandatory" : false,
      "input" : false,
      "output" : false
    }, {
      "name" : "total_row_count",
      "label" : "total_row_count",
      "type" : "integer",
      "repeating" : false,
      "default-value" : null,
      "mandatory" : false,
      "input" : false,
      "output" : false
    }, {
      "name" : "cur_row_label",
      "label" : "cur_row_label",
      "type" : "string",
      "repeating" : true,
      "default-value" : null,
      "mandatory" : false,
      "input" : false,
      "output" : true
    }, {
      "name" : "cur_row_index",
      "label" : "cur_row_index",
      "type" : "integer",
      "repeating" : false,
      "default-value" : "0",
      "mandatory" : false,
      "input" : false,
      "output" : false
    }, {
      "name" : "cur_row_value",
      "label" : "cur_row_value",
      "type" : "string",
      "repeating" : false,
      "default-value" : null,
      "mandatory" : false,
      "input" : false,
      "output" : false
    }, {
      "name" : "temp_value",
      "label" : "temp_value",
      "type" : "string",
      "repeating" : false,
      "default-value" : null,
      "mandatory" : false,
      "input" : false,
      "output" : false
    }, {
      "name" : "received_count",
      "label" : "received_count",
      "type" : "integer",
      "repeating" : true,
      "default-value" : null,
      "mandatory" : false,
      "input" : false,
      "output" : true
    }, {
      "name" : "delivered_count",
      "label" : "delivered_count",
      "type" : "integer",
      "repeating" : true,
      "default-value" : null,
      "mandatory" : false,
      "input" : false,
      "output" : true
    }, {
      "name" : "updated_count",
      "label" : "updated_count",
      "type" : "integer",
      "repeating" : true,
      "default-value" : null,
      "mandatory" : false,
      "input" : false,
      "output" : true
    } ]
  },
  "links" : [ {
    "rel" : "self",
    "href" : "${contextPath}types/processes/itk_generatetransactionstatussummary"
  }, {
    "rel" : "http://identifiers.emc.com/linkrel/instances",
    "href" : "${contextPath}processes/itk_generatetransactionstatussummary"
  }, {
    "rel" : "http://identifiers.emc.com/linkrel/halt"
  }, {
    "rel" : "http://identifiers.emc.com/linkrel/resume"
  }, {
    "rel" : "http://identifiers.emc.com/linkrel/terminate"
  }, {
    "rel" : "http://identifiers.emc.com/linkrel/tasks"
  }, {
    "rel" : "http://identifiers.emc.com/linkrel/attachments"
  } ]
}