{
  "cls" : "itk_dkiadministration",
  "padding" : "0",
  "border" : false,
  "pageTitle" : "${_UI_Page_itk_dkiadministration_title}",
  "xtype" : "xcp_form",
  "items" : [ {
    "xtype" : "xcp_action_container",
    "actions" : [ {
      "xcpId" : "dkigetusersqueues_initiate_staless_ds",
      "actionModel" : "itk_dkigetusersqueues_initiate_staless_ds_outputs",
      "inputModelName" : "itk_dkigetusersqueues_initiate_staless_ds_inputs",
      "actionType" : "datasource",
      "plugins" : [ {
        "ptype" : "xcp_expression_properties",
        "expression" : [ {
          "propertyId" : "processVariables.p_user_name",
          "setterFunName" : "setInputProperty",
          "etype" : "itk_dkiadministration_dkigetusersqueues_initiate_staless_ds_processVariables_p_user_name_1",
          "events" : [ "processor_users_input.change" ],
          "disableInitialEval" : false
        } ],
        "mapping" : {
          "processVariables.p_user_name" : ["processor_users_input" ]
        }
      } ],
      "autoLoad" : false,
      "invokerEvents" : ["dkiupdatequeueassignments_initiate_staless_ds_1.success","processor_users_input.change","dkiupdatequeueassignments_initiate_staless_ds.success" ],
      "pageSize" : 10
    }, {
      "xcpId" : "dkigetmanagertransactionlist_initiate_staless_ds",
      "actionModel" : "itk_dkigetmanagertransactionlist_initiate_staless_ds_outputs",
      "inputModelName" : "itk_dkigetmanagertransactionlist_initiate_staless_ds_inputs",
      "actionType" : "datasource",
      "plugins" : [ {
        "ptype" : "xcp_expression_properties",
        "expression" : [ {
          "propertyId" : "processVariables.p_selected_queue",
          "setterFunName" : "setInputProperty",
          "etype" : "itk_dkiadministration_dkigetmanagertransactionlist_initiate_staless_ds_processVariables_p_selected_queue_1",
          "events" : [ "queue_input.change" ],
          "disableInitialEval" : false
        } ],
        "mapping" : {
          "processVariables.p_selected_queue" : ["queue_input" ]
        }
      } ],
      "autoLoad" : true,
      "invokerEvents" : ["queue_input.change" ],
      "pageSize" : 20
    }, {
      "xcpId" : "dkiupdatequeueassignments_initiate_staless_ds",
      "actionModel" : "itk_dkiupdatequeueassignments_initiate_staless_ds_outputs",
      "inputModelName" : "itk_dkiupdatequeueassignments_initiate_staless_ds_inputs",
      "actionType" : "datasource",
      "autoLoad" : true,
      "pageSize" : 10,
      "outputType" : "Object",
      "plugins" : [ {
        "ptype" : "xcp_expression_properties",
        "expression" : [ {
          "propertyId" : "processVariables.p_operation",
          "setterFunName" : "setInputProperty",
          "etype" : "itk_dkiadministration_dkiupdatequeueassignments_initiate_staless_ds_processVariables_p_operation_1"
        }, {
          "propertyId" : "processVariables.p_queue_group_name",
          "setterFunName" : "setInputProperty",
          "etype" : "itk_dkiadministration_dkiupdatequeueassignments_initiate_staless_ds_processVariables_p_queue_group_name_1",
          "events" : [ "available_queues_input.change" ],
          "disableInitialEval" : false
        }, {
          "propertyId" : "processVariables.p_user_name",
          "setterFunName" : "setInputProperty",
          "etype" : "itk_dkiadministration_dkiupdatequeueassignments_initiate_staless_ds_processVariables_p_user_name_1",
          "events" : [ "processor_users_input.change" ],
          "disableInitialEval" : false
        } ],
        "mapping" : {
          "processVariables.p_queue_group_name" : ["available_queues_input" ],
          "processVariables.p_user_name" : ["processor_users_input" ]
        }
      } ],
      "autoLoad" : false,
      "outputType" : "Object"
    }, {
      "xcpId" : "dkiupdatequeueassignments_initiate_staless_ds_1",
      "actionModel" : "itk_dkiupdatequeueassignments_initiate_staless_ds_outputs",
      "inputModelName" : "itk_dkiupdatequeueassignments_initiate_staless_ds_inputs",
      "actionType" : "datasource",
      "autoLoad" : true,
      "pageSize" : 10,
      "outputType" : "Object",
      "plugins" : [ {
        "ptype" : "xcp_expression_properties",
        "expression" : [ {
          "propertyId" : "processVariables.p_operation",
          "setterFunName" : "setInputProperty",
          "etype" : "itk_dkiadministration_dkiupdatequeueassignments_initiate_staless_ds_1_processVariables_p_operation_1"
        }, {
          "propertyId" : "processVariables.p_queue_group_name",
          "setterFunName" : "setInputProperty",
          "etype" : "itk_dkiadministration_dkiupdatequeueassignments_initiate_staless_ds_1_processVariables_p_queue_group_name_1",
          "events" : [ "assigned_queues.selectionchange" ],
          "disableInitialEval" : false
        }, {
          "propertyId" : "processVariables.p_user_name",
          "setterFunName" : "setInputProperty",
          "etype" : "itk_dkiadministration_dkiupdatequeueassignments_initiate_staless_ds_1_processVariables_p_user_name_1",
          "events" : [ "processor_users_input.change" ],
          "disableInitialEval" : false
        } ],
        "mapping" : {
          "processVariables.p_queue_group_name" : ["assigned_queues" ],
          "processVariables.p_user_name" : ["processor_users_input" ]
        }
      } ],
      "autoLoad" : false,
      "outputType" : "Object"
    }, {
      "xcpId" : "dkigetlistofqueues_initiate_staless_ds",
      "actionModel" : "itk_dkigetlistofqueues_initiate_staless_ds_outputs",
      "inputModelName" : "itk_dkigetlistofqueues_initiate_staless_ds_inputs",
      "actionType" : "datasource",
      "plugins" : [ {
        "ptype" : "xcp_expression_properties",
        "expression" : [ ],
        "mapping" : {
        }
      } ],
      "autoLoad" : true
    }, {
      "xcpId" : "getroleusers_initiate_staless_ds",
      "actionModel" : "itk_getroleusers_initiate_staless_ds_outputs",
      "inputModelName" : "itk_getroleusers_initiate_staless_ds_inputs",
      "actionType" : "datasource",
      "plugins" : [ {
        "ptype" : "xcp_expression_properties",
        "expression" : [ {
          "propertyId" : "processVariables.p_user_role",
          "setterFunName" : "setInputProperty",
          "etype" : "itk_dkiadministration_getroleusers_initiate_staless_ds_processVariables_p_user_role_1"
        } ],
        "mapping" : {
        }
      } ],
      "autoLoad" : true
    } ]
  }, {
    "xtype" : "xcp_session_variable_container",
    "plugins" : [ {
      "ptype" : "xcp_expression_properties",
      "expression" : [ {
        "propertyId" : "itk_curmgrselectedtask",
        "setterFunName" : "setSessionVariableValue",
        "etype" : "itk_dkiadministration_itk_curmgrselectedtask_1",
        "events" : [ "pending_tasks.selectionchange" ],
        "disableInitialEval" : true
      }, {
        "propertyId" : "itk_dkiscanid",
        "setterFunName" : "setSessionVariableValue",
        "etype" : "itk_dkiadministration_itk_dkiscanid_1",
        "events" : [ "pending_tasks.selectionchange" ],
        "disableInitialEval" : true
      } ]
    } ]
  }, {
    "xtype" : "xcp_uievent_publisher",
    "plugins" : [ {
      "ptype" : "xcp_publish_uievents",
      "publish" : [ {
        "uievent" : "application.xcp_navigate_to_page",
        "events" : [ "open_task_button.click" ],
        "inputMappings" : [ {
          "propertyId" : "page_id",
          "setterFunName" : "setPublishEventParameter",
          "etype" : "itk_dkiadministration_page_id_1"
        } ]
      } ]
    } ]
  }, {
    "xcpId" : "tab_group",
    "xtype" : "xcp_tab_group",
    "tabPosition" : "top",
    "minWidth" : 450,
    "items" : [ {
      "xcpId" : "tab",
      "xtype" : "xcp_tab",
      "title" : "${_UI_Page_itk_dkiadministration_tab_title}",
      "items" : [ {
        "xcpId" : "column_box",
        "xtype" : "xcp_column_box",
        "collapsible" : false,
        "collapsed" : false,
        "collapseFirst" : true,
        "border" : false,
        "defaultMargins" : "5",
        "layout" : "xcp_columnbox",
        "items" : [ {
          "xcpId" : "columnvbox",
          "xtype" : "xcp_columnvbox",
          "orientation" : "Vertical",
          "overflow_x" : "hidden",
          "labelWidth" : 150,
          "labelAlign" : "left",
          "halign" : "left",
          "valign" : "top",
          "defaultMargins" : "5",
          "items" : [ {
            "xcpId" : "queue_input",
            "xtype" : "xcp_dropdown_list",
            "fieldLabel" : "${_UI_Page_itk_dkiadministration_queue_input_fieldLabel}",
            "valueField" : "p_queue_list",
            "displayField" : "p_queue_list",
            "store" : "dkigetlistofqueues_initiate_staless_ds",
            "valueType" : "STRING"
          }, {
            "xcpId" : "value_display1",
            "xtype" : "xcp_value_display",
            "fieldLabel" : "${_UI_Page_itk_dkiadministration_value_display1_fieldLabel}",
            "valueType" : "STRING",
            "isRepeating" : false
          } ]
        }, {
          "xcpId" : "columnvbox1",
          "xtype" : "xcp_columnvbox",
          "orientation" : "Vertical",
          "overflow_x" : "hidden",
          "labelWidth" : 150,
          "labelAlign" : "left",
          "halign" : "left",
          "valign" : "top",
          "defaultMargins" : "5",
          "items" : [ {
            "xcpId" : "open_task_button",
            "xtype" : "xcp_button",
            "text" : "${_UI_Page_itk_dkiadministration_open_task_button_text}",
            "redirectStyle" : "current",
            "plugins" : [ {
              "ptype" : "xcp_expression_properties",
              "expression" : [ {
                "propertyId" : "disabled",
                "setterFunName" : "setDisabled",
                "etype" : "itk_dkiadministration_open_task_button_disabled_1",
                "events" : [ "pending_tasks.cellclick" ],
                "disableInitialEval" : false,
                "disableProcessingOnRender" : false,
                "initialDefaultExprValue" : null
              } ]
            } ]
          } ]
        } ]
      }, {
        "xcpId" : "column_box1",
        "xtype" : "xcp_column_box",
        "title" : "${_UI_Page_itk_dkiadministration_column_box1_title}",
        "collapsible" : false,
        "collapsed" : false,
        "collapseFirst" : true,
        "border" : false,
        "defaultMargins" : "5",
        "layout" : "xcp_columnbox",
        "items" : [ {
          "xcpId" : "columnvbox2",
          "xtype" : "xcp_columnvbox",
          "orientation" : "Vertical",
          "overflow_x" : "hidden",
          "labelWidth" : 150,
          "labelAlign" : "left",
          "halign" : "left",
          "valign" : "top",
          "defaultMargins" : "5",
          "items" : [ {
            "xcpId" : "pending_tasks",
            "xtype" : "xcp_results_list",
            "typeName" : "itk_dkigetmanagertransactionlist_initiate",
            "modelName" : "itk_dkigetmanagertransactionlist_initiate_staless_ds_outputs",
            "storeId" : "dkigetmanagertransactionlist_initiate_staless_ds",
            "pageSize" : 20,
            "selectionModel" : false,
            "enableDragDrop" : false,
            "disableNavigationOnFirstColumn" : false,
            "allowDeselect" : false,
            "columns" : [ {
              "xcpId" : "results_list_page_link_column",
              "xtype" : "xcp_results_list_page_link_column",
              "text" : "${_UI_Page_itk_dkiadministration_results_list_page_link_column_text}",
              "width" : 120,
              "dataIndex" : "p_transaction_id",
              "valueType" : "STRING",
              "isRepeating" : false,
              "sortable" : false,
              "menuDisabled" : true
            }, {
              "xcpId" : "results_list_column",
              "xtype" : "xcp_results_list_column",
              "text" : "${_UI_Page_itk_dkiadministration_results_list_column_text}",
              "width" : 300,
              "dataIndex" : "p_object_name",
              "valueType" : "STRING",
              "isRepeating" : false,
              "sortable" : false,
              "menuDisabled" : true
            }, {
              "xcpId" : "results_list_column1",
              "xtype" : "xcp_results_list_column",
              "text" : "${_UI_Page_itk_dkiadministration_results_list_column1_text}",
              "width" : 150,
              "dataIndex" : "p_doc_received_date",
              "valueType" : "STRING",
              "isRepeating" : false,
              "sortable" : false,
              "menuDisabled" : true
            }, {
              "xcpId" : "results_list_column4",
              "xtype" : "xcp_results_list_column",
              "text" : "${_UI_Page_itk_dkiadministration_results_list_column4_text}",
              "width" : 150,
              "dataIndex" : "p_scan_id",
              "valueType" : "STRING",
              "isRepeating" : false,
              "sortable" : false,
              "menuDisabled" : true
            }, {
              "xcpId" : "results_list_column2",
              "xtype" : "xcp_results_list_column",
              "text" : "${_UI_Page_itk_dkiadministration_results_list_column2_text}",
              "width" : 150,
              "dataIndex" : "p_r_object_id",
              "valueType" : "STRING",
              "isRepeating" : false,
              "sortable" : false,
              "menuDisabled" : true
            } ]
          } ]
        } ]
      } ]
    }, {
      "xcpId" : "tab1",
      "xtype" : "xcp_tab",
      "title" : "${_UI_Page_itk_dkiadministration_tab1_title}",
      "items" : [ {
        "xcpId" : "column_box2",
        "xtype" : "xcp_column_box",
        "title" : "${_UI_Page_itk_dkiadministration_column_box2_title}",
        "collapsible" : false,
        "collapsed" : false,
        "collapseFirst" : true,
        "border" : false,
        "defaultMargins" : "5",
        "layout" : "xcp_columnbox",
        "items" : [ {
          "xcpId" : "columnvbox3",
          "xtype" : "xcp_columnvbox",
          "orientation" : "Vertical",
          "overflow_x" : "hidden",
          "labelWidth" : 150,
          "labelAlign" : "left",
          "halign" : "left",
          "valign" : "top",
          "defaultMargins" : "5",
          "items" : [ {
            "xcpId" : "processor_users_input",
            "xtype" : "xcp_dropdown_list",
            "fieldLabel" : "${_UI_Page_itk_dkiadministration_processor_users_input_fieldLabel}",
            "valueField" : "p_role_users",
            "displayField" : "p_role_users",
            "store" : "getroleusers_initiate_staless_ds",
            "valueType" : "STRING"
          }, {
            "xcpId" : "available_queues_input",
            "xtype" : "xcp_dropdown_list",
            "fieldLabel" : "${_UI_Page_itk_dkiadministration_available_queues_input_fieldLabel}",
            "valueField" : "p_group_list",
            "displayField" : "p_queue_list",
            "store" : "dkigetlistofqueues_initiate_staless_ds",
            "valueType" : "STRING"
          }, {
            "xcpId" : "update_button",
            "xtype" : "xcp_button",
            "text" : "${_UI_Page_itk_dkiadministration_update_button_text}",
            "actionInstanceId" : "dkiupdatequeueassignments_initiate_staless_ds",
            "redirectStyle" : "current",
            "plugins" : [ {
              "ptype" : "xcp_expression_properties",
              "expression" : [ {
                "propertyId" : "disabled",
                "setterFunName" : "setDisabled",
                "etype" : "itk_dkiadministration_update_button_disabled_1",
                "events" : [ "processor_users_input.change", "available_queues_input.change" ],
                "disableInitialEval" : false,
                "disableProcessingOnRender" : false,
                "initialDefaultExprValue" : null
              } ]
            } ]
          }, {
            "xcpId" : "value_display",
            "xtype" : "xcp_value_display",
            "fieldLabel" : "${_UI_Page_itk_dkiadministration_value_display_fieldLabel}",
            "valueType" : "STRING",
            "isRepeating" : false,
            "plugins" : [ {
              "ptype" : "xcp_expression_properties",
              "expression" : [ {
                "propertyId" : "hidden",
                "setterFunName" : "setHidden",
                "etype" : "itk_dkiadministration_value_display_hidden_1",
                "disableProcessingOnRender" : true,
                "initialDefaultExprValue" : "true"
              }, {
                "propertyId" : "value",
                "setterFunName" : "setValue",
                "etype" : "itk_dkiadministration_value_display_value_1",
                "events" : [ "dkiupdatequeueassignments_initiate_staless_ds_1.change" ],
                "disableInitialEval" : false,
                "disableProcessingOnRender" : false,
                "initialDefaultExprValue" : null
              } ]
            } ]
          } ]
        }, {
          "xcpId" : "columnvbox4",
          "xtype" : "xcp_columnvbox",
          "orientation" : "Vertical",
          "overflow_x" : "hidden",
          "labelWidth" : 150,
          "labelAlign" : "left",
          "halign" : "left",
          "valign" : "top",
          "defaultMargins" : "5",
          "items" : [ {
            "xcpId" : "assigned_queues",
            "xtype" : "xcp_results_list",
            "title" : "${_UI_Page_itk_dkiadministration_assigned_queues_title}",
            "typeName" : "itk_dkigetusersqueues_initiate",
            "modelName" : "itk_dkigetusersqueues_initiate_staless_ds_outputs",
            "storeId" : "dkigetusersqueues_initiate_staless_ds",
            "pageSize" : 10,
            "selectionModel" : false,
            "enableDragDrop" : false,
            "disableNavigationOnFirstColumn" : false,
            "allowDeselect" : false,
            "columns" : [ {
              "xcpId" : "results_list_page_link_column1",
              "xtype" : "xcp_results_list_page_link_column",
              "text" : "${_UI_Page_itk_dkiadministration_results_list_page_link_column1_text}",
              "width" : 150,
              "dataIndex" : "p_queue_names",
              "valueType" : "STRING",
              "isRepeating" : false,
              "sortable" : false,
              "menuDisabled" : true
            }, {
              "xcpId" : "results_list_column3",
              "xtype" : "xcp_results_list_column",
              "text" : "${_UI_Page_itk_dkiadministration_results_list_column3_text}",
              "dataIndex" : "p_group_names",
              "valueType" : "STRING",
              "isRepeating" : false,
              "sortable" : false,
              "menuDisabled" : true
            } ]
          }, {
            "xcpId" : "remove_button",
            "xtype" : "xcp_button",
            "text" : "${_UI_Page_itk_dkiadministration_remove_button_text}",
            "actionInstanceId" : "dkiupdatequeueassignments_initiate_staless_ds_1",
            "redirectStyle" : "current",
            "plugins" : [ {
              "ptype" : "xcp_expression_properties",
              "expression" : [ {
                "propertyId" : "disabled",
                "setterFunName" : "setDisabled",
                "etype" : "itk_dkiadministration_remove_button_disabled_1",
                "events" : [ "assigned_queues.cellclick" ],
                "disableInitialEval" : false,
                "disableProcessingOnRender" : false,
                "initialDefaultExprValue" : null
              } ]
            } ]
          } ]
        } ]
      } ]
    } ]
  } ]
}