{
  "cls" : "itk_dashboard_transacti",
  "padding" : "0",
  "border" : false,
  "pageTitle" : "${_UI_Page_itk_dashboard_transacti_title}",
  "xtype" : "xcp_form",
  "items" : [ {
    "xtype" : "xcp_action_container",
    "actions" : [ {
      "xcpId" : "generatetransactionstatussummary_initiate_staless_ds",
      "actionModel" : "itk_generatetransactionstatussummary_initiate_staless_ds_outputs",
      "inputModelName" : "itk_generatetransactionstatussummary_initiate_staless_ds_inputs",
      "actionType" : "datasource",
      "plugins" : [ {
        "ptype" : "xcp_expression_properties",
        "expression" : [ {
          "propertyId" : "processVariables.end_date_input",
          "setterFunName" : "setInputProperty",
          "etype" : "itk_dashboard_transacti_generatetransactionstatussummary_initiate_staless_ds_processVariables_end_date_input_1",
          "events" : [ "end_date_input.change" ],
          "disableInitialEval" : false
        }, {
          "propertyId" : "processVariables.start_date_input",
          "setterFunName" : "setInputProperty",
          "etype" : "itk_dashboard_transacti_generatetransactionstatussummary_initiate_staless_ds_processVariables_start_date_input_1",
          "events" : [ "start_date_input.change" ],
          "disableInitialEval" : false
        } ],
        "mapping" : {
          "processVariables.end_date_input" : ["end_date_input" ],
          "processVariables.start_date_input" : ["start_date_input" ]
        }
      } ],
      "autoLoad" : true,
      "pageSize" : 10
    } ]
  }, {
    "xtype" : "xcp_uievent_publisher",
    "plugins" : [ {
      "ptype" : "xcp_publish_uievents",
      "publish" : [ ]
    } ]
  }, {
    "xcpId" : "column_box",
    "xtype" : "xcp_column_box",
    "collapsible" : false,
    "collapsed" : false,
    "collapseFirst" : true,
    "border" : false,
    "defaultMargins" : "5",
    "layout" : "xcp_columnbox",
    "items" : [ {
      "xcpId" : "columnvbox4",
      "xtype" : "xcp_columnvbox",
      "orientation" : "Vertical",
      "overflow_x" : "hidden",
      "labelWidth" : 150,
      "labelAlign" : "left",
      "halign" : "left",
      "valign" : "top",
      "defaultMargins" : "5",
      "items" : [ {
        "xcpId" : "start_date_input",
        "xtype" : "xcp_date_time_input",
        "fieldLabel" : "${_UI_Page_itk_dashboard_transacti_start_date_input_fieldLabel}",
        "hstretch" : true,
        "format" : {
          "xtype" : "xcp_datetime_formatter",
          "dateFormat" : "short",
          "timeFormat" : "short",
          "dateStyle" : "date"
        },
        "valueType" : "DATETIME"
      } ]
    }, {
      "xcpId" : "columnvbox",
      "xtype" : "xcp_columnvbox",
      "orientation" : "Vertical",
      "overflow_x" : "hidden",
      "labelWidth" : 150,
      "labelAlign" : "left",
      "halign" : "left",
      "valign" : "top",
      "defaultMargins" : "5",
      "items" : [ {
        "xcpId" : "button",
        "xtype" : "xcp_button",
        "text" : "${_UI_Page_itk_dashboard_transacti_button_text}",
        "actionInstanceId" : "generatetransactionstatussummary_initiate_staless_ds",
        "redirectStyle" : "current"
      } ]
    }, {
      "xcpId" : "columnvbox1",
      "xtype" : "xcp_columnvbox",
      "orientation" : "Vertical",
      "overflow_x" : "hidden",
      "labelWidth" : 150,
      "labelAlign" : "left",
      "halign" : "left",
      "valign" : "top",
      "defaultMargins" : "5"
    } ]
  }, {
    "xcpId" : "column_box1",
    "xtype" : "xcp_column_box",
    "collapsible" : false,
    "collapsed" : false,
    "collapseFirst" : true,
    "border" : false,
    "defaultMargins" : "5",
    "layout" : "xcp_columnbox",
    "items" : [ {
      "xcpId" : "columnvbox5",
      "xtype" : "xcp_columnvbox",
      "orientation" : "Vertical",
      "overflow_x" : "hidden",
      "labelWidth" : 150,
      "labelAlign" : "left",
      "halign" : "left",
      "valign" : "top",
      "defaultMargins" : "5",
      "items" : [ {
        "xcpId" : "end_date_input",
        "xtype" : "xcp_date_time_input",
        "fieldLabel" : "${_UI_Page_itk_dashboard_transacti_end_date_input_fieldLabel}",
        "hstretch" : true,
        "format" : {
          "xtype" : "xcp_datetime_formatter",
          "dateFormat" : "short",
          "timeFormat" : "short",
          "dateStyle" : "date"
        },
        "valueType" : "DATETIME"
      } ]
    }, {
      "xcpId" : "columnvbox2",
      "xtype" : "xcp_columnvbox",
      "orientation" : "Vertical",
      "overflow_x" : "hidden",
      "labelWidth" : 150,
      "labelAlign" : "left",
      "halign" : "left",
      "valign" : "top",
      "defaultMargins" : "5"
    }, {
      "xcpId" : "columnvbox3",
      "xtype" : "xcp_columnvbox",
      "orientation" : "Vertical",
      "overflow_x" : "hidden",
      "labelWidth" : 150,
      "labelAlign" : "left",
      "halign" : "left",
      "valign" : "top",
      "defaultMargins" : "5"
    } ]
  }, {
    "xcpId" : "column_box2",
    "xtype" : "xcp_column_box",
    "collapsible" : false,
    "collapsed" : false,
    "collapseFirst" : true,
    "border" : false,
    "defaultMargins" : "5",
    "layout" : "xcp_columnbox",
    "items" : [ {
      "xcpId" : "columnvbox7",
      "xtype" : "xcp_columnvbox",
      "orientation" : "Vertical",
      "overflow_x" : "hidden",
      "labelWidth" : 150,
      "labelAlign" : "left",
      "halign" : "left",
      "valign" : "top",
      "defaultMargins" : "5",
      "items" : [ {
        "xcpId" : "results_list",
        "xtype" : "xcp_results_list",
        "typeName" : "itk_generatetransactionstatussummary_initiate",
        "modelName" : "itk_generatetransactionstatussummary_initiate_staless_ds_outputs",
        "storeId" : "generatetransactionstatussummary_initiate_staless_ds",
        "pageSize" : 10,
        "selectionModel" : false,
        "enableDragDrop" : true,
        "columns" : [ {
          "xcpId" : "results_list_page_link_column",
          "xtype" : "xcp_results_list_page_link_column",
          "text" : "${_UI_Page_itk_dashboard_transacti_results_list_page_link_column_text}",
          "width" : 150,
          "dataIndex" : "cur_row_label",
          "valueType" : "STRING",
          "isRepeating" : false,
          "sortable" : false,
          "menuDisabled" : true
        }, {
          "xcpId" : "results_list_column",
          "xtype" : "xcp_results_list_column",
          "text" : "${_UI_Page_itk_dashboard_transacti_results_list_column_text}",
          "width" : 150,
          "dataIndex" : "delivered_count",
          "valueType" : "INTEGER",
          "isRepeating" : false,
          "format" : {
            "xtype" : "xcp_integer_formatter",
            "decimalPrecision" : 0,
            "useThousandSeparator" : true,
            "separatorStyle" : "LOCALE",
            "negativeNumberStyle" : "FORMAT_MINUS_SIGN_STYLE_NONE"
          },
          "sortable" : false,
          "menuDisabled" : true
        }, {
          "xcpId" : "results_list_column1",
          "xtype" : "xcp_results_list_column",
          "text" : "${_UI_Page_itk_dashboard_transacti_results_list_column1_text}",
          "width" : 150,
          "dataIndex" : "received_count",
          "valueType" : "INTEGER",
          "isRepeating" : false,
          "format" : {
            "xtype" : "xcp_integer_formatter",
            "decimalPrecision" : 0,
            "useThousandSeparator" : true,
            "separatorStyle" : "LOCALE",
            "negativeNumberStyle" : "FORMAT_MINUS_SIGN_STYLE_NONE"
          },
          "sortable" : false,
          "menuDisabled" : true
        }, {
          "xcpId" : "results_list_column2",
          "xtype" : "xcp_results_list_column",
          "text" : "${_UI_Page_itk_dashboard_transacti_results_list_column2_text}",
          "dataIndex" : "updated_count",
          "valueType" : "INTEGER",
          "isRepeating" : false,
          "format" : {
            "xtype" : "xcp_integer_formatter",
            "decimalPrecision" : 0,
            "useThousandSeparator" : true,
            "separatorStyle" : "LOCALE",
            "negativeNumberStyle" : "FORMAT_MINUS_SIGN_STYLE_NONE"
          },
          "sortable" : false,
          "menuDisabled" : true
        } ]
      } ]
    } ]
  } ]
}