{
  "cls" : "itk_imqc_review",
  "padding" : "0",
  "border" : false,
  "pageTitle" : "${_UI_Page_itk_imqc_review_title}",
  "xtype" : "xcp_form",
  "items" : [ {
    "xtype" : "xcp_action_container",
    "actions" : [ {
      "xcpId" : "imqcpullnexttransaction_initiate_staless_ds",
      "actionModel" : "itk_imqcpullnexttransaction_initiate_staless_ds_outputs",
      "inputModelName" : "itk_imqcpullnexttransaction_initiate_staless_ds_inputs",
      "actionType" : "datasource",
      "autoLoad" : true,
      "pageSize" : 10,
      "outputType" : "Object",
      "plugins" : [ {
        "ptype" : "xcp_expression_properties",
        "expression" : [ {
          "propertyId" : "processVariables.p_is_last_transaction",
          "setterFunName" : "setInputProperty",
          "etype" : "itk_imqc_review_imqcpullnexttransaction_initiate_staless_ds_processVariables_p_is_last_transaction_1",
          "events" : [ "application.sessionVariableModified.itk_imqcislasttransacti" ],
          "disableInitialEval" : false
        }, {
          "propertyId" : "processVariables.p_queue",
          "setterFunName" : "setInputProperty",
          "etype" : "itk_imqc_review_imqcpullnexttransaction_initiate_staless_ds_processVariables_p_queue_1",
          "events" : [ "application.sessionVariableModified.itk_imqcselectedqueue" ],
          "disableInitialEval" : false
        }, {
          "propertyId" : "processVariables.p_current_user",
          "setterFunName" : "setInputProperty",
          "etype" : "itk_imqc_review_imqcpullnexttransaction_initiate_staless_ds_processVariables_p_current_user_1"
        }, {
          "propertyId" : "processVariables.p_trans_id",
          "setterFunName" : "setInputProperty",
          "etype" : "itk_imqc_review_imqcpullnexttransaction_initiate_staless_ds_processVariables_p_trans_id_1",
          "events" : [ "followup_transaction_id.change" ],
          "disableInitialEval" : false
        } ],
        "mapping" : {
          "processVariables.p_trans_id" : ["followup_transaction_id" ]
        }
      } ],
      "autoLoad" : false,
      "outputType" : "Object"
    }, {
      "xcpId" : "da_def_invoke_stateless_processimqccompletequalityreview_initiate",
      "actionModel" : "itk_da_def_invoke_stateless_processimqccompletequalityreview_initiate",
      "actionType" : "create",
      "plugins" : [ {
        "ptype" : "xcp_expression_properties",
        "expression" : [ {
          "propertyId" : "processVariables.p_followup_date",
          "setterFunName" : "setInputProperty",
          "etype" : "itk_imqc_review_da_def_invoke_stateless_processimqccompletequalityreview_initiate_processVariables_p_followup_date_1",
          "events" : [ "followup_date.change" ],
          "disableInitialEval" : false
        }, {
          "propertyId" : "processVariables.p_followup_reason",
          "setterFunName" : "setInputProperty",
          "etype" : "itk_imqc_review_da_def_invoke_stateless_processimqccompletequalityreview_initiate_processVariables_p_followup_reason_1",
          "events" : [ "followup_reason.change" ],
          "disableInitialEval" : false
        }, {
          "propertyId" : "processVariables.p_hold_for_followup",
          "setterFunName" : "setInputProperty",
          "etype" : "itk_imqc_review_da_def_invoke_stateless_processimqccompletequalityreview_initiate_processVariables_p_hold_for_followup_1",
          "events" : [ "hold_for_followup.change" ],
          "disableInitialEval" : false
        }, {
          "propertyId" : "processVariables.p_qc_date",
          "setterFunName" : "setInputProperty",
          "etype" : "itk_imqc_review_da_def_invoke_stateless_processimqccompletequalityreview_initiate_processVariables_p_qc_date_1"
        }, {
          "propertyId" : "processVariables.p_selected_action",
          "setterFunName" : "setInputProperty",
          "etype" : "itk_imqc_review_da_def_invoke_stateless_processimqccompletequalityreview_initiate_processVariables_p_selected_action_1",
          "events" : [ "process_action.change" ],
          "disableInitialEval" : false
        }, {
          "propertyId" : "processVariables.p_selected_queue",
          "setterFunName" : "setInputProperty",
          "etype" : "itk_imqc_review_da_def_invoke_stateless_processimqccompletequalityreview_initiate_processVariables_p_selected_queue_1",
          "events" : [ "application.sessionVariableModified.itk_imqcselectedqueue" ],
          "disableInitialEval" : false
        }, {
          "propertyId" : "processVariables.p_transaction_id",
          "setterFunName" : "setInputProperty",
          "etype" : "itk_imqc_review_da_def_invoke_stateless_processimqccompletequalityreview_initiate_processVariables_p_transaction_id_1",
          "events" : [ "transaction_id.change" ],
          "disableInitialEval" : false
        }, {
          "propertyId" : "processVariables.p_user_login",
          "setterFunName" : "setInputProperty",
          "etype" : "itk_imqc_review_da_def_invoke_stateless_processimqccompletequalityreview_initiate_processVariables_p_user_login_1"
        }, {
          "propertyId" : "processPackages.package0.id",
          "setterFunName" : "setInputProperty",
          "etype" : "itk_imqc_review_da_def_invoke_stateless_processimqccompletequalityreview_initiate_processPackages_package0_id_1",
          "events" : [ "r_object_id.change" ],
          "disableInitialEval" : false
        } ],
        "mapping" : {
          "processVariables.p_followup_date" : ["followup_date" ],
          "processVariables.p_followup_reason" : ["followup_reason" ],
          "processVariables.p_hold_for_followup" : ["hold_for_followup" ],
          "processVariables.p_selected_action" : ["process_action" ],
          "processVariables.p_transaction_id" : ["transaction_id" ],
          "processPackages.package0.id" : ["r_object_id" ]
        }
      } ]
    }, {
      "xcpId" : "imqcgetactions_initiate_staless_ds",
      "actionModel" : "itk_imqcgetactions_initiate_staless_ds_outputs",
      "inputModelName" : "itk_imqcgetactions_initiate_staless_ds_inputs",
      "actionType" : "datasource",
      "plugins" : [ {
        "ptype" : "xcp_expression_properties",
        "expression" : [ {
          "propertyId" : "processVariables.p_selected_queue",
          "setterFunName" : "setInputProperty",
          "etype" : "itk_imqc_review_imqcgetactions_initiate_staless_ds_processVariables_p_selected_queue_1",
          "events" : [ "application.sessionVariableModified.itk_imqcselectedqueue" ],
          "disableInitialEval" : false
        } ],
        "mapping" : {
        }
      } ],
      "autoLoad" : false,
      "invokerEvents" : ["application.sessionVariableModified.itk_imqcselectedqueue" ]
    }, {
      "xcpId" : "imqcgettransactiondata_initiate_staless_ds",
      "actionModel" : "itk_imqcgettransactiondata_initiate_staless_ds_outputs",
      "inputModelName" : "itk_imqcgettransactiondata_initiate_staless_ds_inputs",
      "actionType" : "datasource",
      "plugins" : [ {
        "ptype" : "xcp_expression_properties",
        "expression" : [ {
          "propertyId" : "processVariables.p_object_id",
          "setterFunName" : "setInputProperty",
          "etype" : "itk_imqc_review_imqcgettransactiondata_initiate_staless_ds_processVariables_p_object_id_1",
          "events" : [ "r_object_id.change" ],
          "disableInitialEval" : false
        } ],
        "mapping" : {
          "processVariables.p_object_id" : ["r_object_id" ]
        }
      } ],
      "autoLoad" : false,
      "invokerEvents" : ["r_object_id.change" ]
    }, {
      "xcpId" : "getviewersecuritytoken_initiate_staless_ds",
      "actionModel" : "itk_getviewersecuritytoken_initiate_staless_ds_outputs",
      "inputModelName" : "itk_getviewersecuritytoken_initiate_staless_ds_inputs",
      "actionType" : "datasource",
      "plugins" : [ {
        "ptype" : "xcp_expression_properties",
        "expression" : [ {
          "propertyId" : "processVariables.p_transaction_id",
          "setterFunName" : "setInputProperty",
          "etype" : "itk_imqc_review_getviewersecuritytoken_initiate_staless_ds_processVariables_p_transaction_id_1",
          "events" : [ "transaction_id.change" ],
          "disableInitialEval" : false
        } ],
        "mapping" : {
          "processVariables.p_transaction_id" : ["transaction_id" ]
        }
      } ],
      "autoLoad" : false,
      "invokerEvents" : ["transaction_id.change" ],
      "outputType" : "Object"
    } ]
  }, {
    "xtype" : "xcp_session_variable_container",
    "plugins" : [ {
      "ptype" : "xcp_expression_properties",
      "expression" : [ {
        "propertyId" : "itk_imqcislasttransacti",
        "setterFunName" : "setSessionVariableValue",
        "etype" : "itk_imqc_review_itk_imqcislasttransacti_1",
        "events" : [ "is_last_transaction.change" ],
        "disableInitialEval" : true
      }, {
        "propertyId" : "itk_imqcselectedqueue",
        "setterFunName" : "setSessionVariableValue",
        "etype" : "itk_imqc_review_itk_imqcselectedqueue_1",
        "events" : [ "imqc_queue.change" ],
        "disableInitialEval" : true
      }, {
        "propertyId" : "itk_curmgrselectedtask",
        "setterFunName" : "setSessionVariableValue",
        "etype" : "itk_imqc_review_itk_curmgrselectedtask_1",
        "events" : [ "imqcpullnexttransaction_initiate_staless_ds.change" ],
        "disableInitialEval" : true
      }, {
        "propertyId" : "itk_previous_page",
        "setterFunName" : "setSessionVariableValue",
        "etype" : "itk_imqc_review_itk_previous_page_1"
      } ]
    } ]
  }, {
    "xtype" : "xcp_uievent_publisher",
    "plugins" : [ {
      "ptype" : "xcp_publish_uievents",
      "publish" : [ {
        "uievent" : "application.xcp_navigate_to_page",
        "events" : [ "da_def_invoke_stateless_processimqccompletequalityreview_initiate.success" ],
        "inputMappings" : [ {
          "propertyId" : "page_id",
          "setterFunName" : "setPublishEventParameter",
          "etype" : "itk_imqc_review_page_id_1"
        } ]
      } ]
    } ]
  }, {
    "xcpId" : "column_box",
    "xtype" : "xcp_column_box",
    "title" : "${_UI_Page_itk_imqc_review_column_box_title}",
    "collapsible" : false,
    "collapsed" : false,
    "collapseFirst" : true,
    "border" : false,
    "defaultMargins" : "5",
    "layout" : "xcp_columnbox",
    "items" : [ {
      "xcpId" : "columnvbox",
      "xtype" : "xcp_columnvbox",
      "orientation" : "Vertical",
      "width" : "30%",
      "overflow_x" : "hidden",
      "labelWidth" : 150,
      "labelAlign" : "left",
      "halign" : "left",
      "valign" : "top",
      "defaultMargins" : "5"
    }, {
      "xcpId" : "columnvbox1",
      "xtype" : "xcp_columnvbox",
      "orientation" : "Vertical",
      "overflow_x" : "hidden",
      "labelWidth" : 150,
      "labelAlign" : "left",
      "halign" : "left",
      "valign" : "top",
      "defaultMargins" : "5"
    } ]
  }, {
    "xcpId" : "column_box1",
    "xtype" : "xcp_column_box",
    "collapsible" : false,
    "collapsed" : false,
    "collapseFirst" : true,
    "border" : false,
    "defaultMargins" : "5",
    "layout" : "xcp_columnbox",
    "items" : [ {
      "xcpId" : "columnvbox2",
      "xtype" : "xcp_columnvbox",
      "orientation" : "Vertical",
      "width" : "30%",
      "overflow_x" : "hidden",
      "labelWidth" : 150,
      "labelAlign" : "left",
      "halign" : "left",
      "valign" : "top",
      "defaultMargins" : "5",
      "items" : [ {
        "xcpId" : "column_box2",
        "xtype" : "xcp_column_box",
        "collapsible" : false,
        "collapsed" : false,
        "collapseFirst" : true,
        "border" : false,
        "defaultMargins" : "5",
        "layout" : "xcp_columnbox",
        "items" : [ {
          "xcpId" : "columnvbox4",
          "xtype" : "xcp_columnvbox",
          "orientation" : "Vertical",
          "overflow_x" : "hidden",
          "labelWidth" : 150,
          "labelAlign" : "left",
          "halign" : "left",
          "valign" : "top",
          "defaultMargins" : "5",
          "items" : [ {
            "xcpId" : "imqc_queue",
            "xtype" : "xcp_dropdown_list",
            "fieldLabel" : "${_UI_Page_itk_imqc_review_imqc_queue_fieldLabel}",
            "store" : "xcp.picklist.itk_imqc_queues",
            "valueType" : "STRING",
            "plugins" : [ {
              "ptype" : "xcp_expression_properties",
              "expression" : [ {
                "propertyId" : "value",
                "setterFunName" : "setValue",
                "etype" : "itk_imqc_review_imqc_queue_value_1",
                "events" : [ "application.sessionVariableModified.itk_imqcselectedqueue" ],
                "disableInitialEval" : false,
                "disableProcessingOnRender" : false,
                "initialDefaultExprValue" : null
              } ]
            } ]
          }, {
            "xcpId" : "status_message",
            "xtype" : "xcp_value_display",
            "fieldLabel" : null,
            "valueType" : "STRING",
            "isRepeating" : false,
            "plugins" : [ {
              "ptype" : "xcp_expression_properties",
              "expression" : [ {
                "propertyId" : "value",
                "setterFunName" : "setValue",
                "eventsBasedEtype" : [ {
                  "etype" : "itk_imqc_review_status_message_value_2",
                  "events" : [ "imqc_queue.change" ]
                }, {
                  "etype" : "itk_imqc_review_status_message_value_3",
                  "events" : [ "get_next_task_button.click" ]
                }, {
                  "etype" : "itk_imqc_review_status_message_value_1",
                  "events" : [ "application.xcpui_on_page_load" ]
                } ],
                "disableInitialEval" : true,
                "disableProcessingOnRender" : false,
                "initialDefaultExprValue" : ""
              } ]
            } ]
          }, {
            "xcpId" : "column_box12",
            "xtype" : "xcp_column_box",
            "collapsible" : false,
            "collapsed" : false,
            "collapseFirst" : true,
            "border" : false,
            "defaultMargins" : "5",
            "layout" : "xcp_columnbox",
            "items" : [ {
              "xcpId" : "columnvbox15",
              "xtype" : "xcp_columnvbox",
              "orientation" : "Vertical",
              "overflow_x" : "hidden",
              "labelWidth" : 150,
              "labelAlign" : "left",
              "halign" : "left",
              "valign" : "top",
              "defaultMargins" : "5",
              "items" : [ {
                "xcpId" : "get_next_task_button",
                "xtype" : "xcp_button",
                "text" : "${_UI_Page_itk_imqc_review_get_next_task_button_text}",
                "actionInstanceId" : "imqcpullnexttransaction_initiate_staless_ds",
                "redirectStyle" : "current",
                "plugins" : [ {
                  "ptype" : "xcp_expression_properties",
                  "expression" : [ {
                    "propertyId" : "disabled",
                    "setterFunName" : "setDisabled",
                    "etype" : "itk_imqc_review_get_next_task_button_disabled_1",
                    "events" : [ "imqc_queue.change" ],
                    "disableInitialEval" : false,
                    "disableProcessingOnRender" : false,
                    "initialDefaultExprValue" : null
                  } ]
                } ]
              } ]
            }, {
              "xcpId" : "columnvbox16",
              "xtype" : "xcp_columnvbox",
              "orientation" : "Vertical",
              "overflow_x" : "hidden",
              "labelWidth" : 150,
              "labelAlign" : "left",
              "halign" : "left",
              "valign" : "top",
              "defaultMargins" : "5"
            } ]
          }, {
            "xcpId" : "record_count",
            "xtype" : "xcp_value_display",
            "fieldLabel" : "${_UI_Page_itk_imqc_review_record_count_fieldLabel}",
            "valueType" : "STRING",
            "isRepeating" : false,
            "plugins" : [ {
              "ptype" : "xcp_expression_properties",
              "expression" : [ {
                "propertyId" : "hidden",
                "setterFunName" : "setHidden",
                "etype" : "itk_imqc_review_record_count_hidden_1",
                "disableProcessingOnRender" : true,
                "initialDefaultExprValue" : "true"
              }, {
                "propertyId" : "value",
                "setterFunName" : "setValue",
                "etype" : "itk_imqc_review_record_count_value_1",
                "events" : [ "imqcpullnexttransaction_initiate_staless_ds.change" ],
                "disableInitialEval" : false,
                "disableProcessingOnRender" : false,
                "initialDefaultExprValue" : null
              } ]
            } ]
          } ]
        } ]
      }, {
        "xcpId" : "column_box13",
        "xtype" : "xcp_column_box",
        "collapsible" : false,
        "collapsed" : false,
        "collapseFirst" : true,
        "border" : false,
        "defaultMargins" : "5",
        "layout" : "xcp_columnbox",
        "items" : [ {
          "xcpId" : "columnvbox17",
          "xtype" : "xcp_columnvbox",
          "orientation" : "Vertical",
          "overflow_x" : "hidden",
          "labelWidth" : 150,
          "labelAlign" : "left",
          "halign" : "left",
          "valign" : "top",
          "defaultMargins" : "5"
        }, {
          "xcpId" : "columnvbox18",
          "xtype" : "xcp_columnvbox",
          "orientation" : "Vertical",
          "overflow_x" : "hidden",
          "labelWidth" : 150,
          "labelAlign" : "left",
          "halign" : "left",
          "valign" : "top",
          "defaultMargins" : "5"
        } ]
      }, {
        "xcpId" : "column_box11",
        "xtype" : "xcp_column_box",
        "collapsible" : false,
        "collapsed" : false,
        "collapseFirst" : true,
        "border" : false,
        "defaultMargins" : "5",
        "layout" : "xcp_columnbox",
        "items" : [ {
          "xcpId" : "columnvbox13",
          "xtype" : "xcp_columnvbox",
          "orientation" : "Vertical",
          "overflow_x" : "hidden",
          "labelWidth" : 150,
          "labelAlign" : "left",
          "halign" : "left",
          "valign" : "top",
          "defaultMargins" : "5",
          "items" : [ {
            "xcpId" : "hold_for_followup",
            "xtype" : "xcp_checkbox",
            "fieldLabel" : null,
            "boxLabel" : "${_UI_Page_itk_imqc_review_hold_for_followup_boxLabel}",
            "valueType" : "BOOLEAN"
          } ]
        }, {
          "xcpId" : "columnvbox14",
          "xtype" : "xcp_columnvbox",
          "orientation" : "Vertical",
          "overflow_x" : "hidden",
          "labelWidth" : 150,
          "labelAlign" : "left",
          "halign" : "left",
          "valign" : "top",
          "defaultMargins" : "5",
          "items" : [ {
            "xcpId" : "is_last_transaction",
            "xtype" : "xcp_checkbox",
            "fieldLabel" : null,
            "boxLabel" : "${_UI_Page_itk_imqc_review_is_last_transaction_boxLabel}",
            "valueType" : "BOOLEAN",
            "plugins" : [ {
              "ptype" : "xcp_expression_properties",
              "expression" : [ {
                "propertyId" : "hidden",
                "setterFunName" : "setHidden",
                "etype" : "itk_imqc_review_is_last_transaction_hidden_1",
                "disableProcessingOnRender" : true,
                "initialDefaultExprValue" : "true"
              }, {
                "propertyId" : "value",
                "setterFunName" : "setValue",
                "eventsBasedEtype" : [ {
                  "etype" : "itk_imqc_review_is_last_transaction_value_1",
                  "events" : [ "application.xcpui_on_page_load" ]
                } ],
                "disableInitialEval" : true,
                "disableProcessingOnRender" : false,
                "initialDefaultExprValue" : ""
              } ]
            } ]
          } ]
        } ]
      }, {
        "xcpId" : "column_box3",
        "xtype" : "xcp_column_box",
        "collapsible" : false,
        "collapsed" : false,
        "collapseFirst" : true,
        "border" : false,
        "defaultMargins" : "5",
        "layout" : "xcp_columnbox",
        "plugins" : [ {
          "ptype" : "xcp_expression_properties",
          "expression" : [ {
            "propertyId" : "hidden",
            "setterFunName" : "setHidden",
            "etype" : "itk_imqc_review_column_box3_hidden_1",
            "events" : [ "hold_for_followup.change" ],
            "disableInitialEval" : false,
            "disableProcessingOnRender" : true,
            "initialDefaultExprValue" : "true"
          } ]
        } ],
        "items" : [ {
          "xcpId" : "columnvbox6",
          "xtype" : "xcp_columnvbox",
          "orientation" : "Vertical",
          "overflow_x" : "hidden",
          "labelWidth" : 150,
          "labelAlign" : "left",
          "halign" : "left",
          "valign" : "top",
          "defaultMargins" : "5",
          "items" : [ {
            "xcpId" : "followup_reason",
            "xtype" : "xcp_dropdown_list",
            "fieldLabel" : "${_UI_Page_itk_imqc_review_followup_reason_fieldLabel}",
            "store" : "xcp.picklist.itk_auto_exception_foll",
            "valueType" : "STRING"
          }, {
            "xcpId" : "followup_date",
            "xtype" : "xcp_date_time_input",
            "fieldLabel" : "${_UI_Page_itk_imqc_review_followup_date_fieldLabel}",
            "hstretch" : true,
            "format" : {
              "xtype" : "xcp_datetime_formatter",
              "dateFormat" : "short",
              "timeFormat" : "short",
              "dateStyle" : "datetime"
            },
            "valueType" : "DATETIME"
          }, {
            "xcpId" : "column_box10",
            "xtype" : "xcp_column_box",
            "collapsible" : false,
            "collapsed" : false,
            "collapseFirst" : true,
            "border" : false,
            "defaultMargins" : "5",
            "layout" : "xcp_columnbox",
            "items" : [ {
              "xcpId" : "columnvbox8",
              "xtype" : "xcp_columnvbox",
              "orientation" : "Vertical",
              "overflow_x" : "hidden",
              "labelWidth" : 150,
              "labelAlign" : "left",
              "halign" : "left",
              "valign" : "top",
              "defaultMargins" : "5",
              "items" : [ {
                "xcpId" : "followup_submit",
                "xtype" : "xcp_button",
                "text" : "${_UI_Page_itk_imqc_review_followup_submit_text}",
                "actionInstanceId" : "da_def_invoke_stateless_processimqccompletequalityreview_initiate",
                "redirectStyle" : "current",
                "showSuccessNotification" : true,
                "showConfirmation" : false,
                "pageSelectionType" : "page"
              } ]
            } ]
          } ]
        } ]
      }, {
        "xcpId" : "column_box4",
        "xtype" : "xcp_column_box",
        "collapsible" : false,
        "collapsed" : false,
        "collapseFirst" : true,
        "border" : false,
        "defaultMargins" : "5",
        "layout" : "xcp_columnbox",
        "plugins" : [ {
          "ptype" : "xcp_expression_properties",
          "expression" : [ {
            "propertyId" : "hidden",
            "setterFunName" : "setHidden",
            "etype" : "itk_imqc_review_column_box4_hidden_1",
            "events" : [ "hold_for_followup.change" ],
            "disableInitialEval" : false,
            "disableProcessingOnRender" : true,
            "initialDefaultExprValue" : "true"
          } ]
        } ],
        "items" : [ {
          "xcpId" : "columnvbox7",
          "xtype" : "xcp_columnvbox",
          "orientation" : "Vertical",
          "overflow_x" : "hidden",
          "labelWidth" : 150,
          "labelAlign" : "left",
          "halign" : "left",
          "valign" : "top",
          "defaultMargins" : "5",
          "items" : [ {
            "xcpId" : "process_action",
            "xtype" : "xcp_dropdown_list",
            "fieldLabel" : "${_UI_Page_itk_imqc_review_process_action_fieldLabel}",
            "valueField" : "p_process_actions",
            "displayField" : "p_process_actions",
            "store" : "imqcgetactions_initiate_staless_ds",
            "valueType" : "STRING",
            "plugins" : [ {
              "ptype" : "xcp_expression_properties",
              "expression" : [ {
                "propertyId" : "value",
                "setterFunName" : "setValue",
                "eventsBasedEtype" : [ {
                  "etype" : "itk_imqc_review_process_action_value_1",
                  "events" : [ "imqc_queue.change" ]
                } ],
                "disableInitialEval" : true,
                "disableProcessingOnRender" : false,
                "initialDefaultExprValue" : ""
              } ]
            } ]
          }, {
            "xcpId" : "column_box9",
            "xtype" : "xcp_column_box",
            "collapsible" : false,
            "collapsed" : false,
            "collapseFirst" : true,
            "border" : false,
            "defaultMargins" : "5",
            "layout" : "xcp_columnbox",
            "items" : [ {
              "xcpId" : "columnvbox5",
              "xtype" : "xcp_columnhbox",
              "orientation" : "Horizontal",
              "overflow_x" : "hidden",
              "labelWidth" : 150,
              "defaultMargins" : "5",
              "labelAlign" : "left",
              "halign" : "left",
              "valign" : "top",
              "items" : [ {
                "xcpId" : "submit_button",
                "xtype" : "xcp_button",
                "text" : "${_UI_Page_itk_imqc_review_submit_button_text}",
                "actionInstanceId" : "da_def_invoke_stateless_processimqccompletequalityreview_initiate",
                "redirectStyle" : "current",
                "showSuccessNotification" : true,
                "showConfirmation" : false,
                "pageSelectionType" : "page",
                "plugins" : [ {
                  "ptype" : "xcp_expression_properties",
                  "expression" : [ {
                    "propertyId" : "disabled",
                    "setterFunName" : "setDisabled",
                    "etype" : "itk_imqc_review_submit_button_disabled_1",
                    "events" : [ "process_action.change", "transaction_id.change" ],
                    "disableInitialEval" : false,
                    "disableProcessingOnRender" : false,
                    "initialDefaultExprValue" : null
                  } ]
                } ]
              } ]
            } ]
          } ]
        } ]
      }, {
        "xcpId" : "column_box5",
        "xtype" : "xcp_column_box",
        "title" : "${_UI_Page_itk_imqc_review_column_box5_title}",
        "collapsible" : true,
        "collapsed" : false,
        "collapseFirst" : true,
        "border" : false,
        "defaultMargins" : "5",
        "layout" : "xcp_columnbox",
        "items" : [ {
          "xcpId" : "columnvbox9",
          "xtype" : "xcp_columnvbox",
          "orientation" : "Vertical",
          "overflow_x" : "hidden",
          "labelWidth" : 150,
          "labelAlign" : "left",
          "halign" : "left",
          "valign" : "top",
          "defaultMargins" : "5",
          "items" : [ {
            "xcpId" : "r_object_id",
            "xtype" : "xcp_value_display",
            "fieldLabel" : "${_UI_Page_itk_imqc_review_r_object_id_fieldLabel}",
            "valueType" : "STRING",
            "isRepeating" : false,
            "plugins" : [ {
              "ptype" : "xcp_expression_properties",
              "expression" : [ {
                "propertyId" : "hidden",
                "setterFunName" : "setHidden",
                "etype" : "itk_imqc_review_r_object_id_hidden_1",
                "disableProcessingOnRender" : true,
                "initialDefaultExprValue" : "true"
              }, {
                "propertyId" : "value",
                "setterFunName" : "setValue",
                "etype" : "itk_imqc_review_r_object_id_value_1",
                "events" : [ "application.sessionVariableModified.itk_curobjectid", "imqcpullnexttransaction_initiate_staless_ds.change" ],
                "disableInitialEval" : false,
                "disableProcessingOnRender" : false,
                "initialDefaultExprValue" : null
              } ]
            } ]
          }, {
            "xcpId" : "transaction_id",
            "xtype" : "xcp_value_display",
            "fieldLabel" : "${_UI_Page_itk_imqc_review_transaction_id_fieldLabel}",
            "valueType" : "STRING",
            "isRepeating" : false,
            "plugins" : [ {
              "ptype" : "xcp_expression_properties",
              "expression" : [ {
                "propertyId" : "value",
                "setterFunName" : "setValue",
                "etype" : "itk_imqc_review_transaction_id_value_1",
                "events" : [ "application.sessionVariableModified.itk_curmgrselectedtask", "imqcpullnexttransaction_initiate_staless_ds.change" ],
                "disableInitialEval" : false,
                "disableProcessingOnRender" : false,
                "initialDefaultExprValue" : null
              } ]
            } ]
          }, {
            "xcpId" : "followup_transaction_id",
            "xtype" : "xcp_value_display",
            "fieldLabel" : "${_UI_Page_itk_imqc_review_followup_transaction_id_fieldLabel}",
            "valueType" : "STRING",
            "isRepeating" : false,
            "plugins" : [ {
              "ptype" : "xcp_expression_properties",
              "expression" : [ {
                "propertyId" : "hidden",
                "setterFunName" : "setHidden",
                "etype" : "itk_imqc_review_followup_transaction_id_hidden_1",
                "disableProcessingOnRender" : true,
                "initialDefaultExprValue" : "true"
              }, {
                "propertyId" : "value",
                "setterFunName" : "setValue",
                "etype" : "itk_imqc_review_followup_transaction_id_value_1",
                "events" : [ "application.sessionVariableModified.itk_curmgrselectedtask" ],
                "disableInitialEval" : false,
                "disableProcessingOnRender" : false,
                "initialDefaultExprValue" : null
              } ]
            } ]
          }, {
            "xcpId" : "received_date",
            "xtype" : "xcp_value_display",
            "fieldLabel" : "${_UI_Page_itk_imqc_review_received_date_fieldLabel}",
            "valueType" : "DATETIME",
            "isRepeating" : true,
            "format" : {
              "xtype" : "xcp_datetime_formatter",
              "dateFormat" : "short",
              "timeFormat" : "short",
              "dateStyle" : "datetime"
            },
            "repeatingAttributeFormat" : {
              "xtype" : "xcp_repeating_attribute_formatter",
              "separatorStyle" : "NEWLINE"
            },
            "plugins" : [ {
              "ptype" : "xcp_expression_properties",
              "expression" : [ {
                "propertyId" : "value",
                "setterFunName" : "setValue",
                "etype" : "itk_imqc_review_received_date_value_1",
                "events" : [ "imqcgettransactiondata_initiate_staless_ds.change" ],
                "disableInitialEval" : false,
                "disableProcessingOnRender" : false,
                "initialDefaultExprValue" : null
              } ]
            } ]
          }, {
            "xcpId" : "object_name",
            "xtype" : "xcp_value_display",
            "fieldLabel" : "${_UI_Page_itk_imqc_review_object_name_fieldLabel}",
            "valueType" : "STRING",
            "isRepeating" : false,
            "plugins" : [ {
              "ptype" : "xcp_expression_properties",
              "expression" : [ {
                "propertyId" : "value",
                "setterFunName" : "setValue",
                "etype" : "itk_imqc_review_object_name_value_1",
                "events" : [ "imqcpullnexttransaction_initiate_staless_ds.change" ],
                "disableInitialEval" : false,
                "disableProcessingOnRender" : false,
                "initialDefaultExprValue" : null
              } ]
            } ]
          }, {
            "xcpId" : "account_number",
            "xtype" : "xcp_value_display",
            "fieldLabel" : "${_UI_Page_itk_imqc_review_account_number_fieldLabel}",
            "valueType" : "STRING",
            "isRepeating" : true,
            "repeatingAttributeFormat" : {
              "xtype" : "xcp_repeating_attribute_formatter",
              "separatorStyle" : "NEWLINE"
            },
            "plugins" : [ {
              "ptype" : "xcp_expression_properties",
              "expression" : [ {
                "propertyId" : "value",
                "setterFunName" : "setValue",
                "etype" : "itk_imqc_review_account_number_value_1",
                "events" : [ "imqcgettransactiondata_initiate_staless_ds.change" ],
                "disableInitialEval" : false,
                "disableProcessingOnRender" : false,
                "initialDefaultExprValue" : null
              } ]
            } ]
          }, {
            "xcpId" : "loan_number",
            "xtype" : "xcp_value_display",
            "fieldLabel" : "${_UI_Page_itk_imqc_review_loan_number_fieldLabel}",
            "valueType" : "STRING",
            "isRepeating" : true,
            "repeatingAttributeFormat" : {
              "xtype" : "xcp_repeating_attribute_formatter",
              "separatorStyle" : "NEWLINE"
            },
            "plugins" : [ {
              "ptype" : "xcp_expression_properties",
              "expression" : [ {
                "propertyId" : "value",
                "setterFunName" : "setValue",
                "etype" : "itk_imqc_review_loan_number_value_1",
                "events" : [ "imqcgettransactiondata_initiate_staless_ds.change" ],
                "disableInitialEval" : false,
                "disableProcessingOnRender" : false,
                "initialDefaultExprValue" : null
              } ]
            } ]
          }, {
            "xcpId" : "loan_suffix",
            "xtype" : "xcp_value_display",
            "fieldLabel" : "${_UI_Page_itk_imqc_review_loan_suffix_fieldLabel}",
            "valueType" : "STRING",
            "isRepeating" : true,
            "repeatingAttributeFormat" : {
              "xtype" : "xcp_repeating_attribute_formatter",
              "separatorStyle" : "NEWLINE"
            },
            "plugins" : [ {
              "ptype" : "xcp_expression_properties",
              "expression" : [ {
                "propertyId" : "value",
                "setterFunName" : "setValue",
                "etype" : "itk_imqc_review_loan_suffix_value_1",
                "events" : [ "imqcgettransactiondata_initiate_staless_ds.change" ],
                "disableInitialEval" : false,
                "disableProcessingOnRender" : false,
                "initialDefaultExprValue" : null
              } ]
            } ]
          } ]
        } ]
      }, {
        "xcpId" : "column_box7",
        "xtype" : "xcp_column_box",
        "title" : "${_UI_Page_itk_imqc_review_column_box7_title}",
        "collapsible" : true,
        "collapsed" : false,
        "collapseFirst" : true,
        "border" : false,
        "defaultMargins" : "5",
        "layout" : "xcp_columnbox",
        "items" : [ {
          "xcpId" : "columnvbox11",
          "xtype" : "xcp_columnvbox",
          "orientation" : "Vertical",
          "overflow_x" : "hidden",
          "labelWidth" : 150,
          "labelAlign" : "left",
          "halign" : "left",
          "valign" : "top",
          "defaultMargins" : "5",
          "items" : [ {
            "xcpId" : "policy_number",
            "xtype" : "xcp_value_display",
            "fieldLabel" : "${_UI_Page_itk_imqc_review_policy_number_fieldLabel}",
            "valueType" : "STRING",
            "isRepeating" : true,
            "repeatingAttributeFormat" : {
              "xtype" : "xcp_repeating_attribute_formatter",
              "separatorStyle" : "NEWLINE"
            },
            "plugins" : [ {
              "ptype" : "xcp_expression_properties",
              "expression" : [ {
                "propertyId" : "value",
                "setterFunName" : "setValue",
                "etype" : "itk_imqc_review_policy_number_value_1",
                "events" : [ "imqcgettransactiondata_initiate_staless_ds.change" ],
                "disableInitialEval" : false,
                "disableProcessingOnRender" : false,
                "initialDefaultExprValue" : null
              } ]
            } ]
          }, {
            "xcpId" : "effective_date",
            "xtype" : "xcp_value_display",
            "fieldLabel" : "${_UI_Page_itk_imqc_review_effective_date_fieldLabel}",
            "valueType" : "DATETIME",
            "isRepeating" : true,
            "format" : {
              "xtype" : "xcp_datetime_formatter",
              "dateFormat" : "short",
              "timeFormat" : "short",
              "dateStyle" : "datetime"
            },
            "repeatingAttributeFormat" : {
              "xtype" : "xcp_repeating_attribute_formatter",
              "separatorStyle" : "NEWLINE"
            },
            "plugins" : [ {
              "ptype" : "xcp_expression_properties",
              "expression" : [ {
                "propertyId" : "value",
                "setterFunName" : "setValue",
                "etype" : "itk_imqc_review_effective_date_value_1",
                "events" : [ "imqcgettransactiondata_initiate_staless_ds.change" ],
                "disableInitialEval" : false,
                "disableProcessingOnRender" : false,
                "initialDefaultExprValue" : null
              } ]
            } ]
          }, {
            "xcpId" : "expiration_date",
            "xtype" : "xcp_value_display",
            "fieldLabel" : "${_UI_Page_itk_imqc_review_expiration_date_fieldLabel}",
            "valueType" : "DATETIME",
            "isRepeating" : true,
            "format" : {
              "xtype" : "xcp_datetime_formatter",
              "dateFormat" : "short",
              "timeFormat" : "short",
              "dateStyle" : "datetime"
            },
            "repeatingAttributeFormat" : {
              "xtype" : "xcp_repeating_attribute_formatter",
              "separatorStyle" : "NEWLINE"
            },
            "plugins" : [ {
              "ptype" : "xcp_expression_properties",
              "expression" : [ {
                "propertyId" : "value",
                "setterFunName" : "setValue",
                "etype" : "itk_imqc_review_expiration_date_value_1",
                "events" : [ "imqcgettransactiondata_initiate_staless_ds.change" ],
                "disableInitialEval" : false,
                "disableProcessingOnRender" : false,
                "initialDefaultExprValue" : null
              } ]
            } ]
          }, {
            "xcpId" : "full_name_on_policy",
            "xtype" : "xcp_value_display",
            "fieldLabel" : "${_UI_Page_itk_imqc_review_full_name_on_policy_fieldLabel}",
            "valueType" : "STRING",
            "isRepeating" : true,
            "repeatingAttributeFormat" : {
              "xtype" : "xcp_repeating_attribute_formatter",
              "separatorStyle" : "NEWLINE"
            },
            "plugins" : [ {
              "ptype" : "xcp_expression_properties",
              "expression" : [ {
                "propertyId" : "value",
                "setterFunName" : "setValue",
                "etype" : "itk_imqc_review_full_name_on_policy_value_1",
                "events" : [ "imqcgettransactiondata_initiate_staless_ds.change" ],
                "disableInitialEval" : false,
                "disableProcessingOnRender" : false,
                "initialDefaultExprValue" : null
              } ]
            } ]
          }, {
            "xcpId" : "email_address",
            "xtype" : "xcp_value_display",
            "fieldLabel" : "${_UI_Page_itk_imqc_review_email_address_fieldLabel}",
            "valueType" : "STRING",
            "isRepeating" : true,
            "repeatingAttributeFormat" : {
              "xtype" : "xcp_repeating_attribute_formatter",
              "separatorStyle" : "NEWLINE"
            },
            "plugins" : [ {
              "ptype" : "xcp_expression_properties",
              "expression" : [ {
                "propertyId" : "value",
                "setterFunName" : "setValue",
                "etype" : "itk_imqc_review_email_address_value_1",
                "events" : [ "imqcgettransactiondata_initiate_staless_ds.change" ],
                "disableInitialEval" : false,
                "disableProcessingOnRender" : false,
                "initialDefaultExprValue" : null
              } ]
            } ]
          } ]
        } ]
      }, {
        "xcpId" : "column_box6",
        "xtype" : "xcp_column_box",
        "title" : "${_UI_Page_itk_imqc_review_column_box6_title}",
        "collapsible" : true,
        "collapsed" : false,
        "collapseFirst" : true,
        "border" : false,
        "defaultMargins" : "5",
        "layout" : "xcp_columnbox",
        "items" : [ {
          "xcpId" : "columnvbox10",
          "xtype" : "xcp_columnvbox",
          "orientation" : "Vertical",
          "overflow_x" : "hidden",
          "labelWidth" : 150,
          "labelAlign" : "left",
          "halign" : "left",
          "valign" : "top",
          "defaultMargins" : "5",
          "items" : [ {
            "xcpId" : "agency_number",
            "xtype" : "xcp_value_display",
            "fieldLabel" : "${_UI_Page_itk_imqc_review_agency_number_fieldLabel}",
            "valueType" : "STRING",
            "isRepeating" : true,
            "repeatingAttributeFormat" : {
              "xtype" : "xcp_repeating_attribute_formatter",
              "separatorStyle" : "NEWLINE"
            },
            "plugins" : [ {
              "ptype" : "xcp_expression_properties",
              "expression" : [ {
                "propertyId" : "value",
                "setterFunName" : "setValue",
                "etype" : "itk_imqc_review_agency_number_value_1",
                "events" : [ "imqcgettransactiondata_initiate_staless_ds.change" ],
                "disableInitialEval" : false,
                "disableProcessingOnRender" : false,
                "initialDefaultExprValue" : null
              } ]
            } ]
          }, {
            "xcpId" : "insurance_company",
            "xtype" : "xcp_value_display",
            "fieldLabel" : "${_UI_Page_itk_imqc_review_insurance_company_fieldLabel}",
            "valueType" : "STRING",
            "isRepeating" : true,
            "repeatingAttributeFormat" : {
              "xtype" : "xcp_repeating_attribute_formatter",
              "separatorStyle" : "NEWLINE"
            },
            "plugins" : [ {
              "ptype" : "xcp_expression_properties",
              "expression" : [ {
                "propertyId" : "value",
                "setterFunName" : "setValue",
                "etype" : "itk_imqc_review_insurance_company_value_1",
                "events" : [ "imqcgettransactiondata_initiate_staless_ds.change" ],
                "disableInitialEval" : false,
                "disableProcessingOnRender" : false,
                "initialDefaultExprValue" : null
              } ]
            } ]
          }, {
            "xcpId" : "agent_name",
            "xtype" : "xcp_value_display",
            "fieldLabel" : "${_UI_Page_itk_imqc_review_agent_name_fieldLabel}",
            "valueType" : "STRING",
            "isRepeating" : true,
            "repeatingAttributeFormat" : {
              "xtype" : "xcp_repeating_attribute_formatter",
              "separatorStyle" : "NEWLINE"
            },
            "plugins" : [ {
              "ptype" : "xcp_expression_properties",
              "expression" : [ {
                "propertyId" : "value",
                "setterFunName" : "setValue",
                "etype" : "itk_imqc_review_agent_name_value_1",
                "events" : [ "imqcgettransactiondata_initiate_staless_ds.change" ],
                "disableInitialEval" : false,
                "disableProcessingOnRender" : false,
                "initialDefaultExprValue" : null
              } ]
            } ]
          }, {
            "xcpId" : "agent_phone",
            "xtype" : "xcp_value_display",
            "fieldLabel" : "${_UI_Page_itk_imqc_review_agent_phone_fieldLabel}",
            "valueType" : "STRING",
            "isRepeating" : true,
            "repeatingAttributeFormat" : {
              "xtype" : "xcp_repeating_attribute_formatter",
              "separatorStyle" : "NEWLINE"
            },
            "plugins" : [ {
              "ptype" : "xcp_expression_properties",
              "expression" : [ {
                "propertyId" : "value",
                "setterFunName" : "setValue",
                "etype" : "itk_imqc_review_agent_phone_value_1",
                "events" : [ "imqcgettransactiondata_initiate_staless_ds.change" ],
                "disableInitialEval" : false,
                "disableProcessingOnRender" : false,
                "initialDefaultExprValue" : null
              } ]
            } ]
          }, {
            "xcpId" : "agent_email",
            "xtype" : "xcp_value_display",
            "fieldLabel" : "${_UI_Page_itk_imqc_review_agent_email_fieldLabel}",
            "valueType" : "STRING",
            "isRepeating" : true,
            "repeatingAttributeFormat" : {
              "xtype" : "xcp_repeating_attribute_formatter",
              "separatorStyle" : "NEWLINE"
            },
            "plugins" : [ {
              "ptype" : "xcp_expression_properties",
              "expression" : [ {
                "propertyId" : "value",
                "setterFunName" : "setValue",
                "etype" : "itk_imqc_review_agent_email_value_1",
                "events" : [ "imqcgettransactiondata_initiate_staless_ds.change" ],
                "disableInitialEval" : false,
                "disableProcessingOnRender" : false,
                "initialDefaultExprValue" : null
              } ]
            } ]
          } ]
        } ]
      }, {
        "xcpId" : "column_box8",
        "xtype" : "xcp_column_box",
        "title" : "${_UI_Page_itk_imqc_review_column_box8_title}",
        "collapsible" : true,
        "collapsed" : false,
        "collapseFirst" : true,
        "border" : false,
        "defaultMargins" : "5",
        "layout" : "xcp_columnbox",
        "items" : [ {
          "xcpId" : "columnvbox12",
          "xtype" : "xcp_columnvbox",
          "orientation" : "Vertical",
          "overflow_x" : "hidden",
          "labelWidth" : 150,
          "labelAlign" : "left",
          "halign" : "left",
          "valign" : "top",
          "defaultMargins" : "5",
          "items" : [ {
            "xcpId" : "collateral_make",
            "xtype" : "xcp_value_display",
            "fieldLabel" : "${_UI_Page_itk_imqc_review_collateral_make_fieldLabel}",
            "valueType" : "STRING",
            "isRepeating" : true,
            "repeatingAttributeFormat" : {
              "xtype" : "xcp_repeating_attribute_formatter",
              "separatorStyle" : "NEWLINE"
            },
            "plugins" : [ {
              "ptype" : "xcp_expression_properties",
              "expression" : [ {
                "propertyId" : "value",
                "setterFunName" : "setValue",
                "etype" : "itk_imqc_review_collateral_make_value_1",
                "events" : [ "imqcgettransactiondata_initiate_staless_ds.change" ],
                "disableInitialEval" : false,
                "disableProcessingOnRender" : false,
                "initialDefaultExprValue" : null
              } ]
            } ]
          }, {
            "xcpId" : "collateral_model",
            "xtype" : "xcp_value_display",
            "fieldLabel" : "${_UI_Page_itk_imqc_review_collateral_model_fieldLabel}",
            "valueType" : "STRING",
            "isRepeating" : true,
            "repeatingAttributeFormat" : {
              "xtype" : "xcp_repeating_attribute_formatter",
              "separatorStyle" : "NEWLINE"
            },
            "plugins" : [ {
              "ptype" : "xcp_expression_properties",
              "expression" : [ {
                "propertyId" : "value",
                "setterFunName" : "setValue",
                "etype" : "itk_imqc_review_collateral_model_value_1",
                "events" : [ "imqcgettransactiondata_initiate_staless_ds.change" ],
                "disableInitialEval" : false,
                "disableProcessingOnRender" : false,
                "initialDefaultExprValue" : null
              } ]
            } ]
          }, {
            "xcpId" : "collateral_year",
            "xtype" : "xcp_value_display",
            "fieldLabel" : "${_UI_Page_itk_imqc_review_collateral_year_fieldLabel}",
            "valueType" : "STRING",
            "isRepeating" : true,
            "repeatingAttributeFormat" : {
              "xtype" : "xcp_repeating_attribute_formatter",
              "separatorStyle" : "NEWLINE"
            },
            "plugins" : [ {
              "ptype" : "xcp_expression_properties",
              "expression" : [ {
                "propertyId" : "value",
                "setterFunName" : "setValue",
                "etype" : "itk_imqc_review_collateral_year_value_1",
                "events" : [ "imqcgettransactiondata_initiate_staless_ds.change" ],
                "disableInitialEval" : false,
                "disableProcessingOnRender" : false,
                "initialDefaultExprValue" : null
              } ]
            } ]
          }, {
            "xcpId" : "collateral_vin",
            "xtype" : "xcp_value_display",
            "fieldLabel" : "${_UI_Page_itk_imqc_review_collateral_vin_fieldLabel}",
            "valueType" : "STRING",
            "isRepeating" : true,
            "repeatingAttributeFormat" : {
              "xtype" : "xcp_repeating_attribute_formatter",
              "separatorStyle" : "NEWLINE"
            },
            "plugins" : [ {
              "ptype" : "xcp_expression_properties",
              "expression" : [ {
                "propertyId" : "value",
                "setterFunName" : "setValue",
                "etype" : "itk_imqc_review_collateral_vin_value_1",
                "events" : [ "imqcgettransactiondata_initiate_staless_ds.change" ],
                "disableInitialEval" : false,
                "disableProcessingOnRender" : false,
                "initialDefaultExprValue" : null
              } ]
            } ]
          }, {
            "xcpId" : "address_1",
            "xtype" : "xcp_value_display",
            "fieldLabel" : "${_UI_Page_itk_imqc_review_address_1_fieldLabel}",
            "valueType" : "STRING",
            "isRepeating" : true,
            "repeatingAttributeFormat" : {
              "xtype" : "xcp_repeating_attribute_formatter",
              "separatorStyle" : "NEWLINE"
            },
            "plugins" : [ {
              "ptype" : "xcp_expression_properties",
              "expression" : [ {
                "propertyId" : "value",
                "setterFunName" : "setValue",
                "etype" : "itk_imqc_review_address_1_value_1",
                "events" : [ "imqcgettransactiondata_initiate_staless_ds.change" ],
                "disableInitialEval" : false,
                "disableProcessingOnRender" : false,
                "initialDefaultExprValue" : null
              } ]
            } ]
          }, {
            "xcpId" : "address_2",
            "xtype" : "xcp_value_display",
            "fieldLabel" : "${_UI_Page_itk_imqc_review_address_2_fieldLabel}",
            "valueType" : "STRING",
            "isRepeating" : true,
            "repeatingAttributeFormat" : {
              "xtype" : "xcp_repeating_attribute_formatter",
              "separatorStyle" : "NEWLINE"
            },
            "plugins" : [ {
              "ptype" : "xcp_expression_properties",
              "expression" : [ {
                "propertyId" : "value",
                "setterFunName" : "setValue",
                "etype" : "itk_imqc_review_address_2_value_1",
                "events" : [ "imqcgettransactiondata_initiate_staless_ds.change" ],
                "disableInitialEval" : false,
                "disableProcessingOnRender" : false,
                "initialDefaultExprValue" : null
              } ]
            } ]
          }, {
            "xcpId" : "city",
            "xtype" : "xcp_value_display",
            "fieldLabel" : "${_UI_Page_itk_imqc_review_city_fieldLabel}",
            "valueType" : "STRING",
            "isRepeating" : true,
            "repeatingAttributeFormat" : {
              "xtype" : "xcp_repeating_attribute_formatter",
              "separatorStyle" : "NEWLINE"
            },
            "plugins" : [ {
              "ptype" : "xcp_expression_properties",
              "expression" : [ {
                "propertyId" : "value",
                "setterFunName" : "setValue",
                "etype" : "itk_imqc_review_city_value_1",
                "events" : [ "imqcgettransactiondata_initiate_staless_ds.change" ],
                "disableInitialEval" : false,
                "disableProcessingOnRender" : false,
                "initialDefaultExprValue" : null
              } ]
            } ]
          }, {
            "xcpId" : "state",
            "xtype" : "xcp_value_display",
            "fieldLabel" : "${_UI_Page_itk_imqc_review_state_fieldLabel}",
            "valueType" : "STRING",
            "isRepeating" : true,
            "repeatingAttributeFormat" : {
              "xtype" : "xcp_repeating_attribute_formatter",
              "separatorStyle" : "NEWLINE"
            },
            "plugins" : [ {
              "ptype" : "xcp_expression_properties",
              "expression" : [ {
                "propertyId" : "value",
                "setterFunName" : "setValue",
                "etype" : "itk_imqc_review_state_value_1",
                "events" : [ "imqcgettransactiondata_initiate_staless_ds.change" ],
                "disableInitialEval" : false,
                "disableProcessingOnRender" : false,
                "initialDefaultExprValue" : null
              } ]
            } ]
          }, {
            "xcpId" : "zip",
            "xtype" : "xcp_value_display",
            "fieldLabel" : "${_UI_Page_itk_imqc_review_zip_fieldLabel}",
            "valueType" : "STRING",
            "isRepeating" : true,
            "repeatingAttributeFormat" : {
              "xtype" : "xcp_repeating_attribute_formatter",
              "separatorStyle" : "NEWLINE"
            },
            "plugins" : [ {
              "ptype" : "xcp_expression_properties",
              "expression" : [ {
                "propertyId" : "value",
                "setterFunName" : "setValue",
                "etype" : "itk_imqc_review_zip_value_1",
                "events" : [ "imqcgettransactiondata_initiate_staless_ds.change" ],
                "disableInitialEval" : false,
                "disableProcessingOnRender" : false,
                "initialDefaultExprValue" : null
              } ]
            } ]
          } ]
        } ]
      } ]
    }, {
      "xcpId" : "columnvbox3",
      "xtype" : "xcp_columnvbox",
      "orientation" : "Vertical",
      "overflow_x" : "hidden",
      "labelWidth" : 150,
      "labelAlign" : "left",
      "halign" : "left",
      "valign" : "top",
      "defaultMargins" : "5",
      "items" : [ {
        "xcpId" : "itb_iframe",
        "xtype" : "itb_iframe",
        "debug" : true,
        "border" : 1,
        "height" : 1000,
        "plugins" : [ {
          "ptype" : "xcp_expression_properties",
          "expression" : [ {
            "propertyId" : "url",
            "setterFunName" : "setValue",
            "etype" : "itk_imqc_review_itb_iframe_url_1",
            "events" : [ "transaction_id.change", "getviewersecuritytoken_initiate_staless_ds.change" ],
            "disableInitialEval" : false,
            "disableProcessingOnRender" : false,
            "initialDefaultExprValue" : null
          } ]
        } ]
      } ]
    } ]
  } ]
}