{
  "cls" : "itk_qc_queues",
  "padding" : "0",
  "border" : false,
  "pageTitle" : "${_UI_Page_itk_qc_queues_title}",
  "xtype" : "xcp_form",
  "items" : [ {
    "xtype" : "xcp_action_container",
    "actions" : [ {
      "xcpId" : "qcquery",
      "actionModel" : "itk_qcquery_outputs",
      "inputModelName" : "itk_qcquery_inputs",
      "actionType" : "datasource",
      "plugins" : [ {
        "ptype" : "xcp_expression_properties",
        "expression" : [ {
          "propertyId" : "workqueue",
          "setterFunName" : "setInputProperty",
          "etype" : "itk_qc_queues_qcquery_workqueue_1",
          "events" : [ "dropdown_list1.change" ],
          "disableInitialEval" : false
        } ],
        "mapping" : {
          "workqueue" : ["dropdown_list1" ]
        }
      } ],
      "autoLoad" : false,
      "pageSize" : 10
    }, {
      "xcpId" : "qcquery_workqueue",
      "actionModel" : "itk_qcquery_workqueue_outputs",
      "inputModelName" : "itk_qcquery_workqueue_inputs",
      "actionType" : "datasource",
      "plugins" : [ {
        "ptype" : "xcp_expression_properties",
        "expression" : [ ],
        "mapping" : {
        }
      } ],
      "autoLoad" : true
    } ]
  }, {
    "xtype" : "xcp_uievent_publisher",
    "plugins" : [ {
      "ptype" : "xcp_publish_uievents",
      "publish" : [ ]
    } ]
  }, {
    "xcpId" : "column_box3",
    "xtype" : "xcp_column_box",
    "collapsible" : false,
    "collapsed" : false,
    "collapseFirst" : true,
    "border" : false,
    "defaultMargins" : "5",
    "layout" : "xcp_columnbox",
    "items" : [ {
      "xcpId" : "columnvbox2",
      "xtype" : "xcp_columnvbox",
      "orientation" : "Vertical",
      "width" : "100%",
      "overflow_x" : "hidden",
      "labelWidth" : 150,
      "labelAlign" : "left",
      "halign" : "left",
      "valign" : "top",
      "defaultMargins" : "5",
      "items" : [ {
        "xcpId" : "column_box4",
        "xtype" : "xcp_column_box",
        "collapsible" : false,
        "collapsed" : false,
        "collapseFirst" : true,
        "border" : false,
        "defaultMargins" : "5",
        "layout" : "xcp_columnbox",
        "items" : [ {
          "xcpId" : "columnvbox3",
          "xtype" : "xcp_columnvbox",
          "orientation" : "Vertical",
          "width" : "100%",
          "overflow_x" : "hidden",
          "labelWidth" : 150,
          "labelAlign" : "left",
          "halign" : "left",
          "valign" : "top",
          "defaultMargins" : "5",
          "items" : [ {
            "xcpId" : "dropdown_list1",
            "xtype" : "xcp_dropdown_list",
            "fieldLabel" : "${_UI_Page_itk_qc_queues_dropdown_list1_fieldLabel}",
            "valueField" : "name",
            "displayField" : "label",
            "store" : "qcquery_workqueue",
            "valueType" : "STRING"
          } ]
        } ]
      }, {
        "xcpId" : "column_box5",
        "xtype" : "xcp_column_box",
        "collapsible" : false,
        "collapsed" : false,
        "collapseFirst" : true,
        "border" : false,
        "defaultMargins" : "5",
        "layout" : "xcp_columnbox",
        "items" : [ {
          "xcpId" : "columnhbox1",
          "xtype" : "xcp_columnhbox",
          "orientation" : "Horizontal",
          "width" : "100%",
          "overflow_x" : "hidden",
          "labelWidth" : 50,
          "defaultMargins" : "5",
          "labelAlign" : "left",
          "halign" : "right",
          "valign" : "top",
          "items" : [ {
            "xcpId" : "button1",
            "xtype" : "xcp_button",
            "text" : "${_UI_Page_itk_qc_queues_button1_text}",
            "actionInstanceId" : "qcquery",
            "redirectStyle" : "current"
          } ]
        } ]
      } ]
    } ]
  }, {
    "xcpId" : "results_list",
    "xtype" : "xcp_results_list",
    "typeName" : "xcp_task",
    "modelName" : "itk_qcquery_outputs",
    "storeId" : "qcquery",
    "pageSize" : 10,
    "selectionModel" : false,
    "enableDragDrop" : true,
    "columns" : [ {
      "xcpId" : "results_list_page_link_column",
      "xtype" : "xcp_results_list_page_link_column",
      "text" : "${_UI_Page_itk_qc_queues_results_list_page_link_column_text}",
      "width" : 150,
      "dataIndex" : "packagestransactionr_creation_date",
      "valueType" : "DATETIME",
      "isRepeating" : false,
      "format" : {
        "xtype" : "xcp_datetime_formatter",
        "dateFormat" : "short",
        "timeFormat" : "short",
        "dateStyle" : "datetime"
      },
      "sortable" : true,
      "menuDisabled" : false
    }, {
      "xcpId" : "results_list_column",
      "xtype" : "xcp_results_list_column",
      "text" : "${_UI_Page_itk_qc_queues_results_list_column_text}",
      "width" : 150,
      "dataIndex" : "packagestransactionaccount_number",
      "valueType" : "STRING",
      "isRepeating" : false,
      "sortable" : true,
      "menuDisabled" : false
    }, {
      "xcpId" : "results_list_column1",
      "xtype" : "xcp_results_list_column",
      "text" : "${_UI_Page_itk_qc_queues_results_list_column1_text}",
      "width" : 150,
      "dataIndex" : "packagestransactionaccount_name",
      "valueType" : "STRING",
      "isRepeating" : false,
      "sortable" : true,
      "menuDisabled" : false
    }, {
      "xcpId" : "results_list_column2",
      "xtype" : "xcp_results_list_column",
      "text" : "${_UI_Page_itk_qc_queues_results_list_column2_text}",
      "width" : 150,
      "dataIndex" : "packagestransactiontransaction_source",
      "valueType" : "STRING",
      "isRepeating" : false,
      "sortable" : true,
      "menuDisabled" : false
    }, {
      "xcpId" : "results_list_column3",
      "xtype" : "xcp_results_list_column",
      "text" : "${_UI_Page_itk_qc_queues_results_list_column3_text}",
      "width" : 150,
      "dataIndex" : "packagestransactionescrow_ind",
      "valueType" : "STRING",
      "isRepeating" : false,
      "sortable" : true,
      "menuDisabled" : false
    }, {
      "xcpId" : "results_list_column4",
      "xtype" : "xcp_results_list_column",
      "text" : "${_UI_Page_itk_qc_queues_results_list_column4_text}",
      "width" : 150,
      "dataIndex" : "packagestransactionreceived_date",
      "valueType" : "DATETIME",
      "isRepeating" : false,
      "format" : {
        "xtype" : "xcp_datetime_formatter",
        "dateFormat" : "short",
        "timeFormat" : "short",
        "dateStyle" : "datetime"
      },
      "sortable" : true,
      "menuDisabled" : false
    }, {
      "xcpId" : "results_list_column5",
      "xtype" : "xcp_results_list_column",
      "text" : "${_UI_Page_itk_qc_queues_results_list_column5_text}",
      "width" : 150,
      "dataIndex" : "packagestransactiontransaction_type",
      "valueType" : "STRING",
      "isRepeating" : false,
      "sortable" : true,
      "menuDisabled" : false
    }, {
      "xcpId" : "results_list_column6",
      "xtype" : "xcp_results_list_column",
      "text" : "${_UI_Page_itk_qc_queues_results_list_column6_text}",
      "width" : 150,
      "dataIndex" : "packagestransactiontransaction_state",
      "valueType" : "STRING",
      "isRepeating" : false,
      "sortable" : true,
      "menuDisabled" : false
    }, {
      "xcpId" : "results_list_column7",
      "xtype" : "xcp_results_list_column",
      "text" : "${_UI_Page_itk_qc_queues_results_list_column7_text}",
      "width" : 150,
      "dataIndex" : "packagestransactiontransaction_zip",
      "valueType" : "STRING",
      "isRepeating" : false,
      "sortable" : true,
      "menuDisabled" : false
    }, {
      "xcpId" : "results_list_column8",
      "xtype" : "xcp_results_list_column",
      "text" : "${_UI_Page_itk_qc_queues_results_list_column8_text}",
      "width" : 150,
      "dataIndex" : "task_performer_name",
      "valueType" : "STRING",
      "isRepeating" : false,
      "sortable" : true,
      "menuDisabled" : false
    }, {
      "xcpId" : "results_list_column9",
      "xtype" : "xcp_results_list_column",
      "text" : "${_UI_Page_itk_qc_queues_results_list_column9_text}",
      "width" : 150,
      "dataIndex" : "task_status",
      "valueType" : "xcp.picklist.xcp_taskstatuspiclkist",
      "isRepeating" : false,
      "sortable" : true,
      "menuDisabled" : false
    }, {
      "xcpId" : "results_list_column10",
      "xtype" : "xcp_results_list_column",
      "text" : "${_UI_Page_itk_qc_queues_results_list_column10_text}",
      "width" : 150,
      "dataIndex" : "packagestransactionfollow_up_reason",
      "valueType" : "STRING",
      "isRepeating" : false,
      "sortable" : true,
      "menuDisabled" : false
    }, {
      "xcpId" : "results_list_column11",
      "xtype" : "xcp_results_list_column",
      "text" : "${_UI_Page_itk_qc_queues_results_list_column11_text}",
      "width" : 150,
      "dataIndex" : "packagestransactionfollow_up_date",
      "valueType" : "DATETIME",
      "isRepeating" : false,
      "format" : {
        "xtype" : "xcp_datetime_formatter",
        "dateFormat" : "short",
        "timeFormat" : "short",
        "dateStyle" : "datetime"
      },
      "sortable" : true,
      "menuDisabled" : false
    }, {
      "xcpId" : "results_list_column12",
      "xtype" : "xcp_results_list_column",
      "text" : "${_UI_Page_itk_qc_queues_results_list_column12_text}",
      "dataIndex" : "workqueue_priority",
      "valueType" : "INTEGER",
      "isRepeating" : false,
      "format" : {
        "xtype" : "xcp_integer_formatter",
        "decimalPrecision" : 0,
        "useThousandSeparator" : true,
        "separatorStyle" : "LOCALE",
        "negativeNumberStyle" : "FORMAT_MINUS_SIGN_STYLE_NONE"
      },
      "sortable" : true,
      "menuDisabled" : false
    } ]
  } ]
}