{
  "cls" : "itk_imqcfollowupqueue",
  "padding" : "0",
  "border" : false,
  "pageTitle" : "${_UI_Page_itk_imqcfollowupqueue_title}",
  "xtype" : "xcp_form",
  "items" : [ {
    "xtype" : "xcp_action_container",
    "actions" : [ {
      "xcpId" : "imqcgetparkedtasklist_initiate_staless_ds",
      "actionModel" : "itk_imqcgetparkedtasklist_initiate_staless_ds_outputs",
      "inputModelName" : "itk_imqcgetparkedtasklist_initiate_staless_ds_inputs",
      "actionType" : "datasource",
      "plugins" : [ {
        "ptype" : "xcp_expression_properties",
        "expression" : [ {
          "propertyId" : "processVariables.p_current_user",
          "setterFunName" : "setInputProperty",
          "etype" : "itk_imqcfollowupqueue_imqcgetparkedtasklist_initiate_staless_ds_processVariables_p_current_user_1"
        }, {
          "propertyId" : "processVariables.p_followup_reason",
          "setterFunName" : "setInputProperty",
          "etype" : "itk_imqcfollowupqueue_imqcgetparkedtasklist_initiate_staless_ds_processVariables_p_followup_reason_1",
          "events" : [ "follow_up_reason.change" ],
          "disableInitialEval" : false
        } ],
        "mapping" : {
          "processVariables.p_followup_reason" : ["follow_up_reason" ]
        }
      } ],
      "autoLoad" : true,
      "invokerEvents" : ["follow_up_reason.change" ],
      "pageSize" : 10
    }, {
      "xcpId" : "imqcpullnexttransaction_initiate_staless_ds",
      "actionModel" : "itk_imqcpullnexttransaction_initiate_staless_ds_outputs",
      "inputModelName" : "itk_imqcpullnexttransaction_initiate_staless_ds_inputs",
      "actionType" : "datasource",
      "autoLoad" : true,
      "pageSize" : 10,
      "outputType" : "Object",
      "plugins" : [ {
        "ptype" : "xcp_expression_properties",
        "expression" : [ {
          "propertyId" : "processVariables.p_trans_id",
          "setterFunName" : "setInputProperty",
          "etype" : "itk_imqcfollowupqueue_imqcpullnexttransaction_initiate_staless_ds_processVariables_p_trans_id_1",
          "events" : [ "results_list.selectionchange" ],
          "disableInitialEval" : false
        } ],
        "mapping" : {
          "processVariables.p_trans_id" : ["results_list" ]
        }
      } ],
      "autoLoad" : false,
      "outputType" : "Object"
    } ]
  }, {
    "xtype" : "xcp_session_variable_container",
    "plugins" : [ {
      "ptype" : "xcp_expression_properties",
      "expression" : [ {
        "propertyId" : "itk_curmgrselectedtask",
        "setterFunName" : "setSessionVariableValue",
        "etype" : "itk_imqcfollowupqueue_itk_curmgrselectedtask_1",
        "events" : [ "results_list.selectionchange" ],
        "disableInitialEval" : true
      }, {
        "propertyId" : "itk_curobjectid",
        "setterFunName" : "setSessionVariableValue",
        "etype" : "itk_imqcfollowupqueue_itk_curobjectid_1",
        "events" : [ "results_list.selectionchange" ],
        "disableInitialEval" : true
      }, {
        "propertyId" : "itk_imqcselectedqueue",
        "setterFunName" : "setSessionVariableValue",
        "etype" : "itk_imqcfollowupqueue_itk_imqcselectedqueue_1",
        "events" : [ "results_list.selectionchange" ],
        "disableInitialEval" : true
      } ]
    } ]
  }, {
    "xtype" : "xcp_uievent_publisher",
    "plugins" : [ {
      "ptype" : "xcp_publish_uievents",
      "publish" : [ {
        "uievent" : "application.xcp_navigate_to_page",
        "events" : [ "imqcpullnexttransaction_initiate_staless_ds.success" ],
        "inputMappings" : [ {
          "propertyId" : "page_id",
          "setterFunName" : "setPublishEventParameter",
          "etype" : "itk_imqcfollowupqueue_page_id_1"
        } ]
      } ]
    } ]
  }, {
    "xcpId" : "column_box",
    "xtype" : "xcp_column_box",
    "collapsible" : false,
    "collapsed" : false,
    "collapseFirst" : true,
    "border" : false,
    "defaultMargins" : "5",
    "layout" : "xcp_columnbox",
    "items" : [ {
      "xcpId" : "columnvbox",
      "xtype" : "xcp_columnvbox",
      "orientation" : "Vertical",
      "overflow_x" : "hidden",
      "labelWidth" : 150,
      "labelAlign" : "left",
      "halign" : "left",
      "valign" : "top",
      "defaultMargins" : "5"
    }, {
      "xcpId" : "columnvbox1",
      "xtype" : "xcp_columnvbox",
      "orientation" : "Vertical",
      "overflow_x" : "hidden",
      "labelWidth" : 150,
      "labelAlign" : "left",
      "halign" : "left",
      "valign" : "top",
      "defaultMargins" : "5"
    } ]
  }, {
    "xcpId" : "column_box1",
    "xtype" : "xcp_column_box",
    "collapsible" : false,
    "collapsed" : false,
    "collapseFirst" : true,
    "border" : false,
    "defaultMargins" : "5",
    "layout" : "xcp_columnbox",
    "items" : [ {
      "xcpId" : "columnvbox2",
      "xtype" : "xcp_columnvbox",
      "orientation" : "Vertical",
      "overflow_x" : "hidden",
      "labelWidth" : 150,
      "labelAlign" : "left",
      "halign" : "left",
      "valign" : "top",
      "defaultMargins" : "5",
      "items" : [ {
        "xcpId" : "follow_up_reason",
        "xtype" : "xcp_dropdown_list",
        "fieldLabel" : "${_UI_Page_itk_imqcfollowupqueue_follow_up_reason_fieldLabel}",
        "store" : "xcp.picklist.itk_auto_exception_foll",
        "valueType" : "STRING"
      } ]
    }, {
      "xcpId" : "columnvbox3",
      "xtype" : "xcp_columnvbox",
      "orientation" : "Vertical",
      "overflow_x" : "hidden",
      "labelWidth" : 150,
      "labelAlign" : "left",
      "halign" : "left",
      "valign" : "top",
      "defaultMargins" : "5",
      "items" : [ {
        "xcpId" : "open_task_button",
        "xtype" : "xcp_button",
        "text" : "${_UI_Page_itk_imqcfollowupqueue_open_task_button_text}",
        "actionInstanceId" : "imqcpullnexttransaction_initiate_staless_ds",
        "redirectStyle" : "current"
      }, {
        "xcpId" : "value_display",
        "xtype" : "xcp_value_display",
        "fieldLabel" : null,
        "valueType" : "STRING",
        "isRepeating" : false,
        "plugins" : [ {
          "ptype" : "xcp_expression_properties",
          "expression" : [ {
            "propertyId" : "value",
            "setterFunName" : "setValue",
            "etype" : "itk_imqcfollowupqueue_value_display_value_1",
            "events" : [ "results_list.selectionchange" ],
            "disableInitialEval" : false,
            "disableProcessingOnRender" : false,
            "initialDefaultExprValue" : null
          } ]
        } ]
      } ]
    } ]
  }, {
    "xcpId" : "column_box2",
    "xtype" : "xcp_column_box",
    "collapsible" : false,
    "collapsed" : false,
    "collapseFirst" : true,
    "border" : false,
    "defaultMargins" : "5",
    "layout" : "xcp_columnbox",
    "items" : [ {
      "xcpId" : "columnvbox4",
      "xtype" : "xcp_columnvbox",
      "orientation" : "Vertical",
      "overflow_x" : "hidden",
      "labelWidth" : 150,
      "labelAlign" : "left",
      "halign" : "left",
      "valign" : "top",
      "defaultMargins" : "5",
      "items" : [ {
        "xcpId" : "results_list",
        "xtype" : "xcp_results_list",
        "title" : "${_UI_Page_itk_imqcfollowupqueue_results_list_title}",
        "typeName" : "itk_imqcgetparkedtasklist_initiate",
        "modelName" : "itk_imqcgetparkedtasklist_initiate_staless_ds_outputs",
        "storeId" : "imqcgetparkedtasklist_initiate_staless_ds",
        "pageSize" : 10,
        "selectionModel" : false,
        "enableDragDrop" : true,
        "disableNavigationOnFirstColumn" : false,
        "allowDeselect" : false,
        "columns" : [ {
          "xcpId" : "results_list_page_link_column",
          "xtype" : "xcp_results_list_page_link_column",
          "text" : "${_UI_Page_itk_imqcfollowupqueue_results_list_page_link_column_text}",
          "width" : 150,
          "dataIndex" : "p_transaction_id",
          "valueType" : "STRING",
          "isRepeating" : false,
          "sortable" : false,
          "menuDisabled" : true
        }, {
          "xcpId" : "results_list_column",
          "xtype" : "xcp_results_list_column",
          "text" : "${_UI_Page_itk_imqcfollowupqueue_results_list_column_text}",
          "width" : 300,
          "dataIndex" : "p_object_name",
          "valueType" : "STRING",
          "isRepeating" : false,
          "sortable" : false,
          "menuDisabled" : true
        }, {
          "xcpId" : "results_list_column1",
          "xtype" : "xcp_results_list_column",
          "text" : "${_UI_Page_itk_imqcfollowupqueue_results_list_column1_text}",
          "width" : 150,
          "dataIndex" : "p_received_date",
          "valueType" : "DATETIME",
          "isRepeating" : false,
          "format" : {
            "xtype" : "xcp_datetime_formatter",
            "dateFormat" : "short",
            "timeFormat" : "short",
            "dateStyle" : "datetime"
          },
          "sortable" : false,
          "menuDisabled" : true
        }, {
          "xcpId" : "results_list_column2",
          "xtype" : "xcp_results_list_column",
          "text" : "${_UI_Page_itk_imqcfollowupqueue_results_list_column2_text}",
          "width" : 150,
          "dataIndex" : "p_followup_date",
          "valueType" : "DATETIME",
          "isRepeating" : false,
          "format" : {
            "xtype" : "xcp_datetime_formatter",
            "dateFormat" : "short",
            "timeFormat" : "short",
            "dateStyle" : "datetime"
          },
          "sortable" : false,
          "menuDisabled" : true
        }, {
          "xcpId" : "results_list_column4",
          "xtype" : "xcp_results_list_column",
          "text" : "${_UI_Page_itk_imqcfollowupqueue_results_list_column4_text}",
          "expression" : [ {
            "propertyId" : "dataIndex",
            "etype" : "itk_imqcfollowupqueue_results_list_column4_dataIndex_1",
            "events" : [ "itk_imqcgetparkedtasklist_initiate_staless_ds_outputs.change", "itk_imqcgetparkedtasklist_initiate_staless_ds_outputs.load" ],
            "disableInitialEval" : false,
            "disableProcessingOnRender" : false,
            "initialDefaultExprValue" : null
          } ],
          "valueType" : "STRING",
          "isRepeating" : false,
          "sortable" : false,
          "menuDisabled" : true
        }, {
          "xcpId" : "results_list_column5",
          "xtype" : "xcp_results_list_column",
          "text" : "${_UI_Page_itk_imqcfollowupqueue_results_list_column5_text}",
          "width" : 150,
          "dataIndex" : "p_object_id",
          "valueType" : "STRING",
          "isRepeating" : false,
          "sortable" : false,
          "menuDisabled" : true
        } ]
      } ]
    } ]
  } ]
}