{
  "cls" : "itk_itrak_imqc",
  "padding" : "0",
  "border" : false,
  "pageTitle" : "${_UI_Page_itk_itrak_imqc_title}",
  "xtype" : "xcp_form",
  "items" : [ {
    "xtype" : "xcp_action_container",
    "actions" : [ ]
  }, {
    "xtype" : "xcp_uievent_publisher",
    "plugins" : [ {
      "ptype" : "xcp_publish_uievents",
      "publish" : [ ]
    } ]
  }, {
    "xcpId" : "column_box",
    "xtype" : "xcp_column_box",
    "collapsible" : false,
    "collapsed" : false,
    "collapseFirst" : true,
    "border" : false,
    "defaultMargins" : "5",
    "layout" : "xcp_columnbox",
    "cls" : "xcp-master-header",
    "items" : [ {
      "xcpId" : "columnhbox",
      "xtype" : "xcp_columnhbox",
      "orientation" : "Horizontal",
      "width" : "100%",
      "overflow_x" : "hidden",
      "labelWidth" : 50,
      "defaultMargins" : "0",
      "margins" : "0",
      "labelAlign" : "left",
      "halign" : "left",
      "valign" : "bottom",
      "items" : [ {
        "xcpId" : "navigation_menu",
        "xtype" : "xcp_navigation_menu",
        "orientation" : "horizontal",
        "xcp_menu_onhover" : true,
        "enableOverflow" : true,
        "items" : [ {
          "xcpId" : "nav_button",
          "xtype" : "xcp_nav_button",
          "text" : "${_UI_Page_itk_itrak_imqc_nav_button_text}",
          "xcp_nav_type" : "page",
          "xcp_link_type" : "none",
          "xcp_page_sel_type" : "page",
          "menu" : {
            "xcpId" : "menu2",
            "xtype" : "xcp_menu",
            "items" : [ {
              "xcpId" : "nav_menuitem9",
              "xtype" : "xcp_nav_menuitem",
              "text" : "${_UI_Page_itk_itrak_imqc_nav_menuitem9_text}",
              "xcp_nav_url" : "application/itk_imqc_review",
              "xcp_nav_type" : "page",
              "xcp_link_type" : "application",
              "xcp_page_sel_type" : "page"
            }, {
              "xcpId" : "nav_menuitem10",
              "xtype" : "xcp_nav_menuitem",
              "text" : "${_UI_Page_itk_itrak_imqc_nav_menuitem10_text}",
              "xcp_nav_url" : "application/itk_imqc_dashboard",
              "xcp_nav_type" : "page",
              "xcp_link_type" : "application",
              "xcp_page_sel_type" : "page"
            }, {
              "xcpId" : "nav_menuitem12",
              "xtype" : "xcp_nav_menuitem",
              "text" : "${_UI_Page_itk_itrak_imqc_nav_menuitem12_text}",
              "xcp_nav_url" : "application/itk_imqcfollowupqueue",
              "xcp_nav_type" : "page",
              "xcp_link_type" : "application",
              "xcp_page_sel_type" : "page"
            }, {
              "xcpId" : "nav_menuitem11",
              "xtype" : "xcp_nav_menuitem",
              "text" : "${_UI_Page_itk_itrak_imqc_nav_menuitem11_text}",
              "xcp_nav_url" : "application/itk_imqc_audit",
              "xcp_nav_type" : "page",
              "xcp_link_type" : "application",
              "xcp_page_sel_type" : "page",
              "plugins" : [ {
                "ptype" : "xcp_expression_properties",
                "expression" : [ {
                  "propertyId" : "hidden",
                  "setterFunName" : "setHidden",
                  "etype" : "itk_itrak_imqc_nav_menuitem11_hidden_1",
                  "disableProcessingOnRender" : false,
                  "initialDefaultExprValue" : "true"
                } ]
              } ]
            } ]
          }
        }, {
          "xcpId" : "nav_button1",
          "xtype" : "xcp_nav_button",
          "text" : "${_UI_Page_itk_itrak_imqc_nav_button1_text}",
          "xcp_nav_type" : "page",
          "xcp_link_type" : "none",
          "xcp_page_sel_type" : "page",
          "menu" : {
            "xcpId" : "menu",
            "xtype" : "xcp_menu",
            "items" : [ {
              "xcpId" : "nav_menuitem",
              "xtype" : "xcp_nav_menuitem",
              "text" : "${_UI_Page_itk_itrak_imqc_nav_menuitem_text}",
              "xcp_nav_url" : "application/itk_srch_quick",
              "xcp_nav_type" : "page",
              "xcp_link_type" : "application",
              "xcp_page_sel_type" : "page"
            }, {
              "xcpId" : "nav_menuitem1",
              "xtype" : "xcp_nav_menuitem",
              "text" : "${_UI_Page_itk_itrak_imqc_nav_menuitem1_text}",
              "xcp_nav_type" : "page",
              "xcp_link_type" : "none",
              "xcp_page_sel_type" : "page",
              "menu" : {
                "xcpId" : "menu1",
                "xtype" : "xcp_menu",
                "items" : [ {
                  "xcpId" : "nav_menuitem2",
                  "xtype" : "xcp_nav_menuitem",
                  "text" : "${_UI_Page_itk_itrak_imqc_nav_menuitem2_text}",
                  "xcp_nav_url" : "application/itk_srch_trans_id",
                  "xcp_nav_type" : "page",
                  "xcp_link_type" : "application",
                  "xcp_page_sel_type" : "page"
                }, {
                  "xcpId" : "nav_menuitem3",
                  "xtype" : "xcp_nav_menuitem",
                  "text" : "${_UI_Page_itk_itrak_imqc_nav_menuitem3_text}",
                  "xcp_nav_url" : "application/itk_srch_acct_borrower",
                  "xcp_nav_type" : "page",
                  "xcp_link_type" : "application",
                  "xcp_page_sel_type" : "page"
                }, {
                  "xcpId" : "nav_menuitem4",
                  "xtype" : "xcp_nav_menuitem",
                  "text" : "${_UI_Page_itk_itrak_imqc_nav_menuitem4_text}",
                  "xcp_nav_url" : "application/itk_srch_acct_vin",
                  "xcp_nav_type" : "page",
                  "xcp_link_type" : "application",
                  "xcp_page_sel_type" : "page"
                }, {
                  "xcpId" : "nav_menuitem5",
                  "xtype" : "xcp_nav_menuitem",
                  "text" : "${_UI_Page_itk_itrak_imqc_nav_menuitem5_text}",
                  "xcp_nav_url" : "application/itk_search_by_address",
                  "xcp_nav_type" : "page",
                  "xcp_link_type" : "application",
                  "xcp_page_sel_type" : "page"
                }, {
                  "xcpId" : "nav_menuitem6",
                  "xtype" : "xcp_nav_menuitem",
                  "text" : "${_UI_Page_itk_itrak_imqc_nav_menuitem6_text}",
                  "xcp_nav_url" : "application/itk_srch_acct_policyno",
                  "xcp_nav_type" : "page",
                  "xcp_link_type" : "application",
                  "xcp_page_sel_type" : "page"
                }, {
                  "xcpId" : "nav_menuitem7",
                  "xtype" : "xcp_nav_menuitem",
                  "text" : "${_UI_Page_itk_itrak_imqc_nav_menuitem7_text}",
                  "xcp_nav_url" : "application/itk_search_by_transtype",
                  "xcp_nav_type" : "page",
                  "xcp_link_type" : "application",
                  "xcp_page_sel_type" : "page"
                }, {
                  "xcpId" : "nav_menuitem8",
                  "xtype" : "xcp_nav_menuitem",
                  "text" : "${_UI_Page_itk_itrak_imqc_nav_menuitem8_text}",
                  "xcp_nav_url" : "application/itk_srch_acct_mtch_loan",
                  "xcp_nav_type" : "page",
                  "xcp_link_type" : "application",
                  "xcp_page_sel_type" : "page"
                } ]
              }
            } ]
          }
        }, {
          "xcpId" : "user_button",
          "xtype" : "xcp_user_button"
        } ]
      } ]
    } ]
  }, {
    "xcpId" : "page",
    "xtype" : "xcp_page",
    "cls" : "xcp-content-area",
    "margin" : "10 10 10 10"
  } ]
}