{
  "cls" : "itk_imqc_audit",
  "padding" : "0",
  "border" : false,
  "pageTitle" : "${_UI_Page_itk_imqc_audit_title}",
  "xtype" : "xcp_form",
  "items" : [ {
    "xtype" : "xcp_action_container",
    "actions" : [ {
      "xcpId" : "imqc_audit_report",
      "actionModel" : "itk_imqc_audit_report_outputs",
      "inputModelName" : "itk_imqc_audit_report_inputs",
      "actionType" : "datasource",
      "plugins" : [ {
        "ptype" : "xcp_expression_properties",
        "expression" : [ {
          "propertyId" : "input_transaction_id",
          "setterFunName" : "setInputProperty",
          "etype" : "itk_imqc_audit_imqc_audit_report_input_transaction_id_1",
          "events" : [ "transaction_id_input.change" ],
          "disableInitialEval" : false
        }, {
          "propertyId" : "input_operator_id",
          "setterFunName" : "setInputProperty",
          "etype" : "itk_imqc_audit_imqc_audit_report_input_operator_id_1",
          "events" : [ "operator_id_input.change" ],
          "disableInitialEval" : false
        } ],
        "mapping" : {
          "input_transaction_id" : ["transaction_id_input" ],
          "input_operator_id" : ["operator_id_input" ]
        }
      } ],
      "autoLoad" : false,
      "pageSize" : 10
    } ]
  }, {
    "xtype" : "xcp_uievent_publisher",
    "plugins" : [ {
      "ptype" : "xcp_publish_uievents",
      "publish" : [ ]
    } ]
  }, {
    "xcpId" : "column_box",
    "xtype" : "xcp_column_box",
    "collapsible" : false,
    "collapsed" : false,
    "collapseFirst" : true,
    "border" : false,
    "defaultMargins" : "5",
    "layout" : "xcp_columnbox",
    "items" : [ {
      "xcpId" : "columnvbox",
      "xtype" : "xcp_columnvbox",
      "orientation" : "Vertical",
      "overflow_x" : "hidden",
      "labelWidth" : 150,
      "labelAlign" : "left",
      "halign" : "left",
      "valign" : "top",
      "defaultMargins" : "5",
      "items" : [ {
        "xcpId" : "transaction_id_input",
        "xtype" : "xcp_text_input",
        "fieldLabel" : "${_UI_Page_itk_imqc_audit_transaction_id_input_fieldLabel}",
        "hstretch" : true,
        "valueType" : "STRING"
      }, {
        "xcpId" : "operator_id_input",
        "xtype" : "xcp_text_input",
        "fieldLabel" : "${_UI_Page_itk_imqc_audit_operator_id_input_fieldLabel}",
        "hstretch" : true,
        "valueType" : "STRING"
      } ]
    }, {
      "xcpId" : "columnvbox1",
      "xtype" : "xcp_columnvbox",
      "orientation" : "Vertical",
      "overflow_x" : "hidden",
      "labelWidth" : 150,
      "labelAlign" : "left",
      "halign" : "left",
      "valign" : "top",
      "defaultMargins" : "5",
      "items" : [ {
        "xcpId" : "button",
        "xtype" : "xcp_button",
        "text" : "${_UI_Page_itk_imqc_audit_button_text}",
        "actionInstanceId" : "imqc_audit_report",
        "redirectStyle" : "current"
      } ]
    } ]
  }, {
    "xcpId" : "column_box1",
    "xtype" : "xcp_column_box",
    "title" : "${_UI_Page_itk_imqc_audit_column_box1_title}",
    "collapsible" : false,
    "collapsed" : false,
    "collapseFirst" : true,
    "border" : false,
    "defaultMargins" : "5",
    "layout" : "xcp_columnbox",
    "items" : [ {
      "xcpId" : "columnvbox2",
      "xtype" : "xcp_columnvbox",
      "orientation" : "Vertical",
      "overflow_x" : "hidden",
      "labelWidth" : 150,
      "labelAlign" : "left",
      "halign" : "left",
      "valign" : "top",
      "defaultMargins" : "5",
      "items" : [ {
        "xcpId" : "results_list",
        "xtype" : "xcp_results_list",
        "typeName" : "itk_transaction_event",
        "modelName" : "itk_imqc_audit_report_outputs",
        "storeId" : "imqc_audit_report",
        "pageSize" : 10,
        "selectionModel" : false,
        "enableDragDrop" : true,
        "disableNavigationOnFirstColumn" : false,
        "allowDeselect" : false,
        "columns" : [ {
          "xcpId" : "results_list_page_link_column",
          "xtype" : "xcp_results_list_page_link_column",
          "text" : "${_UI_Page_itk_imqc_audit_results_list_page_link_column_text}",
          "width" : 150,
          "dataIndex" : "transaction_id",
          "valueType" : "STRING",
          "isRepeating" : false,
          "sortable" : false,
          "menuDisabled" : true
        }, {
          "xcpId" : "results_list_column",
          "xtype" : "xcp_results_list_column",
          "text" : "${_UI_Page_itk_imqc_audit_results_list_column_text}",
          "width" : 300,
          "dataIndex" : "operator_id",
          "valueType" : "STRING",
          "isRepeating" : false,
          "sortable" : false,
          "menuDisabled" : true
        }, {
          "xcpId" : "results_list_column1",
          "xtype" : "xcp_results_list_column",
          "text" : "${_UI_Page_itk_imqc_audit_results_list_column1_text}",
          "width" : 300,
          "dataIndex" : "event_name",
          "valueType" : "STRING",
          "isRepeating" : false,
          "sortable" : false,
          "menuDisabled" : true
        }, {
          "xcpId" : "results_list_column2",
          "xtype" : "xcp_results_list_column",
          "text" : "${_UI_Page_itk_imqc_audit_results_list_column2_text}",
          "width" : 150,
          "dataIndex" : "event_datetime",
          "valueType" : "DATETIME",
          "isRepeating" : false,
          "format" : {
            "xtype" : "xcp_datetime_formatter",
            "dateFormat" : "short",
            "timeFormat" : "short",
            "dateStyle" : "datetime"
          },
          "sortable" : false,
          "menuDisabled" : true
        } ]
      } ]
    } ]
  } ]
}