{
  "cls" : "itk_exception_queues_mu",
  "padding" : "0",
  "border" : false,
  "pageTitle" : "${_UI_Page_itk_exception_queues_mu_title}",
  "xtype" : "xcp_form",
  "items" : [ {
    "xtype" : "xcp_action_container",
    "actions" : [ {
      "xcpId" : "getprocessornexttask_initiate_staless_ds",
      "actionModel" : "itk_getprocessornexttask_initiate_staless_ds_outputs",
      "inputModelName" : "itk_getprocessornexttask_initiate_staless_ds_inputs",
      "actionType" : "datasource",
      "autoLoad" : true,
      "pageSize" : 10,
      "outputType" : "Object",
      "plugins" : [ {
        "ptype" : "xcp_expression_properties",
        "expression" : [ {
          "propertyId" : "processVariables.p_performer_id",
          "setterFunName" : "setInputProperty",
          "etype" : "itk_exception_queues_mu_getprocessornexttask_initiate_staless_ds_processVariables_p_performer_id_1"
        }, {
          "propertyId" : "processVariables.p_selected_work_queue",
          "setterFunName" : "setInputProperty",
          "etype" : "itk_exception_queues_mu_getprocessornexttask_initiate_staless_ds_processVariables_p_selected_work_queue_1",
          "events" : [ "dl_select_wq.change" ],
          "disableInitialEval" : false
        } ],
        "mapping" : {
          "processVariables.p_selected_work_queue" : ["dl_select_wq" ]
        }
      } ],
      "autoLoad" : false,
      "outputType" : "Object"
    }, {
      "xcpId" : "getprocessorworkqueues_initiate_staless_ds",
      "actionModel" : "itk_getprocessorworkqueues_initiate_staless_ds_outputs",
      "inputModelName" : "itk_getprocessorworkqueues_initiate_staless_ds_inputs",
      "actionType" : "datasource",
      "plugins" : [ {
        "ptype" : "xcp_expression_properties",
        "expression" : [ {
          "propertyId" : "processVariables.p_current_user_id",
          "setterFunName" : "setInputProperty",
          "etype" : "itk_exception_queues_mu_getprocessorworkqueues_initiate_staless_ds_processVariables_p_current_user_id_1"
        } ],
        "mapping" : {
        }
      } ],
      "autoLoad" : true
    } ]
  }, {
    "xtype" : "xcp_session_variable_container",
    "plugins" : [ {
      "ptype" : "xcp_expression_properties",
      "expression" : [ {
        "propertyId" : "itk_selected_work_queue",
        "setterFunName" : "setSessionVariableValue",
        "etype" : "itk_exception_queues_mu_itk_selected_work_queue_1",
        "events" : [ "getprocessornexttask_initiate_staless_ds.change" ],
        "disableInitialEval" : true
      } ]
    } ]
  }, {
    "xtype" : "xcp_uievent_publisher",
    "plugins" : [ {
      "ptype" : "xcp_publish_uievents",
      "publish" : [ {
        "uievent" : "application.xcp_navigate_to_page",
        "events" : [ "getprocessornexttask_initiate_staless_ds.success" ],
        "inputMappings" : [ {
          "propertyId" : "page_id",
          "setterFunName" : "setPublishEventParameter",
          "etype" : "itk_exception_queues_mu_page_id_1",
          "events" : [ "getprocessornexttask_initiate_staless_ds.change" ],
          "disableInitialEval" : false
        } ]
      } ]
    } ]
  }, {
    "xcpId" : "column_box3",
    "xtype" : "xcp_column_box",
    "collapsible" : false,
    "collapsed" : false,
    "collapseFirst" : true,
    "border" : false,
    "defaultMargins" : "5",
    "layout" : "xcp_columnbox",
    "items" : [ {
      "xcpId" : "columnvbox2",
      "xtype" : "xcp_columnvbox",
      "orientation" : "Vertical",
      "width" : "100%",
      "overflow_x" : "hidden",
      "labelWidth" : 150,
      "labelAlign" : "left",
      "halign" : "left",
      "valign" : "top",
      "defaultMargins" : "5",
      "items" : [ {
        "xcpId" : "column_box4",
        "xtype" : "xcp_column_box",
        "collapsible" : false,
        "collapsed" : false,
        "collapseFirst" : true,
        "border" : false,
        "defaultMargins" : "5",
        "layout" : "xcp_columnbox",
        "items" : [ {
          "xcpId" : "columnvbox3",
          "xtype" : "xcp_columnvbox",
          "orientation" : "Vertical",
          "width" : "100%",
          "overflow_x" : "hidden",
          "labelWidth" : 150,
          "labelAlign" : "left",
          "halign" : "left",
          "valign" : "top",
          "defaultMargins" : "5",
          "items" : [ {
            "xcpId" : "dl_select_wq",
            "xtype" : "xcp_dropdown_list",
            "fieldLabel" : "${_UI_Page_itk_exception_queues_mu_dl_select_wq_fieldLabel}",
            "valueField" : "p_assigned_wq",
            "displayField" : "p_assigned_wq",
            "store" : "getprocessorworkqueues_initiate_staless_ds",
            "valueType" : "STRING"
          } ]
        } ]
      }, {
        "xcpId" : "column_box5",
        "xtype" : "xcp_column_box",
        "collapsible" : false,
        "collapsed" : false,
        "collapseFirst" : true,
        "border" : false,
        "defaultMargins" : "5",
        "layout" : "xcp_columnbox",
        "items" : [ {
          "xcpId" : "columnhbox1",
          "xtype" : "xcp_columnhbox",
          "orientation" : "Horizontal",
          "width" : "100%",
          "overflow_x" : "hidden",
          "labelWidth" : 50,
          "defaultMargins" : "5",
          "labelAlign" : "left",
          "halign" : "right",
          "valign" : "top",
          "items" : [ {
            "xcpId" : "value_display",
            "xtype" : "xcp_value_display",
            "fieldLabel" : null,
            "valueType" : "STRING",
            "isRepeating" : false,
            "plugins" : [ {
              "ptype" : "xcp_expression_properties",
              "expression" : [ {
                "propertyId" : "value",
                "setterFunName" : "setValue",
                "eventsBasedEtype" : [ {
                  "etype" : "itk_exception_queues_mu_value_display_value_1",
                  "events" : [ "getprocessorworkqueues_initiate_staless_ds.success" ]
                } ],
                "disableInitialEval" : true,
                "disableProcessingOnRender" : false,
                "initialDefaultExprValue" : ""
              } ]
            } ]
          }, {
            "xcpId" : "button1",
            "xtype" : "xcp_button",
            "text" : "${_UI_Page_itk_exception_queues_mu_button1_text}",
            "actionInstanceId" : "getprocessornexttask_initiate_staless_ds",
            "redirectStyle" : "current"
          } ]
        } ]
      } ]
    } ]
  } ]
}