{
  "cls" : "itk_dki_review",
  "padding" : "0",
  "border" : false,
  "pageTitle" : "${_UI_Page_itk_dki_review_title}",
  "xtype" : "xcp_form",
  "items" : [ {
    "xtype" : "xcp_action_container",
    "actions" : [ {
      "xcpId" : "dkitransactionsummary_initiate_staless_ds",
      "actionModel" : "itk_dkitransactionsummary_initiate_staless_ds_outputs",
      "inputModelName" : "itk_dkitransactionsummary_initiate_staless_ds_inputs",
      "actionType" : "datasource",
      "plugins" : [ {
        "ptype" : "xcp_expression_properties",
        "expression" : [ ],
        "mapping" : {
        }
      } ],
      "autoLoad" : true,
      "pageSize" : 10
    }, {
      "xcpId" : "dkitransactionsumma_initiate_staless_ds",
      "actionModel" : "itk_dkitransactionsumma_initiate_staless_ds_outputs",
      "inputModelName" : "itk_dkitransactionsumma_initiate_staless_ds_inputs",
      "actionType" : "datasource",
      "plugins" : [ {
        "ptype" : "xcp_expression_properties",
        "expression" : [ ],
        "mapping" : {
        }
      } ],
      "autoLoad" : true,
      "pageSize" : 10
    }, {
      "xcpId" : "dkigettransactionsf_initiate_staless_ds",
      "actionModel" : "itk_dkigettransactionsf_initiate_staless_ds_outputs",
      "inputModelName" : "itk_dkigettransactionsf_initiate_staless_ds_inputs",
      "actionType" : "datasource",
      "autoLoad" : true,
      "pageSize" : 10,
      "outputType" : "Object",
      "plugins" : [ {
        "ptype" : "xcp_expression_properties",
        "expression" : [ {
          "propertyId" : "processVariables.is_last_transaction",
          "setterFunName" : "setInputProperty",
          "etype" : "itk_dki_review_dkigettransactionsf_initiate_staless_ds_processVariables_is_last_transaction_1",
          "events" : [ "application.sessionVariableModified.itk_dkiislasttransactio" ],
          "disableInitialEval" : false
        }, {
          "propertyId" : "processVariables.p_selected_queue",
          "setterFunName" : "setInputProperty",
          "etype" : "itk_dki_review_dkigettransactionsf_initiate_staless_ds_processVariables_p_selected_queue_1",
          "events" : [ "application.sessionVariableModified.itk_dkiselectedqueue" ],
          "disableInitialEval" : false
        }, {
          "propertyId" : "processVariables.p_scan_id",
          "setterFunName" : "setInputProperty",
          "etype" : "itk_dki_review_dkigettransactionsf_initiate_staless_ds_processVariables_p_scan_id_1",
          "events" : [ "scan_id_input.change" ],
          "disableInitialEval" : false
        }, {
          "propertyId" : "processVariables.p_curernt_user",
          "setterFunName" : "setInputProperty",
          "etype" : "itk_dki_review_dkigettransactionsf_initiate_staless_ds_processVariables_p_curernt_user_1"
        }, {
          "propertyId" : "processVariables.p_source",
          "setterFunName" : "setInputProperty",
          "etype" : "itk_dki_review_dkigettransactionsf_initiate_staless_ds_processVariables_p_source_1",
          "events" : [ "source_input.change" ],
          "disableInitialEval" : false
        } ],
        "mapping" : {
          "processVariables.p_scan_id" : ["scan_id_input" ],
          "processVariables.p_source" : ["source_input" ]
        }
      } ],
      "autoLoad" : false,
      "outputType" : "Object"
    }, {
      "xcpId" : "da_def_invoke_stateless_processdkicompletequalityr_initiate",
      "actionModel" : "itk_da_def_invoke_stateless_processdkicompletequalityr_initiate",
      "actionType" : "create",
      "plugins" : [ {
        "ptype" : "xcp_expression_properties",
        "expression" : [ {
          "propertyId" : "processVariables.p_qc_date",
          "setterFunName" : "setInputProperty",
          "etype" : "itk_dki_review_da_def_invoke_stateless_processdkicompletequalityr_initiate_processVariables_p_qc_date_1"
        }, {
          "propertyId" : "processVariables.p_selected_action",
          "setterFunName" : "setInputProperty",
          "etype" : "itk_dki_review_da_def_invoke_stateless_processdkicompletequalityr_initiate_processVariables_p_selected_action_1",
          "events" : [ "process_action.change" ],
          "disableInitialEval" : false
        }, {
          "propertyId" : "processVariables.p_transaction_id",
          "setterFunName" : "setInputProperty",
          "etype" : "itk_dki_review_da_def_invoke_stateless_processdkicompletequalityr_initiate_processVariables_p_transaction_id_1",
          "events" : [ "transaction_id.change" ],
          "disableInitialEval" : false
        }, {
          "propertyId" : "processVariables.p_user_login",
          "setterFunName" : "setInputProperty",
          "etype" : "itk_dki_review_da_def_invoke_stateless_processdkicompletequalityr_initiate_processVariables_p_user_login_1"
        }, {
          "propertyId" : "processPackages.package0.id",
          "setterFunName" : "setInputProperty",
          "etype" : "itk_dki_review_da_def_invoke_stateless_processdkicompletequalityr_initiate_processPackages_package0_id_1",
          "events" : [ "r_object_id.change" ],
          "disableInitialEval" : false
        } ],
        "mapping" : {
          "processVariables.p_selected_action" : ["process_action" ],
          "processVariables.p_transaction_id" : ["transaction_id" ],
          "processPackages.package0.id" : ["r_object_id" ]
        }
      } ]
    }, {
      "xcpId" : "getviewersecuritytoken_initiate_staless_ds",
      "actionModel" : "itk_getviewersecuritytoken_initiate_staless_ds_outputs",
      "inputModelName" : "itk_getviewersecuritytoken_initiate_staless_ds_inputs",
      "actionType" : "datasource",
      "plugins" : [ {
        "ptype" : "xcp_expression_properties",
        "expression" : [ {
          "propertyId" : "processVariables.p_transaction_id",
          "setterFunName" : "setInputProperty",
          "etype" : "itk_dki_review_getviewersecuritytoken_initiate_staless_ds_processVariables_p_transaction_id_1",
          "events" : [ "transaction_id.change" ],
          "disableInitialEval" : false
        } ],
        "mapping" : {
          "processVariables.p_transaction_id" : ["transaction_id" ]
        }
      } ],
      "autoLoad" : false,
      "invokerEvents" : ["transaction_id.change" ],
      "outputType" : "Object"
    }, {
      "xcpId" : "dkigettransactionda_initiate_staless_ds",
      "actionModel" : "itk_dkigettransactionda_initiate_staless_ds_outputs",
      "inputModelName" : "itk_dkigettransactionda_initiate_staless_ds_inputs",
      "actionType" : "datasource",
      "plugins" : [ {
        "ptype" : "xcp_expression_properties",
        "expression" : [ {
          "propertyId" : "processVariables.p_object_id",
          "setterFunName" : "setInputProperty",
          "etype" : "itk_dki_review_dkigettransactionda_initiate_staless_ds_processVariables_p_object_id_1",
          "events" : [ "r_object_id.change" ],
          "disableInitialEval" : false
        } ],
        "mapping" : {
          "processVariables.p_object_id" : ["r_object_id" ]
        }
      } ],
      "autoLoad" : false,
      "invokerEvents" : ["r_object_id.change" ]
    }, {
      "xcpId" : "dkigetusersqueues_initiate_staless_ds",
      "actionModel" : "itk_dkigetusersqueues_initiate_staless_ds_outputs",
      "inputModelName" : "itk_dkigetusersqueues_initiate_staless_ds_inputs",
      "actionType" : "datasource",
      "plugins" : [ {
        "ptype" : "xcp_expression_properties",
        "expression" : [ {
          "propertyId" : "processVariables.p_user_name",
          "setterFunName" : "setInputProperty",
          "etype" : "itk_dki_review_dkigetusersqueues_initiate_staless_ds_processVariables_p_user_name_1"
        } ],
        "mapping" : {
        }
      } ],
      "autoLoad" : true
    }, {
      "xcpId" : "dkigetscanid_initiate_staless_ds",
      "actionModel" : "itk_dkigetscanid_initiate_staless_ds_outputs",
      "inputModelName" : "itk_dkigetscanid_initiate_staless_ds_inputs",
      "actionType" : "datasource",
      "plugins" : [ {
        "ptype" : "xcp_expression_properties",
        "expression" : [ ],
        "mapping" : {
        }
      } ],
      "autoLoad" : true
    } ]
  }, {
    "xtype" : "xcp_session_variable_container",
    "plugins" : [ {
      "ptype" : "xcp_expression_properties",
      "expression" : [ {
        "propertyId" : "itk_dkiislasttransactio",
        "setterFunName" : "setSessionVariableValue",
        "etype" : "itk_dki_review_itk_dkiislasttransactio_1",
        "events" : [ "is_last_transaction.change" ],
        "disableInitialEval" : true
      }, {
        "propertyId" : "itk_dkiselectedqueue",
        "setterFunName" : "setSessionVariableValue",
        "etype" : "itk_dki_review_itk_dkiselectedqueue_1",
        "events" : [ "dki_queue.change" ],
        "disableInitialEval" : true
      }, {
        "propertyId" : "itk_dkiscanid",
        "setterFunName" : "setSessionVariableValue",
        "etype" : "itk_dki_review_itk_dkiscanid_1",
        "events" : [ "scan_id_input.change" ],
        "disableInitialEval" : true
      }, {
        "propertyId" : "itk_dkisource",
        "setterFunName" : "setSessionVariableValue",
        "etype" : "itk_dki_review_itk_dkisource_1",
        "events" : [ "source_input.change" ],
        "disableInitialEval" : true
      } ]
    } ]
  }, {
    "xtype" : "xcp_uievent_publisher",
    "plugins" : [ {
      "ptype" : "xcp_publish_uievents",
      "publish" : [ ]
    } ]
  }, {
    "xcpId" : "column_box2",
    "xtype" : "xcp_column_box",
    "collapsible" : false,
    "collapsed" : false,
    "collapseFirst" : true,
    "border" : false,
    "defaultMargins" : "5",
    "layout" : "xcp_columnbox",
    "items" : [ {
      "xcpId" : "columnvbox4",
      "xtype" : "xcp_columnvbox",
      "orientation" : "Vertical",
      "overflow_x" : "hidden",
      "labelWidth" : 150,
      "labelAlign" : "left",
      "halign" : "left",
      "valign" : "top",
      "defaultMargins" : "5",
      "items" : [ {
        "xcpId" : "tab_group1",
        "xtype" : "xcp_tab_group",
        "tabPosition" : "top",
        "minWidth" : 450,
        "items" : [ {
          "xcpId" : "tab2",
          "xtype" : "xcp_tab",
          "title" : "${_UI_Page_itk_dki_review_tab2_title}",
          "items" : [ {
            "xcpId" : "column_box1",
            "xtype" : "xcp_column_box",
            "collapsible" : false,
            "collapsed" : false,
            "collapseFirst" : true,
            "border" : false,
            "defaultMargins" : "5",
            "layout" : "xcp_columnbox",
            "items" : [ {
              "xcpId" : "columnvbox2",
              "xtype" : "xcp_columnvbox",
              "orientation" : "Vertical",
              "width" : "30%",
              "overflow_x" : "auto",
              "labelWidth" : 150,
              "labelAlign" : "left",
              "halign" : "left",
              "valign" : "top",
              "defaultMargins" : "5",
              "items" : [ {
                "xcpId" : "column_box4",
                "xtype" : "xcp_column_box",
                "collapsible" : false,
                "collapsed" : false,
                "collapseFirst" : true,
                "border" : false,
                "defaultMargins" : "5",
                "layout" : "xcp_columnbox",
                "items" : [ {
                  "xcpId" : "columnvbox5",
                  "xtype" : "xcp_columnvbox",
                  "orientation" : "Vertical",
                  "overflow_x" : "hidden",
                  "labelWidth" : 150,
                  "labelAlign" : "left",
                  "halign" : "left",
                  "valign" : "top",
                  "defaultMargins" : "5",
                  "items" : [ {
                    "xcpId" : "dki_queue",
                    "xtype" : "xcp_dropdown_list",
                    "fieldLabel" : "${_UI_Page_itk_dki_review_dki_queue_fieldLabel}",
                    "valueField" : "p_queue_names",
                    "displayField" : "p_queue_names",
                    "store" : "dkigetusersqueues_initiate_staless_ds",
                    "valueType" : "STRING",
                    "plugins" : [ {
                      "ptype" : "xcp_expression_properties",
                      "expression" : [ {
                        "propertyId" : "value",
                        "setterFunName" : "setValue",
                        "etype" : "itk_dki_review_dki_queue_value_1",
                        "events" : [ "application.sessionVariableModified.itk_dkiselectedqueue" ],
                        "disableInitialEval" : false,
                        "disableProcessingOnRender" : false,
                        "initialDefaultExprValue" : null
                      } ]
                    } ]
                  }, {
                    "xcpId" : "scan_id_input",
                    "xtype" : "xcp_dropdown_list",
                    "fieldLabel" : "${_UI_Page_itk_dki_review_scan_id_input_fieldLabel}",
                    "valueField" : "p_scan_id",
                    "displayField" : "p_scan_id_name",
                    "store" : "dkigetscanid_initiate_staless_ds",
                    "valueType" : "STRING",
                    "plugins" : [ {
                      "ptype" : "xcp_expression_properties",
                      "expression" : [ {
                        "propertyId" : "value",
                        "setterFunName" : "setValue",
                        "etype" : "itk_dki_review_scan_id_input_value_1",
                        "events" : [ "application.sessionVariableModified.itk_dkiscanid" ],
                        "disableInitialEval" : false,
                        "disableProcessingOnRender" : false,
                        "initialDefaultExprValue" : null
                      } ]
                    } ]
                  }, {
                    "xcpId" : "source_input",
                    "xtype" : "xcp_dropdown_list",
                    "fieldLabel" : "${_UI_Page_itk_dki_review_source_input_fieldLabel}",
                    "store" : "xcp.picklist.itk_transaction_source",
                    "valueType" : "STRING",
                    "plugins" : [ {
                      "ptype" : "xcp_expression_properties",
                      "expression" : [ {
                        "propertyId" : "value",
                        "setterFunName" : "setValue",
                        "etype" : "itk_dki_review_source_input_value_1",
                        "events" : [ "application.sessionVariableModified.itk_dkisource" ],
                        "disableInitialEval" : false,
                        "disableProcessingOnRender" : false,
                        "initialDefaultExprValue" : null
                      } ]
                    } ]
                  }, {
                    "xcpId" : "status_message",
                    "xtype" : "xcp_value_display",
                    "fieldLabel" : null,
                    "valueType" : "STRING",
                    "isRepeating" : false,
                    "plugins" : [ {
                      "ptype" : "xcp_expression_properties",
                      "expression" : [ {
                        "propertyId" : "hidden",
                        "setterFunName" : "setHidden",
                        "etype" : "itk_dki_review_status_message_hidden_1",
                        "events" : [ "record_count.change" ],
                        "disableInitialEval" : false,
                        "disableProcessingOnRender" : true,
                        "initialDefaultExprValue" : "true"
                      }, {
                        "propertyId" : "value",
                        "setterFunName" : "setValue",
                        "etype" : "itk_dki_review_status_message_value_1",
                        "events" : [ "queue_count.change", "record_count.change", "is_last_transaction.change" ],
                        "disableInitialEval" : false,
                        "disableProcessingOnRender" : false,
                        "initialDefaultExprValue" : null
                      } ]
                    } ]
                  }, {
                    "xcpId" : "get_next_button",
                    "xtype" : "xcp_button",
                    "text" : "${_UI_Page_itk_dki_review_get_next_button_text}",
                    "actionInstanceId" : "dkigettransactionsf_initiate_staless_ds",
                    "redirectStyle" : "current"
                  }, {
                    "xcpId" : "queue_count",
                    "xtype" : "xcp_value_display",
                    "fieldLabel" : "${_UI_Page_itk_dki_review_queue_count_fieldLabel}",
                    "valueType" : "STRING",
                    "isRepeating" : false,
                    "plugins" : [ {
                      "ptype" : "xcp_expression_properties",
                      "expression" : [ {
                        "propertyId" : "hidden",
                        "setterFunName" : "setHidden",
                        "etype" : "itk_dki_review_queue_count_hidden_1",
                        "disableProcessingOnRender" : true,
                        "initialDefaultExprValue" : "true"
                      }, {
                        "propertyId" : "value",
                        "setterFunName" : "setValue",
                        "etype" : "itk_dki_review_queue_count_value_1",
                        "events" : [ "dkigetusersqueues_initiate_staless_ds.change" ],
                        "disableInitialEval" : false,
                        "disableProcessingOnRender" : false,
                        "initialDefaultExprValue" : null
                      } ]
                    } ]
                  }, {
                    "xcpId" : "record_count",
                    "xtype" : "xcp_value_display",
                    "fieldLabel" : "${_UI_Page_itk_dki_review_record_count_fieldLabel}",
                    "valueType" : "INTEGER",
                    "isRepeating" : false,
                    "format" : {
                      "xtype" : "xcp_integer_formatter",
                      "decimalPrecision" : 0,
                      "useThousandSeparator" : true,
                      "separatorStyle" : "LOCALE",
                      "negativeNumberStyle" : "FORMAT_MINUS_SIGN_STYLE_NONE"
                    },
                    "plugins" : [ {
                      "ptype" : "xcp_expression_properties",
                      "expression" : [ {
                        "propertyId" : "hidden",
                        "setterFunName" : "setHidden",
                        "etype" : "itk_dki_review_record_count_hidden_1",
                        "disableProcessingOnRender" : true,
                        "initialDefaultExprValue" : "true"
                      }, {
                        "propertyId" : "value",
                        "setterFunName" : "setValue",
                        "etype" : "itk_dki_review_record_count_value_1",
                        "events" : [ "dkigettransactionsf_initiate_staless_ds.change" ],
                        "disableInitialEval" : false,
                        "disableProcessingOnRender" : false,
                        "initialDefaultExprValue" : null
                      } ]
                    } ]
                  } ]
                } ]
              }, {
                "xcpId" : "column_box5",
                "xtype" : "xcp_column_box",
                "collapsible" : false,
                "collapsed" : false,
                "collapseFirst" : true,
                "border" : false,
                "defaultMargins" : "5",
                "layout" : "xcp_columnbox",
                "items" : [ {
                  "xcpId" : "columnvbox8",
                  "xtype" : "xcp_columnvbox",
                  "orientation" : "Vertical",
                  "overflow_x" : "hidden",
                  "labelWidth" : 150,
                  "labelAlign" : "left",
                  "halign" : "left",
                  "valign" : "top",
                  "defaultMargins" : "5",
                  "items" : [ {
                    "xcpId" : "process_action",
                    "xtype" : "xcp_dropdown_list",
                    "fieldLabel" : "${_UI_Page_itk_dki_review_process_action_fieldLabel}",
                    "store" : "xcp.picklist.itk_dki_actions",
                    "valueType" : "STRING",
                    "plugins" : [ {
                      "ptype" : "xcp_expression_properties",
                      "expression" : [ {
                        "propertyId" : "disabled",
                        "setterFunName" : "setDisabled",
                        "etype" : "itk_dki_review_process_action_disabled_1",
                        "events" : [ "record_count.change" ],
                        "disableInitialEval" : false,
                        "disableProcessingOnRender" : false,
                        "initialDefaultExprValue" : null
                      } ]
                    } ]
                  }, {
                    "xcpId" : "column_box6",
                    "xtype" : "xcp_column_box",
                    "collapsible" : false,
                    "collapsed" : false,
                    "collapseFirst" : true,
                    "border" : false,
                    "defaultMargins" : "5",
                    "layout" : "xcp_columnbox",
                    "items" : [ {
                      "xcpId" : "columnvbox9",
                      "xtype" : "xcp_columnhbox",
                      "orientation" : "Horizontal",
                      "overflow_x" : "hidden",
                      "labelWidth" : 150,
                      "defaultMargins" : "5",
                      "labelAlign" : "left",
                      "halign" : "left",
                      "valign" : "top",
                      "items" : [ {
                        "xcpId" : "submit_button",
                        "xtype" : "xcp_button",
                        "text" : "${_UI_Page_itk_dki_review_submit_button_text}",
                        "actionInstanceId" : "da_def_invoke_stateless_processdkicompletequalityr_initiate",
                        "redirectStyle" : "current",
                        "showSuccessNotification" : false,
                        "showConfirmation" : false,
                        "pageSelectionType" : "page",
                        "plugins" : [ {
                          "ptype" : "xcp_expression_properties",
                          "expression" : [ {
                            "propertyId" : "disabled",
                            "setterFunName" : "setDisabled",
                            "etype" : "itk_dki_review_submit_button_disabled_1",
                            "events" : [ "process_action.change", "transaction_id.change" ],
                            "disableInitialEval" : false,
                            "disableProcessingOnRender" : false,
                            "initialDefaultExprValue" : null
                          } ]
                        } ]
                      }, {
                        "xcpId" : "is_last_transaction",
                        "xtype" : "xcp_checkbox",
                        "fieldLabel" : null,
                        "boxLabel" : "${_UI_Page_itk_dki_review_is_last_transaction_boxLabel}",
                        "valueType" : "BOOLEAN",
                        "plugins" : [ {
                          "ptype" : "xcp_expression_properties",
                          "expression" : [ {
                            "propertyId" : "hidden",
                            "setterFunName" : "setHidden",
                            "etype" : "itk_dki_review_is_last_transaction_hidden_1",
                            "disableProcessingOnRender" : true,
                            "initialDefaultExprValue" : "true"
                          }, {
                            "propertyId" : "value",
                            "setterFunName" : "setValue",
                            "etype" : "itk_dki_review_is_last_transaction_value_1",
                            "events" : [ "application.sessionVariableModified.itk_dkiislasttransactio" ],
                            "disableInitialEval" : false,
                            "disableProcessingOnRender" : false,
                            "initialDefaultExprValue" : null
                          } ]
                        } ]
                      } ]
                    } ]
                  } ]
                } ]
              }, {
                "xcpId" : "tab_group",
                "xtype" : "xcp_tab_group",
                "tabPosition" : "top",
                "items" : [ {
                  "xcpId" : "tab",
                  "xtype" : "xcp_tab",
                  "title" : "${_UI_Page_itk_dki_review_tab_title}",
                  "items" : [ {
                    "xcpId" : "r_object_id",
                    "xtype" : "xcp_value_display",
                    "fieldLabel" : "${_UI_Page_itk_dki_review_r_object_id_fieldLabel}",
                    "valueType" : "STRING",
                    "isRepeating" : false,
                    "plugins" : [ {
                      "ptype" : "xcp_expression_properties",
                      "expression" : [ {
                        "propertyId" : "hidden",
                        "setterFunName" : "setHidden",
                        "etype" : "itk_dki_review_r_object_id_hidden_1",
                        "events" : [ "record_count.change" ],
                        "disableInitialEval" : false,
                        "disableProcessingOnRender" : true,
                        "initialDefaultExprValue" : "true"
                      }, {
                        "propertyId" : "value",
                        "setterFunName" : "setValue",
                        "etype" : "itk_dki_review_r_object_id_value_1",
                        "events" : [ "dkigettransactionsf_initiate_staless_ds.change" ],
                        "disableInitialEval" : false,
                        "disableProcessingOnRender" : false,
                        "initialDefaultExprValue" : null
                      } ]
                    } ]
                  }, {
                    "xcpId" : "transaction_id",
                    "xtype" : "xcp_value_display",
                    "fieldLabel" : "${_UI_Page_itk_dki_review_transaction_id_fieldLabel}",
                    "valueType" : "STRING",
                    "isRepeating" : false,
                    "plugins" : [ {
                      "ptype" : "xcp_expression_properties",
                      "expression" : [ {
                        "propertyId" : "value",
                        "setterFunName" : "setValue",
                        "etype" : "itk_dki_review_transaction_id_value_1",
                        "events" : [ "dkigettransactionsf_initiate_staless_ds.change" ],
                        "disableInitialEval" : false,
                        "disableProcessingOnRender" : false,
                        "initialDefaultExprValue" : null
                      } ]
                    } ]
                  }, {
                    "xcpId" : "object_name",
                    "xtype" : "xcp_value_display",
                    "fieldLabel" : "${_UI_Page_itk_dki_review_object_name_fieldLabel}",
                    "valueType" : "STRING",
                    "isRepeating" : false,
                    "plugins" : [ {
                      "ptype" : "xcp_expression_properties",
                      "expression" : [ {
                        "propertyId" : "value",
                        "setterFunName" : "setValue",
                        "etype" : "itk_dki_review_object_name_value_1",
                        "events" : [ "dkigettransactionsf_initiate_staless_ds.change" ],
                        "disableInitialEval" : false,
                        "disableProcessingOnRender" : false,
                        "initialDefaultExprValue" : null
                      } ]
                    } ]
                  }, {
                    "xcpId" : "received_date",
                    "xtype" : "xcp_value_display",
                    "fieldLabel" : "${_UI_Page_itk_dki_review_received_date_fieldLabel}",
                    "valueType" : "DATETIME",
                    "isRepeating" : true,
                    "format" : {
                      "xtype" : "xcp_datetime_formatter",
                      "dateFormat" : "short",
                      "timeFormat" : "short",
                      "dateStyle" : "datetime"
                    },
                    "repeatingAttributeFormat" : {
                      "xtype" : "xcp_repeating_attribute_formatter",
                      "separatorStyle" : "NEWLINE"
                    },
                    "plugins" : [ {
                      "ptype" : "xcp_expression_properties",
                      "expression" : [ {
                        "propertyId" : "value",
                        "setterFunName" : "setValue",
                        "etype" : "itk_dki_review_received_date_value_1",
                        "events" : [ "dkigettransactionda_initiate_staless_ds.change" ],
                        "disableInitialEval" : false,
                        "disableProcessingOnRender" : false,
                        "initialDefaultExprValue" : null
                      } ]
                    } ]
                  }, {
                    "xcpId" : "account_number",
                    "xtype" : "xcp_value_display",
                    "fieldLabel" : "${_UI_Page_itk_dki_review_account_number_fieldLabel}",
                    "valueType" : "STRING",
                    "isRepeating" : true,
                    "repeatingAttributeFormat" : {
                      "xtype" : "xcp_repeating_attribute_formatter",
                      "separatorStyle" : "NEWLINE"
                    },
                    "plugins" : [ {
                      "ptype" : "xcp_expression_properties",
                      "expression" : [ {
                        "propertyId" : "value",
                        "setterFunName" : "setValue",
                        "etype" : "itk_dki_review_account_number_value_1",
                        "events" : [ "dkigettransactionda_initiate_staless_ds.change" ],
                        "disableInitialEval" : false,
                        "disableProcessingOnRender" : false,
                        "initialDefaultExprValue" : null
                      } ]
                    } ]
                  }, {
                    "xcpId" : "scan_id",
                    "xtype" : "xcp_value_display",
                    "fieldLabel" : "${_UI_Page_itk_dki_review_scan_id_fieldLabel}",
                    "valueType" : "STRING",
                    "isRepeating" : true,
                    "repeatingAttributeFormat" : {
                      "xtype" : "xcp_repeating_attribute_formatter",
                      "separatorStyle" : "NEWLINE"
                    },
                    "plugins" : [ {
                      "ptype" : "xcp_expression_properties",
                      "expression" : [ {
                        "propertyId" : "value",
                        "setterFunName" : "setValue",
                        "etype" : "itk_dki_review_scan_id_value_1",
                        "events" : [ "dkigettransactionda_initiate_staless_ds.change" ],
                        "disableInitialEval" : false,
                        "disableProcessingOnRender" : false,
                        "initialDefaultExprValue" : null
                      } ]
                    } ]
                  }, {
                    "xcpId" : "transaction_source",
                    "xtype" : "xcp_value_display",
                    "fieldLabel" : "${_UI_Page_itk_dki_review_transaction_source_fieldLabel}",
                    "valueType" : "STRING",
                    "isRepeating" : true,
                    "repeatingAttributeFormat" : {
                      "xtype" : "xcp_repeating_attribute_formatter",
                      "separatorStyle" : "NEWLINE"
                    },
                    "plugins" : [ {
                      "ptype" : "xcp_expression_properties",
                      "expression" : [ {
                        "propertyId" : "value",
                        "setterFunName" : "setValue",
                        "etype" : "itk_dki_review_transaction_source_value_1",
                        "events" : [ "dkigettransactionda_initiate_staless_ds.change" ],
                        "disableInitialEval" : false,
                        "disableProcessingOnRender" : false,
                        "initialDefaultExprValue" : null
                      } ]
                    } ]
                  } ]
                }, {
                  "xcpId" : "tab1",
                  "xtype" : "xcp_tab",
                  "title" : "${_UI_Page_itk_dki_review_tab1_title}",
                  "plugins" : [ {
                    "ptype" : "xcp_expression_properties",
                    "expression" : [ {
                      "propertyId" : "hidden",
                      "setterFunName" : "setHidden",
                      "etype" : "itk_dki_review_tab1_hidden_1",
                      "disableProcessingOnRender" : true,
                      "initialDefaultExprValue" : "true"
                    } ]
                  } ],
                  "items" : [ {
                    "xcpId" : "cognasys_data",
                    "xtype" : "xcp_fragment",
                    "fieldLabel" : null,
                    "cls" : "xcp-content-area",
                    "margin" : "0 0 0 0",
                    "fragmentId" : "#itk_cognasys_metadata_f",
                    "fragmentScope" : "INSTANCE",
                    "plugins" : [ {
                      "ptype" : "xcp_expression_properties",
                      "expression" : [ {
                        "propertyId" : "id",
                        "setterFunName" : "setObjectId",
                        "etype" : "itk_dki_review_cognasys_data_id_1",
                        "events" : [ "r_object_id.change" ],
                        "disableInitialEval" : false,
                        "disableProcessingOnRender" : false,
                        "initialDefaultExprValue" : ""
                      } ]
                    } ]
                  } ]
                } ]
              } ]
            }, {
              "xcpId" : "columnvbox3",
              "xtype" : "xcp_columnvbox",
              "orientation" : "Vertical",
              "overflow_x" : "hidden",
              "labelWidth" : 150,
              "labelAlign" : "left",
              "halign" : "left",
              "valign" : "top",
              "defaultMargins" : "5",
              "items" : [ {
                "xcpId" : "itb_iframe",
                "xtype" : "itb_iframe",
                "debug" : true,
                "border" : 1,
                "height" : 1000,
                "plugins" : [ {
                  "ptype" : "xcp_expression_properties",
                  "expression" : [ {
                    "propertyId" : "url",
                    "setterFunName" : "setValue",
                    "etype" : "itk_dki_review_itb_iframe_url_1",
                    "events" : [ "transaction_id.change", "getviewersecuritytoken_initiate_staless_ds.change" ],
                    "disableInitialEval" : false,
                    "disableProcessingOnRender" : false,
                    "initialDefaultExprValue" : null
                  } ]
                } ]
              } ]
            } ]
          } ]
        }, {
          "xcpId" : "tab3",
          "xtype" : "xcp_tab",
          "title" : "${_UI_Page_itk_dki_review_tab3_title}",
          "items" : [ {
            "xcpId" : "column_box",
            "xtype" : "xcp_column_box",
            "collapsible" : false,
            "collapsed" : false,
            "collapseFirst" : true,
            "border" : false,
            "defaultMargins" : "5",
            "layout" : "xcp_columnbox",
            "items" : [ {
              "xcpId" : "columnvbox",
              "xtype" : "xcp_columnvbox",
              "orientation" : "Vertical",
              "overflow_x" : "hidden",
              "labelWidth" : 150,
              "labelAlign" : "left",
              "halign" : "left",
              "valign" : "top",
              "defaultMargins" : "5",
              "items" : [ {
                "xcpId" : "pending_dki_summary",
                "xtype" : "xcp_results_list",
                "title" : "${_UI_Page_itk_dki_review_pending_dki_summary_title}",
                "typeName" : "itk_dkitransactionsummary_initiate",
                "modelName" : "itk_dkitransactionsummary_initiate_staless_ds_outputs",
                "storeId" : "dkitransactionsummary_initiate_staless_ds",
                "pageSize" : 10,
                "selectionModel" : false,
                "enableDragDrop" : true,
                "disableNavigationOnFirstColumn" : false,
                "allowDeselect" : false,
                "columns" : [ {
                  "xcpId" : "results_list_page_link_column",
                  "xtype" : "xcp_results_list_page_link_column",
                  "text" : "${_UI_Page_itk_dki_review_results_list_page_link_column_text}",
                  "width" : 150,
                  "dataIndex" : "p_doc__type",
                  "valueType" : "STRING",
                  "isRepeating" : false,
                  "sortable" : false,
                  "menuDisabled" : true
                }, {
                  "xcpId" : "results_list_column",
                  "xtype" : "xcp_results_list_column",
                  "text" : "${_UI_Page_itk_dki_review_results_list_column_text}",
                  "width" : 150,
                  "dataIndex" : "p_transaction_count",
                  "valueType" : "INTEGER",
                  "isRepeating" : false,
                  "format" : {
                    "xtype" : "xcp_integer_formatter",
                    "decimalPrecision" : 0,
                    "useThousandSeparator" : true,
                    "separatorStyle" : "LOCALE",
                    "negativeNumberStyle" : "FORMAT_MINUS_SIGN_STYLE_NONE"
                  },
                  "sortable" : false,
                  "menuDisabled" : true
                } ]
              } ]
            }, {
              "xcpId" : "columnvbox1",
              "xtype" : "xcp_columnvbox",
              "orientation" : "Vertical",
              "overflow_x" : "hidden",
              "labelWidth" : 150,
              "labelAlign" : "left",
              "halign" : "left",
              "valign" : "top",
              "defaultMargins" : "5",
              "items" : [ {
                "xcpId" : "results_list1",
                "xtype" : "xcp_results_list",
                "title" : "${_UI_Page_itk_dki_review_results_list1_title}",
                "typeName" : "itk_dkitransactionsumma_initiate",
                "modelName" : "itk_dkitransactionsumma_initiate_staless_ds_outputs",
                "storeId" : "dkitransactionsumma_initiate_staless_ds",
                "pageSize" : 10,
                "selectionModel" : false,
                "enableDragDrop" : true,
                "disableNavigationOnFirstColumn" : false,
                "allowDeselect" : false,
                "columns" : [ {
                  "xcpId" : "results_list_page_link_column1",
                  "xtype" : "xcp_results_list_page_link_column",
                  "text" : "${_UI_Page_itk_dki_review_results_list_page_link_column1_text}",
                  "width" : 150,
                  "dataIndex" : "p_received_date",
                  "valueType" : "STRING",
                  "isRepeating" : false,
                  "sortable" : false,
                  "menuDisabled" : true
                }, {
                  "xcpId" : "results_list_column1",
                  "xtype" : "xcp_results_list_column",
                  "text" : "${_UI_Page_itk_dki_review_results_list_column1_text}",
                  "width" : 150,
                  "dataIndex" : "p_doc__type",
                  "valueType" : "STRING",
                  "isRepeating" : false,
                  "sortable" : false,
                  "menuDisabled" : true
                }, {
                  "xcpId" : "results_list_column2",
                  "xtype" : "xcp_results_list_column",
                  "text" : "${_UI_Page_itk_dki_review_results_list_column2_text}",
                  "width" : 150,
                  "dataIndex" : "p_transaction_count",
                  "valueType" : "INTEGER",
                  "isRepeating" : false,
                  "format" : {
                    "xtype" : "xcp_integer_formatter",
                    "decimalPrecision" : 0,
                    "useThousandSeparator" : true,
                    "separatorStyle" : "LOCALE",
                    "negativeNumberStyle" : "FORMAT_MINUS_SIGN_STYLE_NONE"
                  },
                  "sortable" : false,
                  "menuDisabled" : true
                } ]
              } ]
            } ]
          } ]
        } ]
      } ]
    } ]
  } ]
}