{
  "cls" : "itk_imqc_dashboard",
  "padding" : "0",
  "border" : false,
  "pageTitle" : "${_UI_Page_itk_imqc_dashboard_title}",
  "xtype" : "xcp_form",
  "items" : [ {
    "xtype" : "xcp_action_container",
    "actions" : [ {
      "xcpId" : "imqcgetdashboardresults_initiate_staless_ds",
      "actionModel" : "itk_imqcgetdashboardresults_initiate_staless_ds_outputs",
      "inputModelName" : "itk_imqcgetdashboardresults_initiate_staless_ds_inputs",
      "actionType" : "datasource",
      "plugins" : [ {
        "ptype" : "xcp_expression_properties",
        "expression" : [ {
          "propertyId" : "processVariables.p_selected_queue",
          "setterFunName" : "setInputProperty",
          "etype" : "itk_imqc_dashboard_imqcgetdashboardresults_initiate_staless_ds_processVariables_p_selected_queue_1",
          "events" : [ "tab_group.tabchange" ],
          "disableInitialEval" : false
        } ],
        "mapping" : {
          "processVariables.p_selected_queue" : ["tab_group" ]
        }
      } ],
      "autoLoad" : true,
      "invokerEvents" : ["tab_group.tabchange" ],
      "pageSize" : 10
    }, {
      "xcpId" : "imqcgetqueuecounts_initiate_staless_ds",
      "actionModel" : "itk_imqcgetqueuecounts_initiate_staless_ds_outputs",
      "inputModelName" : "itk_imqcgetqueuecounts_initiate_staless_ds_inputs",
      "actionType" : "datasource",
      "plugins" : [ {
        "ptype" : "xcp_expression_properties",
        "expression" : [ ],
        "mapping" : {
        }
      } ],
      "autoLoad" : true,
      "outputType" : "Object"
    } ]
  }, {
    "xtype" : "xcp_uievent_publisher",
    "plugins" : [ {
      "ptype" : "xcp_publish_uievents",
      "publish" : [ ]
    } ]
  }, {
    "xcpId" : "column_box",
    "xtype" : "xcp_column_box",
    "collapsible" : false,
    "collapsed" : false,
    "collapseFirst" : true,
    "border" : false,
    "defaultMargins" : "5",
    "layout" : "xcp_columnbox",
    "items" : [ {
      "xcpId" : "columnvbox",
      "xtype" : "xcp_columnvbox",
      "orientation" : "Vertical",
      "overflow_x" : "hidden",
      "labelWidth" : 150,
      "labelAlign" : "left",
      "halign" : "left",
      "valign" : "top",
      "defaultMargins" : "5",
      "items" : [ {
        "xcpId" : "agent_q_count",
        "xtype" : "xcp_value_display",
        "fieldLabel" : "${_UI_Page_itk_imqc_dashboard_agent_q_count_fieldLabel}",
        "valueType" : "INTEGER",
        "isRepeating" : false,
        "format" : {
          "xtype" : "xcp_integer_formatter",
          "decimalPrecision" : 0,
          "useThousandSeparator" : true,
          "separatorStyle" : "LOCALE",
          "negativeNumberStyle" : "FORMAT_MINUS_SIGN_STYLE_NONE"
        },
        "plugins" : [ {
          "ptype" : "xcp_expression_properties",
          "expression" : [ {
            "propertyId" : "value",
            "setterFunName" : "setValue",
            "etype" : "itk_imqc_dashboard_agent_q_count_value_1",
            "events" : [ "imqcgetqueuecounts_initiate_staless_ds.change" ],
            "disableInitialEval" : false,
            "disableProcessingOnRender" : false,
            "initialDefaultExprValue" : null
          } ]
        } ]
      }, {
        "xcpId" : "non_agent_q_count",
        "xtype" : "xcp_value_display",
        "fieldLabel" : "${_UI_Page_itk_imqc_dashboard_non_agent_q_count_fieldLabel}",
        "valueType" : "INTEGER",
        "isRepeating" : false,
        "format" : {
          "xtype" : "xcp_integer_formatter",
          "decimalPrecision" : 0,
          "useThousandSeparator" : true,
          "separatorStyle" : "LOCALE",
          "negativeNumberStyle" : "FORMAT_MINUS_SIGN_STYLE_NONE"
        },
        "plugins" : [ {
          "ptype" : "xcp_expression_properties",
          "expression" : [ {
            "propertyId" : "value",
            "setterFunName" : "setValue",
            "etype" : "itk_imqc_dashboard_non_agent_q_count_value_1",
            "events" : [ "imqcgetqueuecounts_initiate_staless_ds.change" ],
            "disableInitialEval" : false,
            "disableProcessingOnRender" : false,
            "initialDefaultExprValue" : null
          } ]
        } ]
      }, {
        "xcpId" : "follow_up_q_count",
        "xtype" : "xcp_value_display",
        "fieldLabel" : "${_UI_Page_itk_imqc_dashboard_follow_up_q_count_fieldLabel}",
        "valueType" : "INTEGER",
        "isRepeating" : false,
        "format" : {
          "xtype" : "xcp_integer_formatter",
          "decimalPrecision" : 0,
          "useThousandSeparator" : true,
          "separatorStyle" : "LOCALE",
          "negativeNumberStyle" : "FORMAT_MINUS_SIGN_STYLE_NONE"
        },
        "plugins" : [ {
          "ptype" : "xcp_expression_properties",
          "expression" : [ {
            "propertyId" : "value",
            "setterFunName" : "setValue",
            "etype" : "itk_imqc_dashboard_follow_up_q_count_value_1",
            "events" : [ "imqcgetqueuecounts_initiate_staless_ds.change" ],
            "disableInitialEval" : false,
            "disableProcessingOnRender" : false,
            "initialDefaultExprValue" : null
          } ]
        } ]
      }, {
        "xcpId" : "qc_q_count",
        "xtype" : "xcp_value_display",
        "fieldLabel" : "${_UI_Page_itk_imqc_dashboard_qc_q_count_fieldLabel}",
        "valueType" : "INTEGER",
        "isRepeating" : false,
        "format" : {
          "xtype" : "xcp_integer_formatter",
          "decimalPrecision" : 0,
          "useThousandSeparator" : true,
          "separatorStyle" : "LOCALE",
          "negativeNumberStyle" : "FORMAT_MINUS_SIGN_STYLE_NONE"
        },
        "plugins" : [ {
          "ptype" : "xcp_expression_properties",
          "expression" : [ {
            "propertyId" : "value",
            "setterFunName" : "setValue",
            "etype" : "itk_imqc_dashboard_qc_q_count_value_1",
            "events" : [ "imqcgetqueuecounts_initiate_staless_ds.change" ],
            "disableInitialEval" : false,
            "disableProcessingOnRender" : false,
            "initialDefaultExprValue" : null
          } ]
        } ]
      }, {
        "xcpId" : "total_q_count",
        "xtype" : "xcp_value_display",
        "fieldLabel" : "${_UI_Page_itk_imqc_dashboard_total_q_count_fieldLabel}",
        "valueType" : "INTEGER",
        "isRepeating" : false,
        "format" : {
          "xtype" : "xcp_integer_formatter",
          "decimalPrecision" : 0,
          "useThousandSeparator" : true,
          "separatorStyle" : "LOCALE",
          "negativeNumberStyle" : "FORMAT_MINUS_SIGN_STYLE_NONE"
        },
        "plugins" : [ {
          "ptype" : "xcp_expression_properties",
          "expression" : [ {
            "propertyId" : "value",
            "setterFunName" : "setValue",
            "etype" : "itk_imqc_dashboard_total_q_count_value_1",
            "events" : [ "imqcgetqueuecounts_initiate_staless_ds.change" ],
            "disableInitialEval" : false,
            "disableProcessingOnRender" : false,
            "initialDefaultExprValue" : null
          } ]
        } ]
      } ]
    }, {
      "xcpId" : "columnvbox2",
      "xtype" : "xcp_columnvbox",
      "orientation" : "Vertical",
      "overflow_x" : "hidden",
      "labelWidth" : 150,
      "labelAlign" : "left",
      "halign" : "left",
      "valign" : "top",
      "defaultMargins" : "5"
    }, {
      "xcpId" : "columnvbox1",
      "xtype" : "xcp_columnvbox",
      "orientation" : "Vertical",
      "overflow_x" : "hidden",
      "labelWidth" : 150,
      "labelAlign" : "left",
      "halign" : "left",
      "valign" : "top",
      "defaultMargins" : "5"
    } ]
  }, {
    "xcpId" : "column_box1",
    "xtype" : "xcp_column_box",
    "collapsible" : false,
    "collapsed" : false,
    "collapseFirst" : true,
    "border" : false,
    "defaultMargins" : "5",
    "layout" : "xcp_columnbox",
    "items" : [ {
      "xcpId" : "columnvbox4",
      "xtype" : "xcp_columnvbox",
      "orientation" : "Vertical",
      "overflow_x" : "hidden",
      "labelWidth" : 150,
      "labelAlign" : "left",
      "halign" : "left",
      "valign" : "top",
      "defaultMargins" : "5",
      "items" : [ {
        "xcpId" : "tab_group",
        "xtype" : "xcp_tab_group",
        "tabPosition" : "top",
        "minWidth" : 450,
        "items" : [ {
          "xcpId" : "tab",
          "xtype" : "xcp_tab",
          "title" : "${_UI_Page_itk_imqc_dashboard_tab_title}",
          "items" : [ {
            "xcpId" : "results_list",
            "xtype" : "xcp_results_list",
            "typeName" : "itk_imqcgetdashboardresults_initiate",
            "modelName" : "itk_imqcgetdashboardresults_initiate_staless_ds_outputs",
            "storeId" : "imqcgetdashboardresults_initiate_staless_ds",
            "pageSize" : 10,
            "selectionModel" : false,
            "enableDragDrop" : false,
            "disableNavigationOnFirstColumn" : false,
            "allowDeselect" : false,
            "columns" : [ {
              "xcpId" : "results_list_page_link_column",
              "xtype" : "xcp_results_list_page_link_column",
              "text" : "${_UI_Page_itk_imqc_dashboard_results_list_page_link_column_text}",
              "width" : 150,
              "dataIndex" : "p_object_name",
              "valueType" : "STRING",
              "isRepeating" : false,
              "sortable" : false,
              "menuDisabled" : true
            }, {
              "xcpId" : "results_list_column",
              "xtype" : "xcp_results_list_column",
              "text" : "${_UI_Page_itk_imqc_dashboard_results_list_column_text}",
              "width" : 150,
              "dataIndex" : "p_received_date",
              "valueType" : "DATETIME",
              "isRepeating" : false,
              "format" : {
                "xtype" : "xcp_datetime_formatter",
                "dateFormat" : "short",
                "timeFormat" : "short",
                "dateStyle" : "datetime"
              },
              "sortable" : false,
              "menuDisabled" : true
            }, {
              "xcpId" : "results_list_column1",
              "xtype" : "xcp_results_list_column",
              "text" : "${_UI_Page_itk_imqc_dashboard_results_list_column1_text}",
              "width" : 150,
              "dataIndex" : "p_transaction_id",
              "valueType" : "STRING",
              "isRepeating" : false,
              "sortable" : false,
              "menuDisabled" : true
            }, {
              "xcpId" : "results_list_column2",
              "xtype" : "xcp_results_list_column",
              "text" : "${_UI_Page_itk_imqc_dashboard_results_list_column2_text}",
              "width" : 150,
              "dataIndex" : "p_acct_no",
              "valueType" : "STRING",
              "isRepeating" : false,
              "sortable" : false,
              "menuDisabled" : true
            }, {
              "xcpId" : "results_list_column9",
              "xtype" : "xcp_results_list_column",
              "text" : "${_UI_Page_itk_imqc_dashboard_results_list_column9_text}",
              "width" : 150,
              "dataIndex" : "p_loan_no",
              "valueType" : "STRING",
              "isRepeating" : false,
              "sortable" : false,
              "menuDisabled" : true
            }, {
              "xcpId" : "results_list_column10",
              "xtype" : "xcp_results_list_column",
              "text" : "${_UI_Page_itk_imqc_dashboard_results_list_column10_text}",
              "width" : 150,
              "dataIndex" : "p_loan_suffix",
              "valueType" : "STRING",
              "isRepeating" : false,
              "sortable" : false,
              "menuDisabled" : true
            }, {
              "xcpId" : "results_list_column11",
              "xtype" : "xcp_results_list_column",
              "text" : "${_UI_Page_itk_imqc_dashboard_results_list_column11_text}",
              "dataIndex" : "p_transaction_status",
              "valueType" : "STRING",
              "isRepeating" : false,
              "sortable" : false,
              "menuDisabled" : true
            } ]
          } ]
        }, {
          "xcpId" : "tab1",
          "xtype" : "xcp_tab",
          "title" : "${_UI_Page_itk_imqc_dashboard_tab1_title}",
          "items" : [ {
            "xcpId" : "results_list1",
            "xtype" : "xcp_results_list",
            "typeName" : "itk_imqcgetdashboardresults_initiate",
            "modelName" : "itk_imqcgetdashboardresults_initiate_staless_ds_outputs",
            "storeId" : "imqcgetdashboardresults_initiate_staless_ds",
            "pageSize" : 10,
            "selectionModel" : false,
            "enableDragDrop" : true,
            "disableNavigationOnFirstColumn" : false,
            "allowDeselect" : false,
            "columns" : [ {
              "xcpId" : "results_list_page_link_column1",
              "xtype" : "xcp_results_list_page_link_column",
              "text" : "${_UI_Page_itk_imqc_dashboard_results_list_page_link_column1_text}",
              "width" : 150,
              "dataIndex" : "p_object_name",
              "valueType" : "STRING",
              "isRepeating" : false,
              "sortable" : false,
              "menuDisabled" : true
            }, {
              "xcpId" : "results_list_column3",
              "xtype" : "xcp_results_list_column",
              "text" : "${_UI_Page_itk_imqc_dashboard_results_list_column3_text}",
              "width" : 150,
              "dataIndex" : "p_received_date",
              "valueType" : "DATETIME",
              "isRepeating" : false,
              "format" : {
                "xtype" : "xcp_datetime_formatter",
                "dateFormat" : "short",
                "timeFormat" : "short",
                "dateStyle" : "datetime"
              },
              "sortable" : false,
              "menuDisabled" : true
            }, {
              "xcpId" : "results_list_column4",
              "xtype" : "xcp_results_list_column",
              "text" : "${_UI_Page_itk_imqc_dashboard_results_list_column4_text}",
              "width" : 150,
              "dataIndex" : "p_transaction_id",
              "valueType" : "STRING",
              "isRepeating" : false,
              "sortable" : false,
              "menuDisabled" : true
            }, {
              "xcpId" : "results_list_column5",
              "xtype" : "xcp_results_list_column",
              "text" : "${_UI_Page_itk_imqc_dashboard_results_list_column5_text}",
              "width" : 150,
              "dataIndex" : "p_acct_no",
              "valueType" : "STRING",
              "isRepeating" : false,
              "sortable" : false,
              "menuDisabled" : true
            }, {
              "xcpId" : "results_list_column12",
              "xtype" : "xcp_results_list_column",
              "text" : "${_UI_Page_itk_imqc_dashboard_results_list_column12_text}",
              "width" : 150,
              "dataIndex" : "p_loan_no",
              "valueType" : "STRING",
              "isRepeating" : false,
              "sortable" : false,
              "menuDisabled" : true
            }, {
              "xcpId" : "results_list_column13",
              "xtype" : "xcp_results_list_column",
              "text" : "${_UI_Page_itk_imqc_dashboard_results_list_column13_text}",
              "width" : 150,
              "dataIndex" : "p_loan_suffix",
              "valueType" : "STRING",
              "isRepeating" : false,
              "sortable" : false,
              "menuDisabled" : true
            }, {
              "xcpId" : "results_list_column14",
              "xtype" : "xcp_results_list_column",
              "text" : "${_UI_Page_itk_imqc_dashboard_results_list_column14_text}",
              "dataIndex" : "p_transaction_status",
              "valueType" : "STRING",
              "isRepeating" : false,
              "sortable" : false,
              "menuDisabled" : true
            } ]
          } ]
        }, {
          "xcpId" : "tab3",
          "xtype" : "xcp_tab",
          "title" : "${_UI_Page_itk_imqc_dashboard_tab3_title}",
          "items" : [ {
            "xcpId" : "results_list3",
            "xtype" : "xcp_results_list",
            "typeName" : "itk_imqcgetdashboardresults_initiate",
            "modelName" : "itk_imqcgetdashboardresults_initiate_staless_ds_outputs",
            "storeId" : "imqcgetdashboardresults_initiate_staless_ds",
            "pageSize" : 10,
            "selectionModel" : false,
            "enableDragDrop" : true,
            "disableNavigationOnFirstColumn" : false,
            "allowDeselect" : false,
            "columns" : [ {
              "xcpId" : "results_list_page_link_column3",
              "xtype" : "xcp_results_list_page_link_column",
              "text" : "${_UI_Page_itk_imqc_dashboard_results_list_page_link_column3_text}",
              "width" : 150,
              "dataIndex" : "p_object_name",
              "valueType" : "STRING",
              "isRepeating" : false,
              "sortable" : false,
              "menuDisabled" : true
            }, {
              "xcpId" : "results_list_column18",
              "xtype" : "xcp_results_list_column",
              "text" : "${_UI_Page_itk_imqc_dashboard_results_list_column18_text}",
              "width" : 150,
              "dataIndex" : "p_received_date",
              "valueType" : "DATETIME",
              "isRepeating" : false,
              "format" : {
                "xtype" : "xcp_datetime_formatter",
                "dateFormat" : "short",
                "timeFormat" : "short",
                "dateStyle" : "datetime"
              },
              "sortable" : false,
              "menuDisabled" : true
            }, {
              "xcpId" : "results_list_column19",
              "xtype" : "xcp_results_list_column",
              "text" : "${_UI_Page_itk_imqc_dashboard_results_list_column19_text}",
              "width" : 150,
              "dataIndex" : "p_transaction_id",
              "valueType" : "STRING",
              "isRepeating" : false,
              "sortable" : false,
              "menuDisabled" : true
            }, {
              "xcpId" : "results_list_column20",
              "xtype" : "xcp_results_list_column",
              "text" : "${_UI_Page_itk_imqc_dashboard_results_list_column20_text}",
              "width" : 150,
              "dataIndex" : "p_acct_no",
              "valueType" : "STRING",
              "isRepeating" : false,
              "sortable" : false,
              "menuDisabled" : true
            }, {
              "xcpId" : "results_list_column21",
              "xtype" : "xcp_results_list_column",
              "text" : "${_UI_Page_itk_imqc_dashboard_results_list_column21_text}",
              "width" : 150,
              "dataIndex" : "p_loan_no",
              "valueType" : "STRING",
              "isRepeating" : false,
              "sortable" : false,
              "menuDisabled" : true
            }, {
              "xcpId" : "results_list_column22",
              "xtype" : "xcp_results_list_column",
              "text" : "${_UI_Page_itk_imqc_dashboard_results_list_column22_text}",
              "width" : 150,
              "dataIndex" : "p_loan_suffix",
              "valueType" : "STRING",
              "isRepeating" : false,
              "sortable" : false,
              "menuDisabled" : true
            }, {
              "xcpId" : "results_list_column23",
              "xtype" : "xcp_results_list_column",
              "text" : "${_UI_Page_itk_imqc_dashboard_results_list_column23_text}",
              "dataIndex" : "p_transaction_status",
              "valueType" : "STRING",
              "isRepeating" : false,
              "sortable" : false,
              "menuDisabled" : true
            } ]
          } ]
        }, {
          "xcpId" : "tab2",
          "xtype" : "xcp_tab",
          "title" : "${_UI_Page_itk_imqc_dashboard_tab2_title}",
          "items" : [ {
            "xcpId" : "results_list2",
            "xtype" : "xcp_results_list",
            "typeName" : "itk_imqcgetdashboardresults_initiate",
            "modelName" : "itk_imqcgetdashboardresults_initiate_staless_ds_outputs",
            "storeId" : "imqcgetdashboardresults_initiate_staless_ds",
            "pageSize" : 10,
            "selectionModel" : false,
            "enableDragDrop" : true,
            "disableNavigationOnFirstColumn" : false,
            "allowDeselect" : false,
            "columns" : [ {
              "xcpId" : "results_list_page_link_column2",
              "xtype" : "xcp_results_list_page_link_column",
              "text" : "${_UI_Page_itk_imqc_dashboard_results_list_page_link_column2_text}",
              "width" : 150,
              "dataIndex" : "p_object_name",
              "valueType" : "STRING",
              "isRepeating" : false,
              "sortable" : false,
              "menuDisabled" : true
            }, {
              "xcpId" : "results_list_column6",
              "xtype" : "xcp_results_list_column",
              "text" : "${_UI_Page_itk_imqc_dashboard_results_list_column6_text}",
              "width" : 150,
              "dataIndex" : "p_received_date",
              "valueType" : "DATETIME",
              "isRepeating" : false,
              "format" : {
                "xtype" : "xcp_datetime_formatter",
                "dateFormat" : "short",
                "timeFormat" : "short",
                "dateStyle" : "datetime"
              },
              "sortable" : false,
              "menuDisabled" : true
            }, {
              "xcpId" : "results_list_column7",
              "xtype" : "xcp_results_list_column",
              "text" : "${_UI_Page_itk_imqc_dashboard_results_list_column7_text}",
              "width" : 150,
              "dataIndex" : "p_transaction_id",
              "valueType" : "STRING",
              "isRepeating" : false,
              "sortable" : false,
              "menuDisabled" : true
            }, {
              "xcpId" : "results_list_column8",
              "xtype" : "xcp_results_list_column",
              "text" : "${_UI_Page_itk_imqc_dashboard_results_list_column8_text}",
              "width" : 150,
              "dataIndex" : "p_acct_no",
              "valueType" : "STRING",
              "isRepeating" : false,
              "sortable" : false,
              "menuDisabled" : true
            }, {
              "xcpId" : "results_list_column15",
              "xtype" : "xcp_results_list_column",
              "text" : "${_UI_Page_itk_imqc_dashboard_results_list_column15_text}",
              "width" : 150,
              "dataIndex" : "p_loan_no",
              "valueType" : "STRING",
              "isRepeating" : false,
              "sortable" : false,
              "menuDisabled" : true
            }, {
              "xcpId" : "results_list_column16",
              "xtype" : "xcp_results_list_column",
              "text" : "${_UI_Page_itk_imqc_dashboard_results_list_column16_text}",
              "width" : 150,
              "dataIndex" : "p_loan_suffix",
              "valueType" : "STRING",
              "isRepeating" : false,
              "sortable" : false,
              "menuDisabled" : true
            }, {
              "xcpId" : "results_list_column17",
              "xtype" : "xcp_results_list_column",
              "text" : "${_UI_Page_itk_imqc_dashboard_results_list_column17_text}",
              "dataIndex" : "p_transaction_status",
              "valueType" : "STRING",
              "isRepeating" : false,
              "sortable" : false,
              "menuDisabled" : true
            } ]
          } ]
        } ]
      } ]
    } ]
  } ]
}