{
  "cls" : "itk_secondary_queue_int",
  "padding" : "0",
  "border" : false,
  "pageTitle" : "${_UI_Page_itk_secondary_queue_int_title}",
  "xtype" : "xcp_form",
  "items" : [ {
    "xtype" : "xcp_action_container",
    "actions" : [ {
      "xcpId" : "getsecondaryqueuetransactions_initiate_staless_ds",
      "actionModel" : "itk_getsecondaryqueuetransactions_initiate_staless_ds_outputs",
      "inputModelName" : "itk_getsecondaryqueuetransactions_initiate_staless_ds_inputs",
      "actionType" : "datasource",
      "plugins" : [ {
        "ptype" : "xcp_expression_properties",
        "expression" : [ {
          "propertyId" : "processVariables.p_batch_select",
          "setterFunName" : "setInputProperty",
          "etype" : "itk_secondary_queue_int_getsecondaryqueuetransactions_initiate_staless_ds_processVariables_p_batch_select_1",
          "events" : [ "application.itk_onlistselect" ],
          "disableInitialEval" : false
        }, {
          "propertyId" : "processVariables.p_cur_user",
          "setterFunName" : "setInputProperty",
          "etype" : "itk_secondary_queue_int_getsecondaryqueuetransactions_initiate_staless_ds_processVariables_p_cur_user_1"
        }, {
          "propertyId" : "processVariables.p_selected_batch_id",
          "setterFunName" : "setInputProperty",
          "etype" : "itk_secondary_queue_int_getsecondaryqueuetransactions_initiate_staless_ds_processVariables_p_selected_batch_id_1",
          "events" : [ "batch_id.change" ],
          "disableInitialEval" : false
        }, {
          "propertyId" : "processVariables.items_per_page",
          "setterFunName" : "setInputProperty",
          "etype" : "itk_secondary_queue_int_getsecondaryqueuetransactions_initiate_staless_ds_processVariables_items_per_page_1"
        } ],
        "mapping" : {
          "processVariables.p_selected_batch_id" : ["batch_id" ]
        }
      } ],
      "autoLoad" : true,
      "invokerEvents" : ["updatesecondaryqueuerecord_initiate_staless_ds.success","updatesecondaryqueuerecord_initiate_staless_ds_1.success","application.itk_onlistselect","batch_id.change" ],
      "pageSize" : 11
    }, {
      "xcpId" : "updatesecondaryqueuerecord_initiate_staless_ds_1",
      "actionModel" : "itk_updatesecondaryqueuerecord_initiate_staless_ds_outputs",
      "inputModelName" : "itk_updatesecondaryqueuerecord_initiate_staless_ds_inputs",
      "actionType" : "datasource",
      "autoLoad" : true,
      "pageSize" : 10,
      "outputType" : "Object",
      "plugins" : [ {
        "ptype" : "xcp_expression_properties",
        "expression" : [ {
          "propertyId" : "processVariables.p_batch_id",
          "setterFunName" : "setInputProperty",
          "etype" : "itk_secondary_queue_int_updatesecondaryqueuerecord_initiate_staless_ds_1_processVariables_p_batch_id_1",
          "events" : [ "batch_id.change" ],
          "disableInitialEval" : false
        }, {
          "propertyId" : "processVariables.p_match_value",
          "setterFunName" : "setInputProperty",
          "etype" : "itk_secondary_queue_int_updatesecondaryqueuerecord_initiate_staless_ds_1_processVariables_p_match_value_1"
        }, {
          "propertyId" : "processVariables.p_primary_key",
          "setterFunName" : "setInputProperty",
          "etype" : "itk_secondary_queue_int_updatesecondaryqueuerecord_initiate_staless_ds_1_processVariables_p_primary_key_1",
          "events" : [ "transaction_list.selectionchange" ],
          "disableInitialEval" : false
        } ],
        "mapping" : {
          "processVariables.p_batch_id" : ["batch_id" ],
          "processVariables.p_primary_key" : ["transaction_list" ]
        }
      } ],
      "autoLoad" : false,
      "outputType" : "Object"
    }, {
      "xcpId" : "da_def_invoke_stateless_processcloseoutsecondaryba_initiate",
      "actionModel" : "itk_da_def_invoke_stateless_processcloseoutsecondaryba_initiate",
      "actionType" : "create",
      "plugins" : [ {
        "ptype" : "xcp_expression_properties",
        "expression" : [ {
          "propertyId" : "processVariables.p_batch_id",
          "setterFunName" : "setInputProperty",
          "etype" : "itk_secondary_queue_int_da_def_invoke_stateless_processcloseoutsecondaryba_initiate_processVariables_p_batch_id_1",
          "events" : [ "batch_id.change" ],
          "disableInitialEval" : false
        } ],
        "mapping" : {
          "processVariables.p_batch_id" : ["batch_id" ]
        }
      } ]
    }, {
      "xcpId" : "updatesecondaryqueuerecord_initiate_staless_ds",
      "actionModel" : "itk_updatesecondaryqueuerecord_initiate_staless_ds_outputs",
      "inputModelName" : "itk_updatesecondaryqueuerecord_initiate_staless_ds_inputs",
      "actionType" : "datasource",
      "autoLoad" : true,
      "pageSize" : 10,
      "outputType" : "Object",
      "plugins" : [ {
        "ptype" : "xcp_expression_properties",
        "expression" : [ {
          "propertyId" : "processVariables.p_batch_id",
          "setterFunName" : "setInputProperty",
          "etype" : "itk_secondary_queue_int_updatesecondaryqueuerecord_initiate_staless_ds_processVariables_p_batch_id_1",
          "events" : [ "batch_id.change" ],
          "disableInitialEval" : false
        }, {
          "propertyId" : "processVariables.p_match_value",
          "setterFunName" : "setInputProperty",
          "etype" : "itk_secondary_queue_int_updatesecondaryqueuerecord_initiate_staless_ds_processVariables_p_match_value_1"
        }, {
          "propertyId" : "processVariables.p_primary_key",
          "setterFunName" : "setInputProperty",
          "etype" : "itk_secondary_queue_int_updatesecondaryqueuerecord_initiate_staless_ds_processVariables_p_primary_key_1",
          "events" : [ "transaction_list.selectionchange" ],
          "disableInitialEval" : false
        } ],
        "mapping" : {
          "processVariables.p_batch_id" : ["batch_id" ],
          "processVariables.p_primary_key" : ["transaction_list" ]
        }
      } ],
      "autoLoad" : false,
      "outputType" : "Object"
    }, {
      "xcpId" : "getsecondaryqueuebatchid_initiate_staless_ds",
      "actionModel" : "itk_getsecondaryqueuebatchid_initiate_staless_ds_outputs",
      "inputModelName" : "itk_getsecondaryqueuebatchid_initiate_staless_ds_inputs",
      "actionType" : "datasource",
      "plugins" : [ {
        "ptype" : "xcp_expression_properties",
        "expression" : [ {
          "propertyId" : "processVariables.p_cur_user",
          "setterFunName" : "setInputProperty",
          "etype" : "itk_secondary_queue_int_getsecondaryqueuebatchid_initiate_staless_ds_processVariables_p_cur_user_1"
        } ],
        "mapping" : {
        }
      } ],
      "autoLoad" : true
    }, {
      "xcpId" : "getsecondaryqueueprocessedcount_initiate_staless_ds",
      "actionModel" : "itk_getsecondaryqueueprocessedcount_initiate_staless_ds_outputs",
      "inputModelName" : "itk_getsecondaryqueueprocessedcount_initiate_staless_ds_inputs",
      "actionType" : "datasource",
      "plugins" : [ {
        "ptype" : "xcp_expression_properties",
        "expression" : [ {
          "propertyId" : "processVariables.i_batch_id",
          "setterFunName" : "setInputProperty",
          "etype" : "itk_secondary_queue_int_getsecondaryqueueprocessedcount_initiate_staless_ds_processVariables_i_batch_id_1",
          "events" : [ "batch_id.change" ],
          "disableInitialEval" : false
        } ],
        "mapping" : {
          "processVariables.i_batch_id" : ["batch_id" ]
        }
      } ],
      "autoLoad" : true,
      "invokerEvents" : ["no_match_button.click","match_button.click","batch_id.change" ],
      "outputType" : "Object"
    } ]
  }, {
    "xtype" : "xcp_session_variable_container",
    "plugins" : [ {
      "ptype" : "xcp_expression_properties",
      "expression" : [ {
        "propertyId" : "itk_current_batch_id",
        "setterFunName" : "setSessionVariableValue",
        "etype" : "itk_secondary_queue_int_itk_current_batch_id_1",
        "events" : [ "application.itk_onbuttonclick" ],
        "disableInitialEval" : true
      } ]
    } ]
  }, {
    "xtype" : "xcp_uievent_publisher",
    "plugins" : [ {
      "ptype" : "xcp_publish_uievents",
      "publish" : [ {
        "uievent" : "application.itk_onlistselect",
        "events" : [ "batch_id.change" ],
        "inputMappings" : [ {
          "propertyId" : "batch_select",
          "setterFunName" : "setPublishEventParameter",
          "etype" : "itk_secondary_queue_int_batch_select_1"
        } ]
      }, {
        "uievent" : "application.itk_onbuttonclick",
        "events" : [ "match_button.click" ],
        "inputMappings" : [ {
          "propertyId" : "batch_select",
          "setterFunName" : "setPublishEventParameter",
          "etype" : "itk_secondary_queue_int_batch_select_2"
        }, {
          "propertyId" : "current_batch",
          "setterFunName" : "setPublishEventParameter",
          "etype" : "itk_secondary_queue_int_current_batch_1",
          "events" : [ "batch_id.change" ],
          "disableInitialEval" : false
        } ]
      }, {
        "uievent" : "application.itk_onbuttonclick",
        "events" : [ "no_match_button.click" ],
        "inputMappings" : [ {
          "propertyId" : "batch_select",
          "setterFunName" : "setPublishEventParameter",
          "etype" : "itk_secondary_queue_int_batch_select_3"
        }, {
          "propertyId" : "current_batch",
          "setterFunName" : "setPublishEventParameter",
          "etype" : "itk_secondary_queue_int_current_batch_2",
          "events" : [ "batch_id.change" ],
          "disableInitialEval" : false
        } ]
      } ]
    } ]
  }, {
    "xcpId" : "column_box",
    "xtype" : "xcp_column_box",
    "title" : "${_UI_Page_itk_secondary_queue_int_column_box_title}",
    "collapsible" : false,
    "collapsed" : false,
    "collapseFirst" : true,
    "border" : false,
    "defaultMargins" : "5",
    "layout" : "xcp_columnbox",
    "items" : [ {
      "xcpId" : "columnvbox",
      "xtype" : "xcp_columnvbox",
      "orientation" : "Vertical",
      "overflow_x" : "hidden",
      "labelWidth" : 150,
      "labelAlign" : "left",
      "halign" : "left",
      "valign" : "top",
      "defaultMargins" : "5",
      "items" : [ {
        "xcpId" : "batch_id",
        "xtype" : "xcp_dropdown_list",
        "fieldLabel" : "${_UI_Page_itk_secondary_queue_int_batch_id_fieldLabel}",
        "valueField" : "p_batch_id",
        "displayField" : "p_batch_id",
        "store" : "getsecondaryqueuebatchid_initiate_staless_ds",
        "valueType" : "STRING",
        "plugins" : [ {
          "ptype" : "xcp_expression_properties",
          "expression" : [ {
            "propertyId" : "value",
            "setterFunName" : "setValue",
            "etype" : "itk_secondary_queue_int_batch_id_value_1",
            "events" : [ "application.sessionVariableModified.itk_current_batch_id" ],
            "disableInitialEval" : false,
            "disableProcessingOnRender" : false,
            "initialDefaultExprValue" : null
          } ]
        } ]
      } ]
    }, {
      "xcpId" : "columnvbox1",
      "xtype" : "xcp_columnvbox",
      "orientation" : "Vertical",
      "overflow_x" : "hidden",
      "labelWidth" : 150,
      "labelAlign" : "left",
      "halign" : "left",
      "valign" : "top",
      "defaultMargins" : "5",
      "items" : [ {
        "xcpId" : "value_display3",
        "xtype" : "xcp_value_display",
        "fieldLabel" : "${_UI_Page_itk_secondary_queue_int_value_display3_fieldLabel}",
        "valueType" : "STRING",
        "isRepeating" : false,
        "plugins" : [ {
          "ptype" : "xcp_expression_properties",
          "expression" : [ {
            "propertyId" : "hidden",
            "setterFunName" : "setHidden",
            "etype" : "itk_secondary_queue_int_value_display3_hidden_1",
            "disableProcessingOnRender" : true,
            "initialDefaultExprValue" : "true"
          }, {
            "propertyId" : "value",
            "setterFunName" : "setValue",
            "etype" : "itk_secondary_queue_int_value_display3_value_1",
            "events" : [ "application.sessionVariableModified.itk_current_batch_id" ],
            "disableInitialEval" : false,
            "disableProcessingOnRender" : false,
            "initialDefaultExprValue" : null
          } ]
        } ]
      } ]
    } ]
  }, {
    "xcpId" : "column_box2",
    "xtype" : "xcp_column_box",
    "collapsible" : false,
    "collapsed" : false,
    "collapseFirst" : true,
    "border" : false,
    "defaultMargins" : "5",
    "layout" : "xcp_columnbox",
    "items" : [ {
      "xcpId" : "columnvbox3",
      "xtype" : "xcp_columnhbox",
      "orientation" : "Horizontal",
      "overflow_x" : "hidden",
      "labelWidth" : 150,
      "defaultMargins" : "5",
      "labelAlign" : "left",
      "halign" : "left",
      "valign" : "top",
      "items" : [ {
        "xcpId" : "match_button",
        "xtype" : "xcp_button",
        "text" : "${_UI_Page_itk_secondary_queue_int_match_button_text}",
        "actionInstanceId" : "updatesecondaryqueuerecord_initiate_staless_ds",
        "redirectStyle" : "current",
        "plugins" : [ {
          "ptype" : "xcp_expression_properties",
          "expression" : [ {
            "propertyId" : "disabled",
            "setterFunName" : "setDisabled",
            "etype" : "itk_secondary_queue_int_match_button_disabled_1",
            "events" : [ "transaction_list.cellclick" ],
            "disableInitialEval" : false,
            "disableProcessingOnRender" : false,
            "initialDefaultExprValue" : null
          } ]
        } ]
      }, {
        "xcpId" : "no_match_button",
        "xtype" : "xcp_button",
        "text" : "${_UI_Page_itk_secondary_queue_int_no_match_button_text}",
        "actionInstanceId" : "updatesecondaryqueuerecord_initiate_staless_ds_1",
        "redirectStyle" : "current",
        "plugins" : [ {
          "ptype" : "xcp_expression_properties",
          "expression" : [ {
            "propertyId" : "disabled",
            "setterFunName" : "setDisabled",
            "etype" : "itk_secondary_queue_int_no_match_button_disabled_1",
            "events" : [ "transaction_list.cellclick" ],
            "disableInitialEval" : false,
            "disableProcessingOnRender" : false,
            "initialDefaultExprValue" : null
          } ]
        } ]
      }, {
        "xcpId" : "done_button",
        "xtype" : "xcp_button",
        "text" : "${_UI_Page_itk_secondary_queue_int_done_button_text}",
        "actionInstanceId" : "da_def_invoke_stateless_processcloseoutsecondaryba_initiate",
        "redirectStyle" : "current",
        "showSuccessNotification" : true,
        "showConfirmation" : false,
        "pageSelectionType" : "page",
        "plugins" : [ {
          "ptype" : "xcp_expression_properties",
          "expression" : [ {
            "propertyId" : "disabled",
            "setterFunName" : "setDisabled",
            "etype" : "itk_secondary_queue_int_done_button_disabled_1",
            "events" : [ "processed_count.change", "batch_size.change", "batch_id.change" ],
            "disableInitialEval" : false,
            "disableProcessingOnRender" : false,
            "initialDefaultExprValue" : null
          } ]
        } ]
      } ]
    }, {
      "xcpId" : "columnvbox4",
      "xtype" : "xcp_columnvbox",
      "orientation" : "Vertical",
      "overflow_x" : "hidden",
      "labelWidth" : 150,
      "labelAlign" : "left",
      "halign" : "left",
      "valign" : "top",
      "defaultMargins" : "5",
      "items" : [ {
        "xcpId" : "batch_size",
        "xtype" : "xcp_value_display",
        "fieldLabel" : "${_UI_Page_itk_secondary_queue_int_batch_size_fieldLabel}",
        "valueType" : "INTEGER",
        "isRepeating" : false,
        "format" : {
          "xtype" : "xcp_integer_formatter",
          "decimalPrecision" : 0,
          "useThousandSeparator" : true,
          "separatorStyle" : "LOCALE",
          "negativeNumberStyle" : "FORMAT_MINUS_SIGN_STYLE_NONE"
        },
        "plugins" : [ {
          "ptype" : "xcp_expression_properties",
          "expression" : [ {
            "propertyId" : "hidden",
            "setterFunName" : "setHidden",
            "etype" : "itk_secondary_queue_int_batch_size_hidden_1",
            "disableProcessingOnRender" : true,
            "initialDefaultExprValue" : "true"
          }, {
            "propertyId" : "value",
            "setterFunName" : "setValue",
            "etype" : "itk_secondary_queue_int_batch_size_value_1",
            "events" : [ "getsecondaryqueueprocessedcount_initiate_staless_ds.change" ],
            "disableInitialEval" : false,
            "disableProcessingOnRender" : false,
            "initialDefaultExprValue" : null
          } ]
        } ]
      }, {
        "xcpId" : "processed_count",
        "xtype" : "xcp_value_display",
        "fieldLabel" : "${_UI_Page_itk_secondary_queue_int_processed_count_fieldLabel}",
        "valueType" : "INTEGER",
        "isRepeating" : false,
        "format" : {
          "xtype" : "xcp_integer_formatter",
          "decimalPrecision" : 0,
          "useThousandSeparator" : true,
          "separatorStyle" : "LOCALE",
          "negativeNumberStyle" : "FORMAT_MINUS_SIGN_STYLE_NONE"
        },
        "plugins" : [ {
          "ptype" : "xcp_expression_properties",
          "expression" : [ {
            "propertyId" : "hidden",
            "setterFunName" : "setHidden",
            "etype" : "itk_secondary_queue_int_processed_count_hidden_1",
            "disableProcessingOnRender" : true,
            "initialDefaultExprValue" : "true"
          }, {
            "propertyId" : "value",
            "setterFunName" : "setValue",
            "etype" : "itk_secondary_queue_int_processed_count_value_1",
            "events" : [ "getsecondaryqueueprocessedcount_initiate_staless_ds.change" ],
            "disableInitialEval" : false,
            "disableProcessingOnRender" : false,
            "initialDefaultExprValue" : null
          } ]
        } ]
      } ]
    } ]
  }, {
    "xcpId" : "column_box1",
    "xtype" : "xcp_column_box",
    "collapsible" : false,
    "collapsed" : false,
    "collapseFirst" : true,
    "border" : false,
    "defaultMargins" : "5",
    "layout" : "xcp_columnbox",
    "items" : [ {
      "xcpId" : "columnvbox2",
      "xtype" : "xcp_columnvbox",
      "orientation" : "Vertical",
      "overflow_x" : "hidden",
      "labelWidth" : 150,
      "labelAlign" : "left",
      "halign" : "left",
      "valign" : "top",
      "defaultMargins" : "5",
      "items" : [ {
        "xcpId" : "transaction_list",
        "xtype" : "xcp_results_list",
        "typeName" : "itk_getsecondaryqueuetransactions_initiate",
        "modelName" : "itk_getsecondaryqueuetransactions_initiate_staless_ds_outputs",
        "storeId" : "getsecondaryqueuetransactions_initiate_staless_ds",
        "pageSize" : 11,
        "selectionModel" : false,
        "enableDragDrop" : false,
        "disableNavigationOnFirstColumn" : false,
        "allowDeselect" : false,
        "columns" : [ {
          "xcpId" : "results_list_page_link_column1",
          "xtype" : "xcp_results_list_page_link_column",
          "width" : 65,
          "dataIndex" : "p_primary_key",
          "valueType" : "INTEGER",
          "isRepeating" : false,
          "format" : {
            "xtype" : "xcp_integer_formatter",
            "decimalPrecision" : 0,
            "useThousandSeparator" : false,
            "separatorStyle" : "LOCALE",
            "negativeNumberStyle" : "FORMAT_MINUS_SIGN_STYLE_NONE"
          },
          "sortable" : false,
          "menuDisabled" : true
        }, {
          "xcpId" : "results_list_column",
          "xtype" : "xcp_results_list_column",
          "text" : "${_UI_Page_itk_secondary_queue_int_results_list_column_text}",
          "width" : 100,
          "dataIndex" : "p_match_status",
          "valueType" : "STRING",
          "isRepeating" : false,
          "sortable" : false,
          "menuDisabled" : true
        }, {
          "xcpId" : "results_list_column21",
          "xtype" : "xcp_results_list_column",
          "text" : "${_UI_Page_itk_secondary_queue_int_results_list_column21_text}",
          "width" : 100,
          "dataIndex" : "p_excp_account_no",
          "valueType" : "STRING",
          "isRepeating" : false,
          "sortable" : false,
          "menuDisabled" : true
        }, {
          "xcpId" : "results_list_column30",
          "xtype" : "xcp_results_list_column",
          "text" : "${_UI_Page_itk_secondary_queue_int_results_list_column30_text}",
          "width" : 125,
          "dataIndex" : "p_collateral_id",
          "valueType" : "STRING",
          "isRepeating" : false,
          "sortable" : false,
          "menuDisabled" : true
        }, {
          "xcpId" : "results_list_column4",
          "xtype" : "xcp_results_list_column",
          "text" : "${_UI_Page_itk_secondary_queue_int_results_list_column4_text}",
          "width" : 125,
          "dataIndex" : "p_fi100_collateral_id",
          "valueType" : "STRING",
          "isRepeating" : false,
          "sortable" : false,
          "menuDisabled" : true
        }, {
          "xcpId" : "results_list_column17",
          "xtype" : "xcp_results_list_column",
          "text" : "${_UI_Page_itk_secondary_queue_int_results_list_column17_text}",
          "width" : 125,
          "dataIndex" : "p_collateral_year",
          "valueType" : "STRING",
          "isRepeating" : false,
          "sortable" : false,
          "menuDisabled" : true
        }, {
          "xcpId" : "results_list_column32",
          "xtype" : "xcp_results_list_column",
          "text" : "${_UI_Page_itk_secondary_queue_int_results_list_column32_text}",
          "width" : 125,
          "dataIndex" : "p_fi100_collateral_year",
          "valueType" : "STRING",
          "isRepeating" : false,
          "sortable" : false,
          "menuDisabled" : true
        }, {
          "xcpId" : "results_list_column7",
          "xtype" : "xcp_results_list_column",
          "text" : "${_UI_Page_itk_secondary_queue_int_results_list_column7_text}",
          "width" : 150,
          "dataIndex" : "p_collateral_make",
          "valueType" : "STRING",
          "isRepeating" : false,
          "sortable" : false,
          "menuDisabled" : true
        }, {
          "xcpId" : "results_list_column20",
          "xtype" : "xcp_results_list_column",
          "text" : "${_UI_Page_itk_secondary_queue_int_results_list_column20_text}",
          "width" : 150,
          "dataIndex" : "p_fi100_collateral_make",
          "valueType" : "STRING",
          "isRepeating" : false,
          "sortable" : false,
          "menuDisabled" : true
        }, {
          "xcpId" : "results_list_column29",
          "xtype" : "xcp_results_list_column",
          "text" : "${_UI_Page_itk_secondary_queue_int_results_list_column29_text}",
          "width" : 150,
          "dataIndex" : "p_collateral_model",
          "valueType" : "STRING",
          "isRepeating" : false,
          "sortable" : false,
          "menuDisabled" : true
        }, {
          "xcpId" : "results_list_column5",
          "xtype" : "xcp_results_list_column",
          "text" : "${_UI_Page_itk_secondary_queue_int_results_list_column5_text}",
          "width" : 150,
          "dataIndex" : "p_fi100_collateral_model",
          "valueType" : "STRING",
          "isRepeating" : false,
          "sortable" : false,
          "menuDisabled" : true
        }, {
          "xcpId" : "results_list_column6",
          "xtype" : "xcp_results_list_column",
          "text" : "${_UI_Page_itk_secondary_queue_int_results_list_column6_text}",
          "width" : 150,
          "dataIndex" : "p_policy_no",
          "valueType" : "STRING",
          "isRepeating" : false,
          "sortable" : false,
          "menuDisabled" : true
        }, {
          "xcpId" : "results_list_column33",
          "xtype" : "xcp_results_list_column",
          "text" : "${_UI_Page_itk_secondary_queue_int_results_list_column33_text}",
          "width" : 150,
          "dataIndex" : "p_fi100_policy_no",
          "valueType" : "STRING",
          "isRepeating" : false,
          "sortable" : false,
          "menuDisabled" : true
        }, {
          "xcpId" : "results_list_column27",
          "xtype" : "xcp_results_list_column",
          "text" : "${_UI_Page_itk_secondary_queue_int_results_list_column27_text}",
          "width" : 100,
          "dataIndex" : "p_transaction_id",
          "valueType" : "STRING",
          "isRepeating" : false,
          "sortable" : false,
          "menuDisabled" : true
        }, {
          "xcpId" : "results_list_column25",
          "xtype" : "xcp_results_list_column",
          "text" : "${_UI_Page_itk_secondary_queue_int_results_list_column25_text}",
          "width" : 125,
          "dataIndex" : "p_excp_loan_number",
          "valueType" : "STRING",
          "isRepeating" : false,
          "sortable" : false,
          "menuDisabled" : true
        }, {
          "xcpId" : "results_list_column26",
          "xtype" : "xcp_results_list_column",
          "text" : "${_UI_Page_itk_secondary_queue_int_results_list_column26_text}",
          "width" : 75,
          "dataIndex" : "p_excp_loan_suffix",
          "valueType" : "STRING",
          "isRepeating" : false,
          "sortable" : false,
          "menuDisabled" : true
        }, {
          "xcpId" : "results_list_column8",
          "xtype" : "xcp_results_list_column",
          "text" : "${_UI_Page_itk_secondary_queue_int_results_list_column8_text}",
          "width" : 150,
          "dataIndex" : "p_exception_date",
          "valueType" : "DATETIME",
          "isRepeating" : false,
          "format" : {
            "xtype" : "xcp_datetime_formatter",
            "dateFormat" : "short",
            "timeFormat" : "short",
            "dateStyle" : "date"
          },
          "sortable" : false,
          "menuDisabled" : true
        }, {
          "xcpId" : "results_list_column9",
          "xtype" : "xcp_results_list_column",
          "text" : "${_UI_Page_itk_secondary_queue_int_results_list_column9_text}",
          "width" : 150,
          "dataIndex" : "p_exception_field",
          "valueType" : "STRING",
          "isRepeating" : false,
          "sortable" : false,
          "menuDisabled" : true
        }, {
          "xcpId" : "results_list_column1",
          "xtype" : "xcp_results_list_column",
          "text" : "${_UI_Page_itk_secondary_queue_int_results_list_column1_text}",
          "width" : 150,
          "dataIndex" : "p_borrower",
          "valueType" : "STRING",
          "isRepeating" : false,
          "sortable" : false,
          "menuDisabled" : true
        }, {
          "xcpId" : "results_list_column13",
          "xtype" : "xcp_results_list_column",
          "text" : "${_UI_Page_itk_secondary_queue_int_results_list_column13_text}",
          "width" : 150,
          "dataIndex" : "p_fi100_borrower",
          "valueType" : "STRING",
          "isRepeating" : false,
          "sortable" : false,
          "menuDisabled" : true
        }, {
          "xcpId" : "results_list_column16",
          "xtype" : "xcp_results_list_column",
          "text" : "${_UI_Page_itk_secondary_queue_int_results_list_column16_text}",
          "width" : 150,
          "dataIndex" : "p_fi100_co_borrower",
          "valueType" : "STRING",
          "isRepeating" : false,
          "sortable" : false,
          "menuDisabled" : true
        }, {
          "xcpId" : "results_list_column2",
          "xtype" : "xcp_results_list_column",
          "text" : "${_UI_Page_itk_secondary_queue_int_results_list_column2_text}",
          "width" : 150,
          "dataIndex" : "p_borrower_address",
          "valueType" : "STRING",
          "isRepeating" : false,
          "sortable" : false,
          "menuDisabled" : true
        }, {
          "xcpId" : "results_list_column14",
          "xtype" : "xcp_results_list_column",
          "text" : "${_UI_Page_itk_secondary_queue_int_results_list_column14_text}",
          "width" : 150,
          "dataIndex" : "p_fi100_borrower_address",
          "valueType" : "STRING",
          "isRepeating" : false,
          "sortable" : false,
          "menuDisabled" : true
        }, {
          "xcpId" : "results_list_column3",
          "xtype" : "xcp_results_list_column",
          "text" : "${_UI_Page_itk_secondary_queue_int_results_list_column3_text}",
          "width" : 150,
          "dataIndex" : "p_city",
          "valueType" : "STRING",
          "isRepeating" : false,
          "sortable" : false,
          "menuDisabled" : true
        }, {
          "xcpId" : "results_list_column15",
          "xtype" : "xcp_results_list_column",
          "text" : "${_UI_Page_itk_secondary_queue_int_results_list_column15_text}",
          "width" : 150,
          "dataIndex" : "p_fi100_city",
          "valueType" : "STRING",
          "isRepeating" : false,
          "sortable" : false,
          "menuDisabled" : true
        }, {
          "xcpId" : "results_list_column28",
          "xtype" : "xcp_results_list_column",
          "text" : "${_UI_Page_itk_secondary_queue_int_results_list_column28_text}",
          "width" : 150,
          "dataIndex" : "p_state_name",
          "valueType" : "STRING",
          "isRepeating" : false,
          "sortable" : false,
          "menuDisabled" : true
        }, {
          "xcpId" : "results_list_column23",
          "xtype" : "xcp_results_list_column",
          "text" : "${_UI_Page_itk_secondary_queue_int_results_list_column23_text}",
          "width" : 150,
          "dataIndex" : "p_fi100_state_name",
          "valueType" : "STRING",
          "isRepeating" : false,
          "sortable" : false,
          "menuDisabled" : true
        }, {
          "xcpId" : "results_list_column31",
          "xtype" : "xcp_results_list_column",
          "text" : "${_UI_Page_itk_secondary_queue_int_results_list_column31_text}",
          "width" : 150,
          "dataIndex" : "p_zip",
          "valueType" : "STRING",
          "isRepeating" : false,
          "sortable" : false,
          "menuDisabled" : true
        }, {
          "xcpId" : "results_list_column24",
          "xtype" : "xcp_results_list_column",
          "text" : "${_UI_Page_itk_secondary_queue_int_results_list_column24_text}",
          "width" : 150,
          "dataIndex" : "p_fi100_zip",
          "valueType" : "STRING",
          "isRepeating" : false,
          "sortable" : false,
          "menuDisabled" : true
        }, {
          "xcpId" : "results_list_column34",
          "xtype" : "xcp_results_list_column",
          "text" : "${_UI_Page_itk_secondary_queue_int_results_list_column34_text}",
          "width" : 125,
          "dataIndex" : "p_fi100_delete_counter",
          "valueType" : "INTEGER",
          "isRepeating" : false,
          "format" : {
            "xtype" : "xcp_integer_formatter",
            "decimalPrecision" : 0,
            "useThousandSeparator" : true,
            "separatorStyle" : "LOCALE",
            "negativeNumberStyle" : "FORMAT_MINUS_SIGN_STYLE_NONE"
          },
          "sortable" : false,
          "menuDisabled" : true
        } ]
      } ]
    } ]
  } ]
}