{
  "cls" : "itk_recon_q_tasks",
  "padding" : "0",
  "border" : false,
  "pageTitle" : "${_UI_Page_itk_recon_q_tasks_title}",
  "xtype" : "xcp_form",
  "items" : [ {
    "xtype" : "xcp_action_container",
    "actions" : [ {
      "xcpId" : "reconciliationtasks",
      "actionModel" : "itk_reconciliationtasks_outputs",
      "inputModelName" : "itk_reconciliationtasks_inputs",
      "actionType" : "datasource",
      "plugins" : [ {
        "ptype" : "xcp_expression_properties",
        "expression" : [ {
          "propertyId" : "workqueue",
          "setterFunName" : "setInputProperty",
          "etype" : "itk_recon_q_tasks_reconciliationtasks_workqueue_1"
        } ],
        "mapping" : {
        }
      } ],
      "autoLoad" : true,
      "pageSize" : 10
    } ]
  }, {
    "xtype" : "xcp_uievent_publisher",
    "plugins" : [ {
      "ptype" : "xcp_publish_uievents",
      "publish" : [ ]
    } ]
  }, {
    "xcpId" : "column_box",
    "xtype" : "xcp_column_box",
    "collapsible" : false,
    "collapsed" : false,
    "collapseFirst" : true,
    "border" : false,
    "defaultMargins" : "5",
    "layout" : "xcp_columnbox",
    "items" : [ {
      "xcpId" : "columnvbox",
      "xtype" : "xcp_columnvbox",
      "orientation" : "Vertical",
      "width" : "100%",
      "overflow_x" : "hidden",
      "labelWidth" : 150,
      "labelAlign" : "left",
      "halign" : "left",
      "valign" : "top",
      "defaultMargins" : "5",
      "items" : [ {
        "xcpId" : "column_box1",
        "xtype" : "xcp_column_box",
        "collapsible" : false,
        "collapsed" : false,
        "collapseFirst" : true,
        "border" : false,
        "defaultMargins" : "5",
        "layout" : "xcp_columnbox",
        "items" : [ {
          "xcpId" : "columnvbox1",
          "xtype" : "xcp_columnvbox",
          "orientation" : "Vertical",
          "width" : "100%",
          "overflow_x" : "hidden",
          "labelWidth" : 150,
          "labelAlign" : "left",
          "halign" : "left",
          "valign" : "top",
          "defaultMargins" : "5"
        } ]
      }, {
        "xcpId" : "column_box3",
        "xtype" : "xcp_column_box",
        "title" : "${_UI_Page_itk_recon_q_tasks_column_box3_title}",
        "collapsible" : false,
        "collapsed" : false,
        "collapseFirst" : true,
        "border" : false,
        "defaultMargins" : "5",
        "layout" : "xcp_columnbox",
        "items" : [ {
          "xcpId" : "columnvbox2",
          "xtype" : "xcp_columnvbox",
          "orientation" : "Vertical",
          "overflow_x" : "hidden",
          "labelWidth" : 150,
          "labelAlign" : "left",
          "halign" : "left",
          "valign" : "top",
          "defaultMargins" : "5",
          "items" : [ {
            "xcpId" : "results_list",
            "xtype" : "xcp_results_list",
            "typeName" : "xcp_task",
            "modelName" : "itk_reconciliationtasks_outputs",
            "storeId" : "reconciliationtasks",
            "pageSize" : 10,
            "selectionModel" : false,
            "enableDragDrop" : true,
            "columns" : [ {
              "xcpId" : "results_list_page_link_column1",
              "xtype" : "xcp_results_list_page_link_column",
              "text" : "${_UI_Page_itk_recon_q_tasks_results_list_page_link_column1_text}",
              "width" : 500,
              "dataIndex" : "task_subject",
              "isRepeating" : false,
              "sortable" : false,
              "menuDisabled" : true
            }, {
              "xcpId" : "results_list_column",
              "xtype" : "xcp_results_list_column",
              "text" : "${_UI_Page_itk_recon_q_tasks_results_list_column_text}",
              "width" : 100,
              "dataIndex" : "task_status",
              "valueType" : "xcp.picklist.xcp_taskstatuspiclkist",
              "isRepeating" : false,
              "sortable" : false,
              "menuDisabled" : true
            }, {
              "xcpId" : "results_list_column2",
              "xtype" : "xcp_results_list_column",
              "text" : "${_UI_Page_itk_recon_q_tasks_results_list_column2_text}",
              "width" : 150,
              "dataIndex" : "task_date_sent",
              "valueType" : "DATETIME",
              "isRepeating" : false,
              "format" : {
                "xtype" : "xcp_datetime_formatter",
                "dateFormat" : "short",
                "timeFormat" : "short",
                "dateStyle" : "datetime"
              },
              "sortable" : false,
              "menuDisabled" : true
            }, {
              "xcpId" : "results_list_column1",
              "xtype" : "xcp_results_list_column",
              "text" : "${_UI_Page_itk_recon_q_tasks_results_list_column1_text}",
              "width" : 150,
              "dataIndex" : "task_due_date",
              "valueType" : "DATETIME",
              "isRepeating" : false,
              "format" : {
                "xtype" : "xcp_datetime_formatter",
                "dateFormat" : "short",
                "timeFormat" : "short",
                "dateStyle" : "datetime"
              },
              "sortable" : false,
              "menuDisabled" : true
            } ]
          } ]
        } ]
      }, {
        "xcpId" : "column_box2",
        "xtype" : "xcp_column_box",
        "collapsible" : false,
        "collapsed" : false,
        "collapseFirst" : true,
        "border" : false,
        "defaultMargins" : "5",
        "layout" : "xcp_columnbox",
        "items" : [ {
          "xcpId" : "columnhbox",
          "xtype" : "xcp_columnhbox",
          "orientation" : "Horizontal",
          "width" : "100%",
          "overflow_x" : "hidden",
          "labelWidth" : 50,
          "defaultMargins" : "5",
          "labelAlign" : "left",
          "halign" : "right",
          "valign" : "top",
          "items" : [ {
            "xcpId" : "button",
            "xtype" : "xcp_button",
            "text" : "${_UI_Page_itk_recon_q_tasks_button_text}",
            "actionInstanceId" : "reconciliationtasks",
            "redirectStyle" : "current"
          } ]
        } ]
      } ]
    } ]
  } ]
}