{
  "cls" : "itk_exception_queues_au",
  "padding" : "0",
  "border" : false,
  "pageTitle" : "${_UI_Page_itk_exception_queues_au_title}",
  "xtype" : "xcp_form",
  "items" : [ {
    "xtype" : "xcp_action_container",
    "actions" : [ {
      "xcpId" : "getmanagerworktasklist_initiate_staless_ds",
      "actionModel" : "itk_getmanagerworktasklist_initiate_staless_ds_outputs",
      "inputModelName" : "itk_getmanagerworktasklist_initiate_staless_ds_inputs",
      "actionType" : "datasource",
      "plugins" : [ {
        "ptype" : "xcp_expression_properties",
        "expression" : [ {
          "propertyId" : "processVariables.p_selected_work_queue",
          "setterFunName" : "setInputProperty",
          "etype" : "itk_exception_queues_au_getmanagerworktasklist_initiate_staless_ds_processVariables_p_selected_work_queue_1",
          "events" : [ "dl_work_queue.change" ],
          "disableInitialEval" : false
        }, {
          "propertyId" : "processVariables.items_per_page",
          "setterFunName" : "setInputProperty",
          "etype" : "itk_exception_queues_au_getmanagerworktasklist_initiate_staless_ds_processVariables_items_per_page_1"
        }, {
          "propertyId" : "processVariables.p_sort_column",
          "setterFunName" : "setInputProperty",
          "etype" : "itk_exception_queues_au_getmanagerworktasklist_initiate_staless_ds_processVariables_p_sort_column_1",
          "events" : [ "sort_on_column.change" ],
          "disableInitialEval" : false
        }, {
          "propertyId" : "processVariables.p_search_clause",
          "setterFunName" : "setInputProperty",
          "etype" : "itk_exception_queues_au_getmanagerworktasklist_initiate_staless_ds_processVariables_p_search_clause_1",
          "events" : [ "sort_on_column.change", "txt_account_number.change", "dl_trans_source.change", "dl_trans_type.change", "dt_exception_date_from.change", "dt_exception_date_to.change" ],
          "disableInitialEval" : false
        } ],
        "mapping" : {
          "processVariables.p_selected_work_queue" : ["dl_work_queue" ],
          "processVariables.p_sort_column" : ["sort_on_column" ],
          "processVariables.p_search_clause" : ["sort_on_column","txt_account_number","dl_trans_source","dl_trans_type","dt_exception_date_from","dt_exception_date_to" ]
        }
      } ],
      "autoLoad" : false,
      "invokerEvents" : ["getprocessorworkqueues_initiate_staless_ds_1.success" ],
      "pageSize" : 10
    }, {
      "xcpId" : "da_def_invoke_stateless_processupdateprocessorwork_initiate",
      "actionModel" : "itk_da_def_invoke_stateless_processupdateprocessorwork_initiate",
      "actionType" : "create",
      "plugins" : [ {
        "ptype" : "xcp_expression_properties",
        "expression" : [ {
          "propertyId" : "processVariables.p_new_wq_priority",
          "setterFunName" : "setInputProperty",
          "etype" : "itk_exception_queues_au_da_def_invoke_stateless_processupdateprocessorwork_initiate_processVariables_p_new_wq_priority_1",
          "events" : [ "dl_changewq_priority.change" ],
          "disableInitialEval" : false
        }, {
          "propertyId" : "processVariables.p_workflow_item_id",
          "setterFunName" : "setInputProperty",
          "etype" : "itk_exception_queues_au_da_def_invoke_stateless_processupdateprocessorwork_initiate_processVariables_p_workflow_item_id_1",
          "events" : [ "results_list.selectionchange" ],
          "disableInitialEval" : false
        } ],
        "mapping" : {
          "processVariables.p_new_wq_priority" : ["dl_changewq_priority" ],
          "processVariables.p_workflow_item_id" : ["results_list" ]
        }
      } ]
    }, {
      "xcpId" : "getprocessorworkqueues_initiate_staless_ds",
      "actionModel" : "itk_getprocessorworkqueues_initiate_staless_ds_outputs",
      "inputModelName" : "itk_getprocessorworkqueues_initiate_staless_ds_inputs",
      "actionType" : "datasource",
      "plugins" : [ {
        "ptype" : "xcp_expression_properties",
        "expression" : [ {
          "propertyId" : "processVariables.p_current_user_id",
          "setterFunName" : "setInputProperty",
          "etype" : "itk_exception_queues_au_getprocessorworkqueues_initiate_staless_ds_processVariables_p_current_user_id_1"
        } ],
        "mapping" : {
        }
      } ],
      "autoLoad" : true
    }, {
      "xcpId" : "getprocessorworkite_initiate_staless_ds",
      "actionModel" : "itk_getprocessorworkite_initiate_staless_ds_outputs",
      "inputModelName" : "itk_getprocessorworkite_initiate_staless_ds_inputs",
      "actionType" : "datasource",
      "plugins" : [ {
        "ptype" : "xcp_expression_properties",
        "expression" : [ {
          "propertyId" : "processVariables.p_assigned_wq",
          "setterFunName" : "setInputProperty",
          "etype" : "itk_exception_queues_au_getprocessorworkite_initiate_staless_ds_processVariables_p_assigned_wq_1",
          "events" : [ "dl_work_queue.change" ],
          "disableInitialEval" : false
        } ],
        "mapping" : {
          "processVariables.p_assigned_wq" : ["dl_work_queue" ]
        }
      } ],
      "autoLoad" : false,
      "invokerEvents" : ["dl_work_queue.change" ]
    } ]
  }, {
    "xtype" : "xcp_session_variable_container",
    "plugins" : [ {
      "ptype" : "xcp_expression_properties",
      "expression" : [ {
        "propertyId" : "itk_previous_page",
        "setterFunName" : "setSessionVariableValue",
        "etype" : "itk_exception_queues_au_itk_previous_page_1",
        "events" : [ "application.xcpui_on_page_load" ],
        "disableInitialEval" : true
      } ]
    } ]
  }, {
    "xtype" : "xcp_uievent_publisher",
    "plugins" : [ {
      "ptype" : "xcp_publish_uievents",
      "publish" : [ {
        "uievent" : "application.xcp_navigate_to_page",
        "events" : [ "btn_reset.click" ],
        "inputMappings" : [ {
          "propertyId" : "page_id",
          "setterFunName" : "setPublishEventParameter",
          "etype" : "itk_exception_queues_au_page_id_1",
          "events" : [ "application.sessionVariableModified.itk_previous_page" ],
          "disableInitialEval" : false
        } ]
      } ]
    } ]
  }, {
    "xcpId" : "column_box3",
    "xtype" : "xcp_column_box",
    "collapsible" : false,
    "collapsed" : false,
    "collapseFirst" : true,
    "border" : false,
    "defaultMargins" : "5",
    "layout" : "xcp_columnbox",
    "items" : [ {
      "xcpId" : "columnvbox2",
      "xtype" : "xcp_columnvbox",
      "orientation" : "Vertical",
      "width" : "100%",
      "overflow_x" : "hidden",
      "labelWidth" : 150,
      "labelAlign" : "left",
      "halign" : "left",
      "valign" : "top",
      "defaultMargins" : "5",
      "items" : [ {
        "xcpId" : "column_box4",
        "xtype" : "xcp_column_box",
        "collapsible" : false,
        "collapsed" : false,
        "collapseFirst" : true,
        "border" : false,
        "defaultMargins" : "5",
        "layout" : "xcp_columnbox",
        "items" : [ {
          "xcpId" : "columnvbox3",
          "xtype" : "xcp_columnvbox",
          "orientation" : "Vertical",
          "width" : "100%",
          "overflow_x" : "hidden",
          "labelWidth" : 150,
          "labelAlign" : "left",
          "halign" : "left",
          "valign" : "top",
          "defaultMargins" : "5",
          "items" : [ {
            "xcpId" : "column_box2",
            "xtype" : "xcp_column_box",
            "title" : "${_UI_Page_itk_exception_queues_au_column_box2_title}",
            "collapsible" : true,
            "collapsed" : false,
            "collapseFirst" : true,
            "border" : false,
            "defaultMargins" : "5",
            "layout" : "xcp_columnbox",
            "items" : [ {
              "xcpId" : "columnvbox4",
              "xtype" : "xcp_columnvbox",
              "orientation" : "Vertical",
              "width" : "60%",
              "overflow_x" : "hidden",
              "labelWidth" : 150,
              "labelAlign" : "left",
              "halign" : "left",
              "valign" : "top",
              "defaultMargins" : "5",
              "items" : [ {
                "xcpId" : "dl_work_queue",
                "xtype" : "xcp_dropdown_list",
                "fieldLabel" : "${_UI_Page_itk_exception_queues_au_dl_work_queue_fieldLabel}",
                "valueField" : "p_assigned_wq",
                "displayField" : "p_assigned_wq",
                "store" : "getprocessorworkqueues_initiate_staless_ds",
                "valueType" : "STRING"
              }, {
                "xcpId" : "sort_on_column",
                "xtype" : "xcp_dropdown_list",
                "fieldLabel" : "${_UI_Page_itk_exception_queues_au_sort_on_column_fieldLabel}",
                "store" : "xcp.picklist.itk_exception_task_list",
                "valueType" : "STRING"
              }, {
                "xcpId" : "column_box1",
                "xtype" : "xcp_column_box",
                "collapsible" : false,
                "collapsed" : false,
                "collapseFirst" : true,
                "border" : false,
                "defaultMargins" : "5",
                "layout" : "xcp_columnbox",
                "plugins" : [ {
                  "ptype" : "xcp_expression_properties",
                  "expression" : [ {
                    "propertyId" : "hidden",
                    "setterFunName" : "setHidden",
                    "etype" : "itk_exception_queues_au_column_box1_hidden_1",
                    "events" : [ "sort_on_column.change" ],
                    "disableInitialEval" : false,
                    "disableProcessingOnRender" : true,
                    "initialDefaultExprValue" : "true"
                  } ]
                } ],
                "items" : [ {
                  "xcpId" : "columnvbox6",
                  "xtype" : "xcp_columnvbox",
                  "orientation" : "Vertical",
                  "overflow_x" : "hidden",
                  "labelWidth" : 150,
                  "labelAlign" : "left",
                  "halign" : "left",
                  "valign" : "top",
                  "defaultMargins" : "5 0 0 0",
                  "items" : [ {
                    "xcpId" : "txt_account_number",
                    "xtype" : "itb_adv_text_input",
                    "fieldLabel" : "${_UI_Page_itk_exception_queues_au_txt_account_number_fieldLabel}",
                    "caseSensitive" : false,
                    "debug" : false,
                    "hstretch" : true,
                    "matchAll" : false,
                    "regexXcp" : "^[0-9]*$",
                    "regexText" : "only numbers allowed",
                    "valid" : false,
                    "valueType" : "STRING"
                  }, {
                    "xcpId" : "dl_trans_source",
                    "xtype" : "xcp_dropdown_list",
                    "fieldLabel" : "${_UI_Page_itk_exception_queues_au_dl_trans_source_fieldLabel}",
                    "store" : "xcp.picklist.itk_transaction_source",
                    "valueType" : "STRING"
                  }, {
                    "xcpId" : "dl_trans_type",
                    "xtype" : "xcp_dropdown_list",
                    "fieldLabel" : "${_UI_Page_itk_exception_queues_au_dl_trans_type_fieldLabel}",
                    "store" : "xcp.picklist.itk_transaction_types",
                    "valueType" : "STRING"
                  } ]
                } ]
              }, {
                "xcpId" : "column_box6",
                "xtype" : "xcp_column_box",
                "collapsible" : false,
                "collapsed" : false,
                "collapseFirst" : true,
                "border" : false,
                "defaultMargins" : "5",
                "layout" : "xcp_columnbox",
                "plugins" : [ {
                  "ptype" : "xcp_expression_properties",
                  "expression" : [ {
                    "propertyId" : "hidden",
                    "setterFunName" : "setHidden",
                    "etype" : "itk_exception_queues_au_column_box6_hidden_1",
                    "events" : [ "sort_on_column.change" ],
                    "disableInitialEval" : false,
                    "disableProcessingOnRender" : true,
                    "initialDefaultExprValue" : "true"
                  } ]
                } ],
                "items" : [ {
                  "xcpId" : "columnvbox5",
                  "xtype" : "xcp_columnvbox",
                  "orientation" : "Vertical",
                  "overflow_x" : "hidden",
                  "labelWidth" : 150,
                  "labelAlign" : "left",
                  "halign" : "left",
                  "valign" : "top",
                  "defaultMargins" : "0 5 5 0",
                  "items" : [ {
                    "xcpId" : "dt_exception_date_from",
                    "xtype" : "xcp_date_time_input",
                    "fieldLabel" : "${_UI_Page_itk_exception_queues_au_dt_exception_date_from_fieldLabel}",
                    "hstretch" : true,
                    "format" : {
                      "xtype" : "xcp_datetime_formatter",
                      "dateFormat" : "short",
                      "timeFormat" : "short",
                      "dateStyle" : "date"
                    },
                    "valueType" : "DATETIME"
                  } ]
                }, {
                  "xcpId" : "columnvbox10",
                  "xtype" : "xcp_columnvbox",
                  "orientation" : "Vertical",
                  "overflow_x" : "hidden",
                  "labelWidth" : 150,
                  "labelAlign" : "left",
                  "halign" : "left",
                  "valign" : "top",
                  "defaultMargins" : "0 0 5 5",
                  "items" : [ {
                    "xcpId" : "dt_exception_date_to",
                    "xtype" : "xcp_date_time_input",
                    "fieldLabel" : "${_UI_Page_itk_exception_queues_au_dt_exception_date_to_fieldLabel}",
                    "hstretch" : true,
                    "format" : {
                      "xtype" : "xcp_datetime_formatter",
                      "dateFormat" : "short",
                      "timeFormat" : "short",
                      "dateStyle" : "date"
                    },
                    "valueType" : "DATETIME"
                  } ]
                } ]
              } ]
            }, {
              "xcpId" : "columnvbox7",
              "xtype" : "xcp_columnvbox",
              "orientation" : "Vertical",
              "overflow_x" : "hidden",
              "labelWidth" : 150,
              "labelAlign" : "left",
              "halign" : "left",
              "valign" : "bottom",
              "defaultMargins" : "5",
              "items" : [ {
                "xcpId" : "column_box5",
                "xtype" : "xcp_column_box",
                "collapsible" : false,
                "collapsed" : false,
                "collapseFirst" : true,
                "border" : false,
                "defaultMargins" : "5",
                "layout" : "xcp_columnbox",
                "items" : [ {
                  "xcpId" : "columnvbox8",
                  "xtype" : "xcp_columnhbox",
                  "orientation" : "Horizontal",
                  "overflow_x" : "hidden",
                  "labelWidth" : 150,
                  "defaultMargins" : "5",
                  "labelAlign" : "left",
                  "halign" : "left",
                  "valign" : "bottom",
                  "items" : [ {
                    "xcpId" : "button1",
                    "xtype" : "xcp_button",
                    "text" : "${_UI_Page_itk_exception_queues_au_button1_text}",
                    "actionInstanceId" : "getmanagerworktasklist_initiate_staless_ds",
                    "redirectStyle" : "current"
                  }, {
                    "xcpId" : "btn_reset",
                    "xtype" : "xcp_button",
                    "text" : "${_UI_Page_itk_exception_queues_au_btn_reset_text}",
                    "action" : {
                      "redirectStyle" : "specified",
                      "actionType" : "xcp_gotopage",
                      "pageSelectionType" : "page"
                    },
                    "plugins" : [ {
                      "ptype" : "xcp_expression_properties",
                      "expression" : [ {
                        "propertyId" : "redirectPageUrlName",
                        "setterFunName" : "setRedirectPageUrlName",
                        "etype" : "itk_exception_queues_au_xcp_gotopage_redirectPageUrlName_1",
                        "events" : [ "application.sessionVariableModified.itk_previous_page" ],
                        "disableInitialEval" : false,
                        "disableProcessingOnRender" : false,
                        "initialDefaultExprValue" : ""
                      } ]
                    } ]
                  }, {
                    "xcpId" : "itb_button",
                    "xtype" : "itb_button",
                    "text" : "${_UI_Page_itk_exception_queues_au_itb_button_text}",
                    "behavior" : true,
                    "debug" : false,
                    "plugins" : [ {
                      "ptype" : "xcp_expression_properties",
                      "expression" : [ {
                        "propertyId" : "externalURL",
                        "setterFunName" : "setValue",
                        "etype" : "itk_exception_queues_au_itb_button_externalURL_1",
                        "events" : [ "dl_work_queue.change", "results_list.selectionchange" ],
                        "disableInitialEval" : false,
                        "disableProcessingOnRender" : false,
                        "initialDefaultExprValue" : null
                      }, {
                        "propertyId" : "disabled",
                        "setterFunName" : "setDisabled",
                        "etype" : "itk_exception_queues_au_itb_button_disabled_1",
                        "events" : [ "selected_task.change" ],
                        "disableInitialEval" : false,
                        "disableProcessingOnRender" : false,
                        "initialDefaultExprValue" : null
                      } ]
                    } ]
                  }, {
                    "xcpId" : "selected_task",
                    "xtype" : "xcp_value_display",
                    "fieldLabel" : "${_UI_Page_itk_exception_queues_au_selected_task_fieldLabel}",
                    "valueType" : "STRING",
                    "isRepeating" : false,
                    "plugins" : [ {
                      "ptype" : "xcp_expression_properties",
                      "expression" : [ {
                        "propertyId" : "hidden",
                        "setterFunName" : "setHidden",
                        "disableProcessingOnRender" : false,
                        "initialDefaultExprValue" : ""
                      }, {
                        "propertyId" : "value",
                        "setterFunName" : "setValue",
                        "eventsBasedEtype" : [ {
                          "etype" : "itk_exception_queues_au_selected_task_value_1",
                          "events" : [ "results_list.selectionchange" ]
                        } ],
                        "disableInitialEval" : true,
                        "disableProcessingOnRender" : false,
                        "initialDefaultExprValue" : ""
                      } ]
                    } ]
                  } ]
                } ]
              } ]
            } ]
          } ]
        } ]
      }, {
        "xcpId" : "results_list",
        "xtype" : "xcp_results_list",
        "typeName" : "itk_getmanagerworktasklist_initiate",
        "modelName" : "itk_getmanagerworktasklist_initiate_staless_ds_outputs",
        "storeId" : "getmanagerworktasklist_initiate_staless_ds",
        "pageSize" : 10,
        "selectionModel" : false,
        "enableDragDrop" : false,
        "columns" : [ {
          "xcpId" : "results_list_page_link_column",
          "xtype" : "xcp_results_list_page_link_column",
          "text" : "${_UI_Page_itk_exception_queues_au_results_list_page_link_column_text}",
          "width" : 130,
          "dataIndex" : "p_exception_date",
          "valueType" : "DATETIME",
          "isRepeating" : false,
          "format" : {
            "xtype" : "xcp_datetime_formatter",
            "dateFormat" : "short",
            "timeFormat" : "short",
            "dateStyle" : "datetime"
          },
          "sortable" : false,
          "menuDisabled" : true
        }, {
          "xcpId" : "results_list_column",
          "xtype" : "xcp_results_list_column",
          "text" : "${_UI_Page_itk_exception_queues_au_results_list_column_text}",
          "width" : 100,
          "dataIndex" : "p_account_number",
          "valueType" : "STRING",
          "isRepeating" : false,
          "sortable" : false,
          "menuDisabled" : true
        }, {
          "xcpId" : "results_list_column1",
          "xtype" : "xcp_results_list_column",
          "text" : "${_UI_Page_itk_exception_queues_au_results_list_column1_text}",
          "width" : 130,
          "dataIndex" : "p_account_name",
          "valueType" : "STRING",
          "isRepeating" : false,
          "sortable" : false,
          "menuDisabled" : true
        }, {
          "xcpId" : "results_list_column3",
          "xtype" : "xcp_results_list_column",
          "text" : "${_UI_Page_itk_exception_queues_au_results_list_column3_text}",
          "width" : 100,
          "dataIndex" : "p_transaction_source",
          "valueType" : "STRING",
          "isRepeating" : false,
          "sortable" : false,
          "menuDisabled" : true
        }, {
          "xcpId" : "results_list_column4",
          "xtype" : "xcp_results_list_column",
          "text" : "${_UI_Page_itk_exception_queues_au_results_list_column4_text}",
          "width" : 130,
          "dataIndex" : "p_received_date",
          "valueType" : "DATETIME",
          "isRepeating" : false,
          "format" : {
            "xtype" : "xcp_datetime_formatter",
            "dateFormat" : "short",
            "timeFormat" : "short",
            "dateStyle" : "datetime"
          },
          "sortable" : false,
          "menuDisabled" : true
        }, {
          "xcpId" : "results_list_column5",
          "xtype" : "xcp_results_list_column",
          "text" : "${_UI_Page_itk_exception_queues_au_results_list_column5_text}",
          "width" : 100,
          "dataIndex" : "p_transaction_type",
          "valueType" : "STRING",
          "isRepeating" : false,
          "sortable" : false,
          "menuDisabled" : true
        }, {
          "xcpId" : "results_list_column11",
          "xtype" : "xcp_results_list_column",
          "text" : "${_UI_Page_itk_exception_queues_au_results_list_column11_text}",
          "width" : 50,
          "dataIndex" : "p_transaction_state",
          "valueType" : "STRING",
          "isRepeating" : false,
          "sortable" : false,
          "menuDisabled" : true
        }, {
          "xcpId" : "results_list_column13",
          "xtype" : "xcp_results_list_column",
          "text" : "${_UI_Page_itk_exception_queues_au_results_list_column13_text}",
          "width" : 70,
          "dataIndex" : "p_transaction_zip",
          "valueType" : "STRING",
          "isRepeating" : false,
          "sortable" : false,
          "menuDisabled" : true
        }, {
          "xcpId" : "results_list_column2",
          "xtype" : "xcp_results_list_column",
          "text" : "${_UI_Page_itk_exception_queues_au_results_list_column2_text}",
          "width" : 130,
          "expression" : [ {
            "propertyId" : "dataIndex",
            "etype" : "itk_exception_queues_au_results_list_column2_dataIndex_1",
            "events" : [ "itk_getmanagerworktasklist_initiate_staless_ds_outputs.change", "itk_getmanagerworktasklist_initiate_staless_ds_outputs.load" ],
            "disableInitialEval" : false,
            "disableProcessingOnRender" : false,
            "initialDefaultExprValue" : null
          } ],
          "valueType" : "STRING",
          "isRepeating" : false,
          "sortable" : false,
          "menuDisabled" : true
        }, {
          "xcpId" : "results_list_column6",
          "xtype" : "xcp_results_list_column",
          "text" : "${_UI_Page_itk_exception_queues_au_results_list_column6_text}",
          "width" : 90,
          "expression" : [ {
            "propertyId" : "dataIndex",
            "etype" : "itk_exception_queues_au_results_list_column6_dataIndex_1",
            "events" : [ "itk_getmanagerworktasklist_initiate_staless_ds_outputs.change", "itk_getmanagerworktasklist_initiate_staless_ds_outputs.load" ],
            "disableInitialEval" : false,
            "disableProcessingOnRender" : false,
            "initialDefaultExprValue" : null
          } ],
          "valueType" : "STRING",
          "isRepeating" : false,
          "sortable" : false,
          "menuDisabled" : true
        }, {
          "xcpId" : "results_list_column10",
          "xtype" : "xcp_results_list_column",
          "text" : "${_UI_Page_itk_exception_queues_au_results_list_column10_text}",
          "width" : 150,
          "dataIndex" : "p_sla_status",
          "valueType" : "STRING",
          "isRepeating" : false,
          "sortable" : false,
          "menuDisabled" : true
        }, {
          "xcpId" : "results_list_column7",
          "xtype" : "xcp_results_list_column",
          "text" : "${_UI_Page_itk_exception_queues_au_results_list_column7_text}",
          "width" : 150,
          "dataIndex" : "p_followup_reason",
          "valueType" : "STRING",
          "isRepeating" : false,
          "sortable" : false,
          "menuDisabled" : true
        }, {
          "xcpId" : "results_list_column8",
          "xtype" : "xcp_results_list_column",
          "text" : "${_UI_Page_itk_exception_queues_au_results_list_column8_text}",
          "width" : 120,
          "dataIndex" : "p_followup_date",
          "valueType" : "DATETIME",
          "isRepeating" : false,
          "format" : {
            "xtype" : "xcp_datetime_formatter",
            "dateFormat" : "short",
            "timeFormat" : "short",
            "dateStyle" : "datetime"
          },
          "sortable" : false,
          "menuDisabled" : true
        }, {
          "xcpId" : "results_list_column9",
          "xtype" : "xcp_results_list_column",
          "text" : "${_UI_Page_itk_exception_queues_au_results_list_column9_text}",
          "width" : 60,
          "dataIndex" : "p_priority",
          "valueType" : "INTEGER",
          "isRepeating" : false,
          "format" : {
            "xtype" : "xcp_integer_formatter",
            "decimalPrecision" : 0,
            "useThousandSeparator" : true,
            "separatorStyle" : "LOCALE",
            "negativeNumberStyle" : "FORMAT_MINUS_SIGN_STYLE_NONE"
          },
          "sortable" : false,
          "menuDisabled" : true
        } ]
      } ]
    } ]
  }, {
    "xcpId" : "chk_change_prority",
    "xtype" : "xcp_checkbox",
    "fieldLabel" : null,
    "boxLabel" : "${_UI_Page_itk_exception_queues_au_chk_change_prority_boxLabel}",
    "valueType" : "BOOLEAN",
    "plugins" : [ {
      "ptype" : "xcp_expression_properties",
      "expression" : [ {
        "propertyId" : "disabled",
        "setterFunName" : "setDisabled",
        "etype" : "itk_exception_queues_au_chk_change_prority_disabled_1",
        "events" : [ "selected_task.change" ],
        "disableInitialEval" : false,
        "disableProcessingOnRender" : false,
        "initialDefaultExprValue" : null
      } ]
    } ]
  }, {
    "xcpId" : "column_box",
    "xtype" : "xcp_column_box",
    "title" : "${_UI_Page_itk_exception_queues_au_column_box_title}",
    "collapsible" : false,
    "collapsed" : false,
    "collapseFirst" : true,
    "border" : false,
    "defaultMargins" : "5",
    "layout" : "xcp_columnbox",
    "plugins" : [ {
      "ptype" : "xcp_expression_properties",
      "expression" : [ {
        "propertyId" : "hidden",
        "setterFunName" : "setHidden",
        "etype" : "itk_exception_queues_au_column_box_hidden_1",
        "events" : [ "chk_change_prority.change" ],
        "disableInitialEval" : false,
        "disableProcessingOnRender" : true,
        "initialDefaultExprValue" : "true"
      } ]
    } ],
    "items" : [ {
      "xcpId" : "columnvbox",
      "xtype" : "xcp_columnhbox",
      "orientation" : "Horizontal",
      "overflow_x" : "auto",
      "labelWidth" : 150,
      "defaultMargins" : "5",
      "labelAlign" : "left",
      "halign" : "left",
      "valign" : "top",
      "items" : [ {
        "xcpId" : "dl_changewq_priority",
        "xtype" : "xcp_dropdown_list",
        "fieldLabel" : null,
        "valueField" : "p_wq_priority",
        "displayField" : "p_wq_priority",
        "store" : "getprocessorworkite_initiate_staless_ds",
        "valueType" : "INTEGER"
      }, {
        "xcpId" : "btn_change_priority",
        "xtype" : "xcp_button",
        "text" : "${_UI_Page_itk_exception_queues_au_btn_change_priority_text}",
        "actionInstanceId" : "da_def_invoke_stateless_processupdateprocessorwork_initiate",
        "redirectStyle" : "current",
        "showSuccessNotification" : true,
        "showConfirmation" : false,
        "pageSelectionType" : "page",
        "plugins" : [ {
          "ptype" : "xcp_expression_properties",
          "expression" : [ {
            "propertyId" : "disabled",
            "setterFunName" : "setDisabled",
            "etype" : "itk_exception_queues_au_btn_change_priority_disabled_1",
            "events" : [ "selected_task.change" ],
            "disableInitialEval" : false,
            "disableProcessingOnRender" : false,
            "initialDefaultExprValue" : null
          } ]
        } ]
      } ]
    }, {
      "xcpId" : "columnvbox1",
      "xtype" : "xcp_columnvbox",
      "orientation" : "Vertical",
      "overflow_x" : "hidden",
      "labelWidth" : 150,
      "labelAlign" : "left",
      "halign" : "left",
      "valign" : "top",
      "defaultMargins" : "5"
    } ]
  } ]
}