{
  "cls" : "itk_dshbrd_ovrl_except",
  "padding" : "0",
  "border" : false,
  "pageTitle" : "${_UI_Page_itk_dshbrd_ovrl_except_title}",
  "xtype" : "xcp_form",
  "items" : [ {
    "xtype" : "xcp_action_container",
    "actions" : [ ]
  }, {
    "xtype" : "xcp_uievent_publisher",
    "plugins" : [ {
      "ptype" : "xcp_publish_uievents",
      "publish" : [ ]
    } ]
  }, {
    "xcpId" : "crystal_report",
    "xtype" : "xcp_crystal_report",
    "title" : "${_UI_Page_itk_dshbrd_ovrl_except_crystal_report_title}",
    "reportType" : "crystal",
    "reportId" : "2",
    "timeGranularity" : "DAILY",
    "lastSyncWithDS" : "09/12/2014 22:13:53",
    "crArtifact" : "urn:itk:com.emc.xcp.artifact.report.crystal:Artifacts/Crystal Reports/summaryexceptions.crystal",
    "height" : 700
  } ]
}