{
  "cls" : "itk_performance_metrics",
  "padding" : "0",
  "border" : false,
  "pageTitle" : "${_UI_Page_itk_performance_metrics_title}",
  "xtype" : "xcp_form",
  "items" : [ {
    "xtype" : "xcp_action_container",
    "actions" : [ {
      "xcpId" : "executiontime_excep",
      "actionModel" : "itk_executiontime_excep_outputs",
      "inputModelName" : "itk_executiontime_excep_inputs",
      "actionType" : "datasource",
      "plugins" : [ {
        "ptype" : "xcp_expression_properties",
        "expression" : [ ],
        "mapping" : {
        }
      } ],
      "autoLoad" : true,
      "pageSize" : 5
    } ]
  }, {
    "xtype" : "xcp_uievent_publisher",
    "plugins" : [ {
      "ptype" : "xcp_publish_uievents",
      "publish" : [ ]
    } ]
  }, {
    "xcpId" : "column_box4",
    "xtype" : "xcp_column_box",
    "title" : "${_UI_Page_itk_performance_metrics_column_box4_title}",
    "collapsible" : false,
    "collapsed" : false,
    "collapseFirst" : true,
    "border" : false,
    "defaultMargins" : "5",
    "layout" : "xcp_columnbox",
    "items" : [ {
      "xcpId" : "columnvbox5",
      "xtype" : "xcp_columnvbox",
      "orientation" : "Vertical",
      "overflow_x" : "hidden",
      "labelWidth" : 150,
      "labelAlign" : "left",
      "halign" : "left",
      "valign" : "top",
      "defaultMargins" : "5",
      "items" : [ {
        "xcpId" : "results_list2",
        "xtype" : "xcp_results_list",
        "typeName" : "itk_exceptionprocess",
        "modelName" : "itk_executiontime_excep_outputs",
        "storeId" : "executiontime_excep",
        "pageSize" : 5,
        "selectionModel" : false,
        "enableDragDrop" : true,
        "columns" : [ {
          "xcpId" : "results_list_page_link_column2",
          "xtype" : "xcp_results_list_page_link_column",
          "text" : "${_UI_Page_itk_performance_metrics_results_list_page_link_column2_text}",
          "width" : 150,
          "dataIndex" : "createdon",
          "valueType" : "DATETIME",
          "isRepeating" : false,
          "format" : {
            "xtype" : "xcp_datetime_formatter",
            "dateFormat" : "short",
            "timeFormat" : "short",
            "dateStyle" : "datetime"
          },
          "sortable" : false,
          "menuDisabled" : true
        }, {
          "xcpId" : "results_list_column4",
          "xtype" : "xcp_results_list_column",
          "text" : "${_UI_Page_itk_performance_metrics_results_list_column4_text}",
          "width" : 150,
          "dataIndex" : "createdon_1",
          "valueType" : "DATETIME",
          "isRepeating" : false,
          "format" : {
            "xtype" : "xcp_datetime_formatter",
            "dateFormat" : "short",
            "timeFormat" : "short",
            "dateStyle" : "datetime"
          },
          "sortable" : false,
          "menuDisabled" : true
        }, {
          "xcpId" : "results_list_column5",
          "xtype" : "xcp_results_list_column",
          "text" : "${_UI_Page_itk_performance_metrics_results_list_column5_text}",
          "dataIndex" : "s0_duration",
          "valueType" : "INTEGER",
          "isRepeating" : false,
          "format" : {
            "xtype" : "xcp_integer_formatter",
            "decimalPrecision" : 0,
            "useThousandSeparator" : true,
            "separatorStyle" : "LOCALE",
            "negativeNumberStyle" : "FORMAT_MINUS_SIGN_STYLE_NONE"
          },
          "sortable" : false,
          "menuDisabled" : true
        } ]
      } ]
    } ]
  } ]
}