{
  "cls" : "itk_administration",
  "padding" : "0",
  "border" : false,
  "pageTitle" : "${_UI_Page_itk_administration_title}",
  "xtype" : "xcp_form",
  "items" : [ {
    "xtype" : "xcp_action_container",
    "actions" : [ {
      "xcpId" : "getautodecisionresearchdata_initiate_staless_ds",
      "actionModel" : "itk_getautodecisionresearchdata_initiate_staless_ds_outputs",
      "inputModelName" : "itk_getautodecisionresearchdata_initiate_staless_ds_inputs",
      "actionType" : "datasource",
      "plugins" : [ {
        "ptype" : "xcp_expression_properties",
        "expression" : [ {
          "propertyId" : "processVariables.p_transaction_id",
          "setterFunName" : "setInputProperty",
          "etype" : "itk_administration_getautodecisionresearchdata_initiate_staless_ds_processVariables_p_transaction_id_1",
          "events" : [ "input_transaction_id.change" ],
          "disableInitialEval" : false
        } ],
        "mapping" : {
          "processVariables.p_transaction_id" : ["input_transaction_id" ]
        }
      } ],
      "autoLoad" : false,
      "pageSize" : 10
    }, {
      "xcpId" : "gettransactionaudittrailinfo_initiate_staless_ds",
      "actionModel" : "itk_gettransactionaudittrailinfo_initiate_staless_ds_outputs",
      "inputModelName" : "itk_gettransactionaudittrailinfo_initiate_staless_ds_inputs",
      "actionType" : "datasource",
      "plugins" : [ {
        "ptype" : "xcp_expression_properties",
        "expression" : [ {
          "propertyId" : "processVariables.p_exclude_sys_accts",
          "setterFunName" : "setInputProperty",
          "etype" : "itk_administration_gettransactionaudittrailinfo_initiate_staless_ds_processVariables_p_exclude_sys_accts_1",
          "events" : [ "exclude_system_accts.change" ],
          "disableInitialEval" : false
        }, {
          "propertyId" : "processVariables.p_transaction_id",
          "setterFunName" : "setInputProperty",
          "etype" : "itk_administration_gettransactionaudittrailinfo_initiate_staless_ds_processVariables_p_transaction_id_1",
          "events" : [ "transaction_id_input.change" ],
          "disableInitialEval" : false
        }, {
          "propertyId" : "processVariables.p_user_name",
          "setterFunName" : "setInputProperty",
          "etype" : "itk_administration_gettransactionaudittrailinfo_initiate_staless_ds_processVariables_p_user_name_1",
          "events" : [ "user_name_filter_input.change" ],
          "disableInitialEval" : false
        } ],
        "mapping" : {
          "processVariables.p_exclude_sys_accts" : ["exclude_system_accts" ],
          "processVariables.p_transaction_id" : ["transaction_id_input" ],
          "processVariables.p_user_name" : ["user_name_filter_input" ]
        }
      } ],
      "autoLoad" : false,
      "pageSize" : 10
    }, {
      "xcpId" : "getpausedworkitemlist_initiate_staless_ds",
      "actionModel" : "itk_getpausedworkitemlist_initiate_staless_ds_outputs",
      "inputModelName" : "itk_getpausedworkitemlist_initiate_staless_ds_inputs",
      "actionType" : "datasource",
      "plugins" : [ {
        "ptype" : "xcp_expression_properties",
        "expression" : [ ],
        "mapping" : {
        }
      } ],
      "autoLoad" : false,
      "pageSize" : 10
    }, {
      "xcpId" : "itrak_aging_rprts",
      "actionModel" : "itk_itrak_aging_rprts_outputs",
      "inputModelName" : "itk_itrak_aging_rprts_inputs",
      "actionType" : "datasource",
      "plugins" : [ {
        "ptype" : "xcp_expression_properties",
        "expression" : [ {
          "propertyId" : "input_parent_folders",
          "setterFunName" : "setInputProperty",
          "etype" : "itk_administration_itrak_aging_rprts_input_parent_folders_1",
          "events" : [ "getxsldocfolders_initiate_staless_ds.change" ],
          "disableInitialEval" : false
        } ],
        "mapping" : {
        }
      } ],
      "autoLoad" : false,
      "invokerEvents" : ["getxsldocfolders_initiate_staless_ds.success" ],
      "pageSize" : 10
    }, {
      "xcpId" : "itrak_reconcl_rprts",
      "actionModel" : "itk_itrak_reconcl_rprts_outputs",
      "inputModelName" : "itk_itrak_reconcl_rprts_inputs",
      "actionType" : "datasource",
      "plugins" : [ {
        "ptype" : "xcp_expression_properties",
        "expression" : [ {
          "propertyId" : "input_parent_folders",
          "setterFunName" : "setInputProperty",
          "etype" : "itk_administration_itrak_reconcl_rprts_input_parent_folders_1",
          "events" : [ "getxsldocfolders_initiate_staless_ds.change" ],
          "disableInitialEval" : false
        } ],
        "mapping" : {
        }
      } ],
      "autoLoad" : false,
      "invokerEvents" : ["getxsldocfolders_initiate_staless_ds.success" ],
      "pageSize" : 10
    }, {
      "xcpId" : "itrak_as400_output_",
      "actionModel" : "itk_itrak_as400_output__outputs",
      "inputModelName" : "itk_itrak_as400_output__inputs",
      "actionType" : "datasource",
      "plugins" : [ {
        "ptype" : "xcp_expression_properties",
        "expression" : [ {
          "propertyId" : "input_parent_folders",
          "setterFunName" : "setInputProperty",
          "etype" : "itk_administration_itrak_as400_output__input_parent_folders_1",
          "events" : [ "getxsldocfolders_initiate_staless_ds.change" ],
          "disableInitialEval" : false
        } ],
        "mapping" : {
        }
      } ],
      "autoLoad" : false,
      "invokerEvents" : ["getxsldocfolders_initiate_staless_ds.success" ],
      "pageSize" : 10
    }, {
      "xcpId" : "getautodecisionbyexitpoint_initiate_staless_ds",
      "actionModel" : "itk_getautodecisionbyexitpoint_initiate_staless_ds_outputs",
      "inputModelName" : "itk_getautodecisionbyexitpoint_initiate_staless_ds_inputs",
      "actionType" : "datasource",
      "autoLoad" : true,
      "pageSize" : 10,
      "outputType" : "Object",
      "plugins" : [ {
        "ptype" : "xcp_expression_properties",
        "expression" : [ {
          "propertyId" : "processVariables.p_exit_point",
          "setterFunName" : "setInputProperty",
          "etype" : "itk_administration_getautodecisionbyexitpoint_initiate_staless_ds_processVariables_p_exit_point_1",
          "events" : [ "input_exit_point.change" ],
          "disableInitialEval" : false
        } ],
        "mapping" : {
          "processVariables.p_exit_point" : ["input_exit_point" ]
        }
      } ],
      "autoLoad" : false,
      "outputType" : "Object"
    }, {
      "xcpId" : "updateloanmatchdecisioncode_initiate_staless_ds",
      "actionModel" : "itk_updateloanmatchdecisioncode_initiate_staless_ds_outputs",
      "inputModelName" : "itk_updateloanmatchdecisioncode_initiate_staless_ds_inputs",
      "actionType" : "datasource",
      "autoLoad" : true,
      "pageSize" : 10,
      "outputType" : "Object",
      "plugins" : [ {
        "ptype" : "xcp_expression_properties",
        "expression" : [ {
          "propertyId" : "processVariables.p_updated_decision_code",
          "setterFunName" : "setInputProperty",
          "etype" : "itk_administration_updateloanmatchdecisioncode_initiate_staless_ds_processVariables_p_updated_decision_code_1",
          "events" : [ "loan_match_decision_cd.change" ],
          "disableInitialEval" : false
        }, {
          "propertyId" : "processVariables.p_exit_point",
          "setterFunName" : "setInputProperty",
          "etype" : "itk_administration_updateloanmatchdecisioncode_initiate_staless_ds_processVariables_p_exit_point_1",
          "events" : [ "input_exit_point.change" ],
          "disableInitialEval" : false
        } ],
        "mapping" : {
          "processVariables.p_updated_decision_code" : ["loan_match_decision_cd" ],
          "processVariables.p_exit_point" : ["input_exit_point" ]
        }
      } ],
      "autoLoad" : false,
      "outputType" : "Object"
    }, {
      "xcpId" : "getautodecisionexitpoints_initiate_staless_ds",
      "actionModel" : "itk_getautodecisionexitpoints_initiate_staless_ds_outputs",
      "inputModelName" : "itk_getautodecisionexitpoints_initiate_staless_ds_inputs",
      "actionType" : "datasource",
      "plugins" : [ {
        "ptype" : "xcp_expression_properties",
        "expression" : [ ],
        "mapping" : {
        }
      } ],
      "autoLoad" : true
    }, {
      "xcpId" : "getdocformat_initiate_staless_ds",
      "actionModel" : "itk_getdocformat_initiate_staless_ds_outputs",
      "inputModelName" : "itk_getdocformat_initiate_staless_ds_inputs",
      "actionType" : "datasource",
      "plugins" : [ {
        "ptype" : "xcp_expression_properties",
        "expression" : [ {
          "propertyId" : "processVariables.p_object_id",
          "setterFunName" : "setInputProperty",
          "etype" : "itk_administration_getdocformat_initiate_staless_ds_processVariables_p_object_id_1",
          "events" : [ "selected_doc_id.change" ],
          "disableInitialEval" : false
        } ],
        "mapping" : {
          "processVariables.p_object_id" : ["selected_doc_id" ]
        }
      } ],
      "autoLoad" : false,
      "invokerEvents" : ["selected_doc_id.change" ],
      "outputType" : "Object"
    }, {
      "xcpId" : "getxsldocfolders_initiate_staless_ds",
      "actionModel" : "itk_getxsldocfolders_initiate_staless_ds_outputs",
      "inputModelName" : "itk_getxsldocfolders_initiate_staless_ds_inputs",
      "actionType" : "datasource",
      "plugins" : [ {
        "ptype" : "xcp_expression_properties",
        "expression" : [ {
          "propertyId" : "processVariables.p_aging_rpt_folder",
          "setterFunName" : "setInputProperty",
          "etype" : "itk_administration_getxsldocfolders_initiate_staless_ds_processVariables_p_aging_rpt_folder_1"
        }, {
          "propertyId" : "processVariables.p_as400output_folder",
          "setterFunName" : "setInputProperty",
          "etype" : "itk_administration_getxsldocfolders_initiate_staless_ds_processVariables_p_as400output_folder_1"
        }, {
          "propertyId" : "processVariables.p_reconciliation_rpt_folder",
          "setterFunName" : "setInputProperty",
          "etype" : "itk_administration_getxsldocfolders_initiate_staless_ds_processVariables_p_reconciliation_rpt_folder_1"
        } ],
        "mapping" : {
        }
      } ],
      "autoLoad" : true,
      "outputType" : "Object"
    } ]
  }, {
    "xtype" : "xcp_uievent_publisher",
    "plugins" : [ {
      "ptype" : "xcp_publish_uievents",
      "publish" : [ ]
    } ]
  }, {
    "xcpId" : "tab_group",
    "xtype" : "xcp_tab_group",
    "tabPosition" : "top",
    "minWidth" : 450,
    "items" : [ {
      "xcpId" : "tab",
      "xtype" : "xcp_tab",
      "title" : "${_UI_Page_itk_administration_tab_title}",
      "items" : [ {
        "xcpId" : "column_box",
        "xtype" : "xcp_column_box",
        "collapsible" : false,
        "collapsed" : false,
        "collapseFirst" : true,
        "border" : false,
        "defaultMargins" : "5",
        "layout" : "xcp_columnbox",
        "items" : [ {
          "xcpId" : "columnvbox",
          "xtype" : "xcp_columnvbox",
          "orientation" : "Vertical",
          "overflow_x" : "hidden",
          "labelWidth" : 150,
          "labelAlign" : "left",
          "halign" : "left",
          "valign" : "top",
          "defaultMargins" : "5",
          "items" : [ {
            "xcpId" : "column_box1",
            "xtype" : "xcp_column_box",
            "title" : "${_UI_Page_itk_administration_column_box1_title}",
            "collapsible" : false,
            "collapsed" : false,
            "collapseFirst" : true,
            "border" : false,
            "defaultMargins" : "5",
            "layout" : "xcp_columnbox",
            "items" : [ {
              "xcpId" : "columnvbox2",
              "xtype" : "xcp_columnvbox",
              "orientation" : "Vertical",
              "overflow_x" : "hidden",
              "labelWidth" : 75,
              "labelAlign" : "left",
              "halign" : "left",
              "valign" : "top",
              "defaultMargins" : "5",
              "items" : [ {
                "xcpId" : "input_exit_point",
                "xtype" : "xcp_dropdown_list",
                "fieldLabel" : "${_UI_Page_itk_administration_input_exit_point_fieldLabel}",
                "valueField" : "p_exit_point_values",
                "displayField" : "p_exit_point_values",
                "store" : "getautodecisionexitpoints_initiate_staless_ds",
                "valueType" : "STRING"
              } ]
            }, {
              "xcpId" : "columnvbox3",
              "xtype" : "xcp_columnvbox",
              "orientation" : "Vertical",
              "width" : "25%",
              "overflow_x" : "hidden",
              "labelWidth" : 150,
              "labelAlign" : "left",
              "halign" : "left",
              "valign" : "top",
              "defaultMargins" : "5",
              "items" : [ {
                "xcpId" : "search_exit_point",
                "xtype" : "xcp_button",
                "text" : "${_UI_Page_itk_administration_search_exit_point_text}",
                "actionInstanceId" : "getautodecisionbyexitpoint_initiate_staless_ds",
                "redirectStyle" : "current",
                "plugins" : [ {
                  "ptype" : "xcp_expression_properties",
                  "expression" : [ {
                    "propertyId" : "disabled",
                    "setterFunName" : "setDisabled",
                    "etype" : "itk_administration_search_exit_point_disabled_1",
                    "events" : [ "input_exit_point.change" ],
                    "disableInitialEval" : false,
                    "disableProcessingOnRender" : false,
                    "initialDefaultExprValue" : null
                  } ]
                } ]
              } ]
            } ]
          }, {
            "xcpId" : "column_box2",
            "xtype" : "xcp_column_box",
            "collapsible" : false,
            "collapsed" : false,
            "collapseFirst" : true,
            "border" : false,
            "defaultMargins" : "5",
            "layout" : "xcp_columnbox",
            "items" : [ {
              "xcpId" : "columnvbox4",
              "xtype" : "xcp_columnvbox",
              "orientation" : "Vertical",
              "overflow_x" : "hidden",
              "labelWidth" : 150,
              "labelAlign" : "left",
              "halign" : "left",
              "valign" : "top",
              "defaultMargins" : "5",
              "items" : [ {
                "xcpId" : "mail_match_cd",
                "xtype" : "xcp_value_display",
                "fieldLabel" : "${_UI_Page_itk_administration_mail_match_cd_fieldLabel}",
                "valueType" : "STRING",
                "isRepeating" : false,
                "plugins" : [ {
                  "ptype" : "xcp_expression_properties",
                  "expression" : [ {
                    "propertyId" : "value",
                    "setterFunName" : "setValue",
                    "etype" : "itk_administration_mail_match_cd_value_1",
                    "events" : [ "getautodecisionbyexitpoint_initiate_staless_ds.change" ],
                    "disableInitialEval" : false,
                    "disableProcessingOnRender" : false,
                    "initialDefaultExprValue" : null
                  } ]
                } ]
              }, {
                "xcpId" : "policy_no_match_cd",
                "xtype" : "xcp_value_display",
                "fieldLabel" : "${_UI_Page_itk_administration_policy_no_match_cd_fieldLabel}",
                "valueType" : "STRING",
                "isRepeating" : false,
                "plugins" : [ {
                  "ptype" : "xcp_expression_properties",
                  "expression" : [ {
                    "propertyId" : "value",
                    "setterFunName" : "setValue",
                    "etype" : "itk_administration_policy_no_match_cd_value_1",
                    "events" : [ "getautodecisionbyexitpoint_initiate_staless_ds.change" ],
                    "disableInitialEval" : false,
                    "disableProcessingOnRender" : false,
                    "initialDefaultExprValue" : null
                  } ]
                } ]
              }, {
                "xcpId" : "auto_match_cd",
                "xtype" : "xcp_value_display",
                "fieldLabel" : "${_UI_Page_itk_administration_auto_match_cd_fieldLabel}",
                "valueType" : "STRING",
                "isRepeating" : false,
                "plugins" : [ {
                  "ptype" : "xcp_expression_properties",
                  "expression" : [ {
                    "propertyId" : "value",
                    "setterFunName" : "setValue",
                    "etype" : "itk_administration_auto_match_cd_value_1",
                    "events" : [ "getautodecisionbyexitpoint_initiate_staless_ds.change" ],
                    "disableInitialEval" : false,
                    "disableProcessingOnRender" : false,
                    "initialDefaultExprValue" : null
                  } ]
                } ]
              }, {
                "xcpId" : "name_match_cd",
                "xtype" : "xcp_value_display",
                "fieldLabel" : "${_UI_Page_itk_administration_name_match_cd_fieldLabel}",
                "valueType" : "STRING",
                "isRepeating" : false,
                "plugins" : [ {
                  "ptype" : "xcp_expression_properties",
                  "expression" : [ {
                    "propertyId" : "value",
                    "setterFunName" : "setValue",
                    "etype" : "itk_administration_name_match_cd_value_1",
                    "events" : [ "getautodecisionbyexitpoint_initiate_staless_ds.change" ],
                    "disableInitialEval" : false,
                    "disableProcessingOnRender" : false,
                    "initialDefaultExprValue" : null
                  } ]
                } ]
              }, {
                "xcpId" : "loan_match_cd",
                "xtype" : "xcp_value_display",
                "fieldLabel" : "${_UI_Page_itk_administration_loan_match_cd_fieldLabel}",
                "valueType" : "STRING",
                "isRepeating" : false,
                "plugins" : [ {
                  "ptype" : "xcp_expression_properties",
                  "expression" : [ {
                    "propertyId" : "value",
                    "setterFunName" : "setValue",
                    "etype" : "itk_administration_loan_match_cd_value_1",
                    "events" : [ "getautodecisionbyexitpoint_initiate_staless_ds.change" ],
                    "disableInitialEval" : false,
                    "disableProcessingOnRender" : false,
                    "initialDefaultExprValue" : null
                  } ]
                } ]
              } ]
            }, {
              "xcpId" : "columnvbox5",
              "xtype" : "xcp_columnvbox",
              "orientation" : "Vertical",
              "overflow_x" : "hidden",
              "labelWidth" : 150,
              "labelAlign" : "left",
              "halign" : "left",
              "valign" : "top",
              "defaultMargins" : "5",
              "items" : [ {
                "xcpId" : "loan_match_decision_cd",
                "xtype" : "xcp_dropdown_list",
                "fieldLabel" : "${_UI_Page_itk_administration_loan_match_decision_cd_fieldLabel}",
                "store" : "xcp.picklist.itk_loan_match_decision",
                "valueType" : "STRING",
                "plugins" : [ {
                  "ptype" : "xcp_expression_properties",
                  "expression" : [ {
                    "propertyId" : "value",
                    "setterFunName" : "setValue",
                    "etype" : "itk_administration_loan_match_decision_cd_value_1",
                    "events" : [ "getautodecisionbyexitpoint_initiate_staless_ds.change" ],
                    "disableInitialEval" : false,
                    "disableProcessingOnRender" : false,
                    "initialDefaultExprValue" : null
                  } ]
                } ]
              }, {
                "xcpId" : "column_box3",
                "xtype" : "xcp_column_box",
                "collapsible" : false,
                "collapsed" : false,
                "collapseFirst" : true,
                "border" : false,
                "defaultMargins" : "5",
                "layout" : "xcp_columnbox",
                "items" : [ {
                  "xcpId" : "columnvbox6",
                  "xtype" : "xcp_columnhbox",
                  "orientation" : "Horizontal",
                  "overflow_x" : "hidden",
                  "labelWidth" : 150,
                  "defaultMargins" : "5",
                  "labelAlign" : "left",
                  "halign" : "center",
                  "valign" : "middle",
                  "items" : [ {
                    "xcpId" : "update_button",
                    "xtype" : "xcp_button",
                    "text" : "${_UI_Page_itk_administration_update_button_text}",
                    "actionInstanceId" : "updateloanmatchdecisioncode_initiate_staless_ds",
                    "redirectStyle" : "current",
                    "plugins" : [ {
                      "ptype" : "xcp_expression_properties",
                      "expression" : [ {
                        "propertyId" : "disabled",
                        "setterFunName" : "setDisabled",
                        "etype" : "itk_administration_update_button_disabled_1",
                        "events" : [ "loan_match_decision_cd.change" ],
                        "disableInitialEval" : false,
                        "disableProcessingOnRender" : false,
                        "initialDefaultExprValue" : null
                      } ]
                    } ]
                  } ]
                } ]
              }, {
                "xcpId" : "success_msg",
                "xtype" : "xcp_value_display",
                "fieldLabel" : null,
                "valueType" : "STRING",
                "isRepeating" : false,
                "plugins" : [ {
                  "ptype" : "xcp_expression_properties",
                  "expression" : [ {
                    "propertyId" : "hidden",
                    "setterFunName" : "setHidden",
                    "etype" : "itk_administration_success_msg_hidden_1",
                    "events" : [ "updateloanmatchdecisioncode_initiate_staless_ds.change" ],
                    "disableInitialEval" : false,
                    "disableProcessingOnRender" : true,
                    "initialDefaultExprValue" : "true"
                  }, {
                    "propertyId" : "value",
                    "setterFunName" : "setValue",
                    "etype" : "itk_administration_success_msg_value_1",
                    "disableProcessingOnRender" : false,
                    "initialDefaultExprValue" : null
                  } ]
                } ]
              } ]
            } ]
          } ]
        }, {
          "xcpId" : "columnvbox1",
          "xtype" : "xcp_columnvbox",
          "orientation" : "Vertical",
          "overflow_x" : "hidden",
          "labelWidth" : 150,
          "labelAlign" : "left",
          "halign" : "left",
          "valign" : "top",
          "defaultMargins" : "5"
        } ]
      } ]
    }, {
      "xcpId" : "tab1",
      "xtype" : "xcp_tab",
      "title" : "${_UI_Page_itk_administration_tab1_title}",
      "items" : [ {
        "xcpId" : "column_box4",
        "xtype" : "xcp_column_box",
        "collapsible" : false,
        "collapsed" : false,
        "collapseFirst" : true,
        "border" : false,
        "defaultMargins" : "5",
        "layout" : "xcp_columnbox",
        "items" : [ {
          "xcpId" : "columnvbox8",
          "xtype" : "xcp_columnvbox",
          "orientation" : "Vertical",
          "overflow_x" : "hidden",
          "labelWidth" : 150,
          "labelAlign" : "left",
          "halign" : "left",
          "valign" : "top",
          "defaultMargins" : "5",
          "items" : [ {
            "xcpId" : "input_transaction_id",
            "xtype" : "xcp_text_input",
            "fieldLabel" : "${_UI_Page_itk_administration_input_transaction_id_fieldLabel}",
            "hstretch" : true,
            "valueType" : "STRING"
          } ]
        }, {
          "xcpId" : "columnvbox7",
          "xtype" : "xcp_columnvbox",
          "orientation" : "Vertical",
          "overflow_x" : "hidden",
          "labelWidth" : 150,
          "labelAlign" : "left",
          "halign" : "left",
          "valign" : "top",
          "defaultMargins" : "5",
          "items" : [ {
            "xcpId" : "search_button",
            "xtype" : "xcp_button",
            "text" : "${_UI_Page_itk_administration_search_button_text}",
            "actionInstanceId" : "getautodecisionresearchdata_initiate_staless_ds",
            "redirectStyle" : "current"
          } ]
        } ]
      }, {
        "xcpId" : "results_list",
        "xtype" : "xcp_results_list",
        "typeName" : "itk_getautodecisionresearchdata_initiate",
        "modelName" : "itk_getautodecisionresearchdata_initiate_staless_ds_outputs",
        "storeId" : "getautodecisionresearchdata_initiate_staless_ds",
        "pageSize" : 10,
        "selectionModel" : false,
        "enableDragDrop" : false,
        "columns" : [ {
          "xcpId" : "results_list_page_link_column",
          "xtype" : "xcp_results_list_page_link_column",
          "text" : "${_UI_Page_itk_administration_results_list_page_link_column_text}",
          "width" : 85,
          "dataIndex" : "p_account_no",
          "valueType" : "STRING",
          "isRepeating" : false,
          "sortable" : false,
          "menuDisabled" : true
        }, {
          "xcpId" : "results_list_column",
          "xtype" : "xcp_results_list_column",
          "text" : "${_UI_Page_itk_administration_results_list_column_text}",
          "width" : 150,
          "dataIndex" : "p_loan_number",
          "valueType" : "STRING",
          "isRepeating" : false,
          "sortable" : false,
          "menuDisabled" : true
        }, {
          "xcpId" : "results_list_column1",
          "xtype" : "xcp_results_list_column",
          "text" : "${_UI_Page_itk_administration_results_list_column1_text}",
          "width" : 85,
          "dataIndex" : "p_loan_suffix",
          "valueType" : "STRING",
          "isRepeating" : false,
          "sortable" : false,
          "menuDisabled" : true
        }, {
          "xcpId" : "results_list_column2",
          "xtype" : "xcp_results_list_column",
          "text" : "${_UI_Page_itk_administration_results_list_column2_text}",
          "width" : 85,
          "dataIndex" : "p_exit_point",
          "valueType" : "STRING",
          "isRepeating" : false,
          "sortable" : false,
          "menuDisabled" : true
        }, {
          "xcpId" : "results_list_column3",
          "xtype" : "xcp_results_list_column",
          "text" : "${_UI_Page_itk_administration_results_list_column3_text}",
          "width" : 150,
          "dataIndex" : "p_final_decision",
          "valueType" : "STRING",
          "isRepeating" : false,
          "sortable" : false,
          "menuDisabled" : true
        }, {
          "xcpId" : "results_list_column4",
          "xtype" : "xcp_results_list_column",
          "text" : "${_UI_Page_itk_administration_results_list_column4_text}",
          "width" : 150,
          "dataIndex" : "p_name_search",
          "valueType" : "STRING",
          "isRepeating" : false,
          "sortable" : false,
          "menuDisabled" : true
        }, {
          "xcpId" : "results_list_column5",
          "xtype" : "xcp_results_list_column",
          "text" : "${_UI_Page_itk_administration_results_list_column5_text}",
          "width" : 85,
          "dataIndex" : "p_name_iir",
          "valueType" : "STRING",
          "isRepeating" : false,
          "sortable" : false,
          "menuDisabled" : true
        }, {
          "xcpId" : "results_list_column6",
          "xtype" : "xcp_results_list_column",
          "text" : "${_UI_Page_itk_administration_results_list_column6_text}",
          "width" : 85,
          "dataIndex" : "p_name_score",
          "valueType" : "STRING",
          "isRepeating" : false,
          "sortable" : false,
          "menuDisabled" : true
        }, {
          "xcpId" : "results_list_column7",
          "xtype" : "xcp_results_list_column",
          "text" : "${_UI_Page_itk_administration_results_list_column7_text}",
          "width" : 150,
          "dataIndex" : "p_name_decision",
          "valueType" : "STRING",
          "isRepeating" : false,
          "sortable" : false,
          "menuDisabled" : true
        }, {
          "xcpId" : "results_list_column8",
          "xtype" : "xcp_results_list_column",
          "text" : "${_UI_Page_itk_administration_results_list_column8_text}",
          "width" : 150,
          "dataIndex" : "p_address_search",
          "valueType" : "STRING",
          "isRepeating" : false,
          "sortable" : false,
          "menuDisabled" : true
        }, {
          "xcpId" : "results_list_column9",
          "xtype" : "xcp_results_list_column",
          "text" : "${_UI_Page_itk_administration_results_list_column9_text}",
          "width" : 85,
          "dataIndex" : "p_address_iir",
          "valueType" : "STRING",
          "isRepeating" : false,
          "sortable" : false,
          "menuDisabled" : true
        }, {
          "xcpId" : "results_list_column10",
          "xtype" : "xcp_results_list_column",
          "text" : "${_UI_Page_itk_administration_results_list_column10_text}",
          "width" : 85,
          "dataIndex" : "p_address_score",
          "valueType" : "STRING",
          "isRepeating" : false,
          "sortable" : false,
          "menuDisabled" : true
        }, {
          "xcpId" : "results_list_column11",
          "xtype" : "xcp_results_list_column",
          "text" : "${_UI_Page_itk_administration_results_list_column11_text}",
          "width" : 150,
          "dataIndex" : "p_address_decision",
          "valueType" : "STRING",
          "isRepeating" : false,
          "sortable" : false,
          "menuDisabled" : true
        }, {
          "xcpId" : "results_list_column12",
          "xtype" : "xcp_results_list_column",
          "text" : "${_UI_Page_itk_administration_results_list_column12_text}",
          "width" : 150,
          "dataIndex" : "p_policy_search",
          "valueType" : "STRING",
          "isRepeating" : false,
          "sortable" : false,
          "menuDisabled" : true
        }, {
          "xcpId" : "results_list_column13",
          "xtype" : "xcp_results_list_column",
          "text" : "${_UI_Page_itk_administration_results_list_column13_text}",
          "width" : 85,
          "dataIndex" : "p_policy_iir",
          "valueType" : "STRING",
          "isRepeating" : false,
          "sortable" : false,
          "menuDisabled" : true
        }, {
          "xcpId" : "results_list_column14",
          "xtype" : "xcp_results_list_column",
          "text" : "${_UI_Page_itk_administration_results_list_column14_text}",
          "width" : 85,
          "dataIndex" : "p_policy_score",
          "valueType" : "STRING",
          "isRepeating" : false,
          "sortable" : false,
          "menuDisabled" : true
        }, {
          "xcpId" : "results_list_column15",
          "xtype" : "xcp_results_list_column",
          "text" : "${_UI_Page_itk_administration_results_list_column15_text}",
          "width" : 150,
          "dataIndex" : "p_policy_decision",
          "valueType" : "STRING",
          "isRepeating" : false,
          "sortable" : false,
          "menuDisabled" : true
        }, {
          "xcpId" : "results_list_column16",
          "xtype" : "xcp_results_list_column",
          "text" : "${_UI_Page_itk_administration_results_list_column16_text}",
          "width" : 150,
          "dataIndex" : "p_vin_search",
          "valueType" : "STRING",
          "isRepeating" : false,
          "sortable" : false,
          "menuDisabled" : true
        }, {
          "xcpId" : "results_list_column17",
          "xtype" : "xcp_results_list_column",
          "text" : "${_UI_Page_itk_administration_results_list_column17_text}",
          "width" : 85,
          "dataIndex" : "p_vin_iir",
          "valueType" : "STRING",
          "isRepeating" : false,
          "sortable" : false,
          "menuDisabled" : true
        }, {
          "xcpId" : "results_list_column18",
          "xtype" : "xcp_results_list_column",
          "text" : "${_UI_Page_itk_administration_results_list_column18_text}",
          "width" : 85,
          "dataIndex" : "p_vin_score",
          "valueType" : "STRING",
          "isRepeating" : false,
          "sortable" : false,
          "menuDisabled" : true
        }, {
          "xcpId" : "results_list_column19",
          "xtype" : "xcp_results_list_column",
          "text" : "${_UI_Page_itk_administration_results_list_column19_text}",
          "width" : 150,
          "dataIndex" : "p_vin_decision",
          "valueType" : "STRING",
          "isRepeating" : false,
          "sortable" : false,
          "menuDisabled" : true
        }, {
          "xcpId" : "results_list_column20",
          "xtype" : "xcp_results_list_column",
          "text" : "${_UI_Page_itk_administration_results_list_column20_text}",
          "width" : 150,
          "dataIndex" : "p_loan_search",
          "valueType" : "STRING",
          "isRepeating" : false,
          "sortable" : false,
          "menuDisabled" : true
        }, {
          "xcpId" : "results_list_column21",
          "xtype" : "xcp_results_list_column",
          "text" : "${_UI_Page_itk_administration_results_list_column21_text}",
          "width" : 85,
          "dataIndex" : "p_loan_iir",
          "valueType" : "STRING",
          "isRepeating" : false,
          "sortable" : false,
          "menuDisabled" : true
        }, {
          "xcpId" : "results_list_column22",
          "xtype" : "xcp_results_list_column",
          "text" : "${_UI_Page_itk_administration_results_list_column22_text}",
          "width" : 85,
          "dataIndex" : "p_loan_score",
          "valueType" : "STRING",
          "isRepeating" : false,
          "sortable" : false,
          "menuDisabled" : true
        }, {
          "xcpId" : "results_list_column23",
          "xtype" : "xcp_results_list_column",
          "text" : "${_UI_Page_itk_administration_results_list_column23_text}",
          "width" : 150,
          "dataIndex" : "p_loan_decision",
          "valueType" : "STRING",
          "isRepeating" : false,
          "sortable" : false,
          "menuDisabled" : true
        }, {
          "xcpId" : "results_list_column24",
          "xtype" : "xcp_results_list_column",
          "text" : "${_UI_Page_itk_administration_results_list_column24_text}",
          "width" : 125,
          "dataIndex" : "p_transaction_status",
          "valueType" : "STRING",
          "isRepeating" : false,
          "sortable" : false,
          "menuDisabled" : true
        } ]
      } ]
    }, {
      "xcpId" : "tab3",
      "xtype" : "xcp_tab",
      "title" : "${_UI_Page_itk_administration_tab3_title}",
      "items" : [ {
        "xcpId" : "column_box8",
        "xtype" : "xcp_column_box",
        "collapsible" : false,
        "collapsed" : false,
        "collapseFirst" : true,
        "border" : false,
        "defaultMargins" : "5",
        "layout" : "xcp_columnbox",
        "items" : [ {
          "xcpId" : "columnvbox14",
          "xtype" : "xcp_columnvbox",
          "orientation" : "Vertical",
          "overflow_x" : "hidden",
          "labelWidth" : 150,
          "labelAlign" : "left",
          "halign" : "left",
          "valign" : "top",
          "defaultMargins" : "5",
          "items" : [ {
            "xcpId" : "transaction_id_input",
            "xtype" : "xcp_text_input",
            "fieldLabel" : "${_UI_Page_itk_administration_transaction_id_input_fieldLabel}",
            "hstretch" : true,
            "valueType" : "STRING"
          }, {
            "xcpId" : "user_name_filter_input",
            "xtype" : "xcp_text_input",
            "fieldLabel" : "${_UI_Page_itk_administration_user_name_filter_input_fieldLabel}",
            "hstretch" : true,
            "valueType" : "STRING"
          } ]
        }, {
          "xcpId" : "columnvbox16",
          "xtype" : "xcp_columnvbox",
          "orientation" : "Vertical",
          "overflow_x" : "hidden",
          "labelWidth" : 150,
          "labelAlign" : "left",
          "halign" : "left",
          "valign" : "top",
          "defaultMargins" : "5",
          "items" : [ {
            "xcpId" : "exclude_system_accts",
            "xtype" : "xcp_checkbox",
            "fieldLabel" : null,
            "boxLabel" : "${_UI_Page_itk_administration_exclude_system_accts_boxLabel}",
            "valueType" : "BOOLEAN",
            "plugins" : [ {
              "ptype" : "xcp_expression_properties",
              "expression" : [ {
                "propertyId" : "disabled",
                "setterFunName" : "setDisabled",
                "etype" : "itk_administration_exclude_system_accts_disabled_1",
                "events" : [ "user_name_filter_input.change" ],
                "disableInitialEval" : false,
                "disableProcessingOnRender" : false,
                "initialDefaultExprValue" : null
              }, {
                "propertyId" : "value",
                "setterFunName" : "setValue",
                "etype" : "itk_administration_exclude_system_accts_value_1",
                "events" : [ "user_name_filter_input.change" ],
                "disableInitialEval" : false,
                "disableProcessingOnRender" : false,
                "initialDefaultExprValue" : null
              } ]
            } ]
          }, {
            "xcpId" : "search_audit_trail_button",
            "xtype" : "xcp_button",
            "text" : "${_UI_Page_itk_administration_search_audit_trail_button_text}",
            "actionInstanceId" : "gettransactionaudittrailinfo_initiate_staless_ds",
            "redirectStyle" : "current"
          } ]
        }, {
          "xcpId" : "columnvbox15",
          "xtype" : "xcp_columnvbox",
          "orientation" : "Vertical",
          "overflow_x" : "hidden",
          "labelWidth" : 150,
          "labelAlign" : "left",
          "halign" : "left",
          "valign" : "top",
          "defaultMargins" : "5"
        } ]
      }, {
        "xcpId" : "audit_entries",
        "xtype" : "xcp_results_list",
        "typeName" : "itk_gettransactionaudittrailinfo_initiate",
        "modelName" : "itk_gettransactionaudittrailinfo_initiate_staless_ds_outputs",
        "storeId" : "gettransactionaudittrailinfo_initiate_staless_ds",
        "pageSize" : 10,
        "selectionModel" : false,
        "enableDragDrop" : true,
        "columns" : [ {
          "xcpId" : "results_list_page_link_column4",
          "xtype" : "xcp_results_list_page_link_column",
          "text" : "${_UI_Page_itk_administration_results_list_page_link_column4_text}",
          "width" : 100,
          "dataIndex" : "p_transact_id",
          "isRepeating" : false,
          "sortable" : false,
          "menuDisabled" : true
        }, {
          "xcpId" : "results_list_column93",
          "xtype" : "xcp_results_list_column",
          "text" : "${_UI_Page_itk_administration_results_list_column93_text}",
          "width" : 100,
          "dataIndex" : "p_last_changed",
          "valueType" : "DATETIME",
          "isRepeating" : false,
          "format" : {
            "xtype" : "xcp_datetime_formatter",
            "dateFormat" : "short",
            "timeFormat" : "short",
            "dateStyle" : "datetime"
          },
          "sortable" : false,
          "menuDisabled" : true
        }, {
          "xcpId" : "results_list_column86",
          "xtype" : "xcp_results_list_column",
          "text" : "${_UI_Page_itk_administration_results_list_column86_text}",
          "width" : 150,
          "dataIndex" : "p_changed_by",
          "valueType" : "STRING",
          "isRepeating" : false,
          "sortable" : false,
          "menuDisabled" : true
        }, {
          "xcpId" : "results_list_column98",
          "xtype" : "xcp_results_list_column",
          "text" : "${_UI_Page_itk_administration_results_list_column98_text}",
          "width" : 100,
          "dataIndex" : "p_account_no",
          "valueType" : "STRING",
          "isRepeating" : false,
          "sortable" : false,
          "menuDisabled" : true
        }, {
          "xcpId" : "results_list_column75",
          "xtype" : "xcp_results_list_column",
          "text" : "${_UI_Page_itk_administration_results_list_column75_text}",
          "width" : 125,
          "dataIndex" : "p_policy_no",
          "valueType" : "STRING",
          "isRepeating" : false,
          "sortable" : false,
          "menuDisabled" : true
        }, {
          "xcpId" : "results_list_column96",
          "xtype" : "xcp_results_list_column",
          "text" : "${_UI_Page_itk_administration_results_list_column96_text}",
          "width" : 150,
          "dataIndex" : "p_policy_holder",
          "valueType" : "STRING",
          "isRepeating" : false,
          "sortable" : false,
          "menuDisabled" : true
        }, {
          "xcpId" : "results_list_column34",
          "xtype" : "xcp_results_list_column",
          "text" : "${_UI_Page_itk_administration_results_list_column34_text}",
          "width" : 150,
          "dataIndex" : "p_transact_vin",
          "valueType" : "STRING",
          "isRepeating" : false,
          "sortable" : false,
          "menuDisabled" : true
        }, {
          "xcpId" : "results_list_column90",
          "xtype" : "xcp_results_list_column",
          "text" : "${_UI_Page_itk_administration_results_list_column90_text}",
          "width" : 100,
          "dataIndex" : "p_effective_date",
          "valueType" : "DATETIME",
          "isRepeating" : false,
          "format" : {
            "xtype" : "xcp_datetime_formatter",
            "dateFormat" : "short",
            "timeFormat" : "short",
            "dateStyle" : "datetime"
          },
          "sortable" : false,
          "menuDisabled" : true
        }, {
          "xcpId" : "results_list_column95",
          "xtype" : "xcp_results_list_column",
          "text" : "${_UI_Page_itk_administration_results_list_column95_text}",
          "width" : 100,
          "dataIndex" : "p_expiration_date",
          "valueType" : "DATETIME",
          "isRepeating" : false,
          "format" : {
            "xtype" : "xcp_datetime_formatter",
            "dateFormat" : "short",
            "timeFormat" : "short",
            "dateStyle" : "datetime"
          },
          "sortable" : false,
          "menuDisabled" : true
        }, {
          "xcpId" : "results_list_column85",
          "xtype" : "xcp_results_list_column",
          "text" : "${_UI_Page_itk_administration_results_list_column85_text}",
          "width" : 100,
          "dataIndex" : "p_cancel_date",
          "valueType" : "DATETIME",
          "isRepeating" : false,
          "format" : {
            "xtype" : "xcp_datetime_formatter",
            "dateFormat" : "short",
            "timeFormat" : "short",
            "dateStyle" : "datetime"
          },
          "sortable" : false,
          "menuDisabled" : true
        }, {
          "xcpId" : "results_list_column91",
          "xtype" : "xcp_results_list_column",
          "text" : "${_UI_Page_itk_administration_results_list_column91_text}",
          "width" : 100,
          "dataIndex" : "p_reinstate_date",
          "valueType" : "DATETIME",
          "isRepeating" : false,
          "format" : {
            "xtype" : "xcp_datetime_formatter",
            "dateFormat" : "short",
            "timeFormat" : "short",
            "dateStyle" : "datetime"
          },
          "sortable" : false,
          "menuDisabled" : true
        }, {
          "xcpId" : "results_list_column89",
          "xtype" : "xcp_results_list_column",
          "text" : "${_UI_Page_itk_administration_results_list_column89_text}",
          "width" : 100,
          "dataIndex" : "p_doc_issue_date",
          "valueType" : "DATETIME",
          "isRepeating" : false,
          "format" : {
            "xtype" : "xcp_datetime_formatter",
            "dateFormat" : "short",
            "timeFormat" : "short",
            "dateStyle" : "datetime"
          },
          "sortable" : false,
          "menuDisabled" : true
        }, {
          "xcpId" : "results_list_column92",
          "xtype" : "xcp_results_list_column",
          "text" : "${_UI_Page_itk_administration_results_list_column92_text}",
          "width" : 150,
          "dataIndex" : "p_insurance_co",
          "valueType" : "STRING",
          "isRepeating" : false,
          "sortable" : false,
          "menuDisabled" : true
        }, {
          "xcpId" : "results_list_column79",
          "xtype" : "xcp_results_list_column",
          "text" : "${_UI_Page_itk_administration_results_list_column79_text}",
          "width" : 150,
          "dataIndex" : "p_agent_name",
          "valueType" : "STRING",
          "isRepeating" : false,
          "sortable" : false,
          "menuDisabled" : true
        }, {
          "xcpId" : "results_list_column76",
          "xtype" : "xcp_results_list_column",
          "text" : "${_UI_Page_itk_administration_results_list_column76_text}",
          "width" : 150,
          "dataIndex" : "p_agent_address1",
          "valueType" : "STRING",
          "isRepeating" : false,
          "sortable" : false,
          "menuDisabled" : true
        }, {
          "xcpId" : "results_list_column77",
          "xtype" : "xcp_results_list_column",
          "text" : "${_UI_Page_itk_administration_results_list_column77_text}",
          "width" : 150,
          "dataIndex" : "p_agent_address2",
          "valueType" : "STRING",
          "isRepeating" : false,
          "sortable" : false,
          "menuDisabled" : true
        }, {
          "xcpId" : "results_list_column78",
          "xtype" : "xcp_results_list_column",
          "text" : "${_UI_Page_itk_administration_results_list_column78_text}",
          "width" : 150,
          "dataIndex" : "p_agent_city",
          "valueType" : "STRING",
          "isRepeating" : false,
          "sortable" : false,
          "menuDisabled" : true
        }, {
          "xcpId" : "results_list_column81",
          "xtype" : "xcp_results_list_column",
          "text" : "${_UI_Page_itk_administration_results_list_column81_text}",
          "width" : 100,
          "dataIndex" : "p_agent_state",
          "valueType" : "STRING",
          "isRepeating" : false,
          "sortable" : false,
          "menuDisabled" : true
        }, {
          "xcpId" : "results_list_column82",
          "xtype" : "xcp_results_list_column",
          "text" : "${_UI_Page_itk_administration_results_list_column82_text}",
          "width" : 75,
          "dataIndex" : "p_agent_zip",
          "valueType" : "STRING",
          "isRepeating" : false,
          "sortable" : false,
          "menuDisabled" : true
        }, {
          "xcpId" : "results_list_column80",
          "xtype" : "xcp_results_list_column",
          "text" : "${_UI_Page_itk_administration_results_list_column80_text}",
          "width" : 125,
          "dataIndex" : "p_agent_phone",
          "valueType" : "STRING",
          "isRepeating" : false,
          "sortable" : false,
          "menuDisabled" : true
        }, {
          "xcpId" : "results_list_column88",
          "xtype" : "xcp_results_list_column",
          "text" : "${_UI_Page_itk_administration_results_list_column88_text}",
          "width" : 100,
          "dataIndex" : "p_comp_decuctible",
          "valueType" : "FLOAT",
          "isRepeating" : false,
          "format" : {
            "xtype" : "xcp_float_formatter",
            "decimalPrecision" : 2,
            "useThousandSeparator" : true,
            "separatorStyle" : "LOCALE",
            "negativeNumberStyle" : "FORMAT_MINUS_SIGN_STYLE_NONE"
          },
          "sortable" : false,
          "menuDisabled" : true
        }, {
          "xcpId" : "results_list_column97",
          "xtype" : "xcp_results_list_column",
          "text" : "${_UI_Page_itk_administration_results_list_column97_text}",
          "width" : 100,
          "dataIndex" : "p_coll_deductible",
          "valueType" : "FLOAT",
          "isRepeating" : false,
          "format" : {
            "xtype" : "xcp_float_formatter",
            "decimalPrecision" : 2,
            "useThousandSeparator" : true,
            "separatorStyle" : "LOCALE",
            "negativeNumberStyle" : "FORMAT_MINUS_SIGN_STYLE_NONE"
          },
          "sortable" : false,
          "menuDisabled" : true
        }, {
          "xcpId" : "results_list_column84",
          "xtype" : "xcp_results_list_column",
          "text" : "${_UI_Page_itk_administration_results_list_column84_text}",
          "width" : 75,
          "dataIndex" : "p_bipp",
          "valueType" : "FLOAT",
          "isRepeating" : false,
          "format" : {
            "xtype" : "xcp_float_formatter",
            "decimalPrecision" : 2,
            "useThousandSeparator" : true,
            "separatorStyle" : "LOCALE",
            "negativeNumberStyle" : "FORMAT_MINUS_SIGN_STYLE_NONE"
          },
          "sortable" : false,
          "menuDisabled" : true
        }, {
          "xcpId" : "results_list_column83",
          "xtype" : "xcp_results_list_column",
          "text" : "${_UI_Page_itk_administration_results_list_column83_text}",
          "width" : 75,
          "dataIndex" : "p_bipo",
          "valueType" : "FLOAT",
          "isRepeating" : false,
          "format" : {
            "xtype" : "xcp_float_formatter",
            "decimalPrecision" : 2,
            "useThousandSeparator" : true,
            "separatorStyle" : "LOCALE",
            "negativeNumberStyle" : "FORMAT_MINUS_SIGN_STYLE_NONE"
          },
          "sortable" : false,
          "menuDisabled" : true
        }, {
          "xcpId" : "results_list_column87",
          "xtype" : "xcp_results_list_column",
          "text" : "${_UI_Page_itk_administration_results_list_column87_text}",
          "width" : 75,
          "dataIndex" : "p_pdpo",
          "valueType" : "FLOAT",
          "isRepeating" : false,
          "format" : {
            "xtype" : "xcp_float_formatter",
            "decimalPrecision" : 2,
            "useThousandSeparator" : true,
            "separatorStyle" : "LOCALE",
            "negativeNumberStyle" : "FORMAT_MINUS_SIGN_STYLE_NONE"
          },
          "sortable" : false,
          "menuDisabled" : true
        }, {
          "xcpId" : "results_list_page_link_column3",
          "xtype" : "xcp_results_list_column",
          "text" : "${_UI_Page_itk_administration_results_list_page_link_column3_text}",
          "width" : 75,
          "dataIndex" : "o_uimpo",
          "valueType" : "FLOAT",
          "isRepeating" : false,
          "format" : {
            "xtype" : "xcp_float_formatter",
            "decimalPrecision" : 2,
            "useThousandSeparator" : true,
            "separatorStyle" : "LOCALE",
            "negativeNumberStyle" : "FORMAT_MINUS_SIGN_STYLE_NONE"
          },
          "sortable" : false,
          "menuDisabled" : true
        }, {
          "xcpId" : "results_list_column99",
          "xtype" : "xcp_results_list_column",
          "text" : "${_UI_Page_itk_administration_results_list_column99_text}",
          "width" : 75,
          "dataIndex" : "p_uimpp",
          "valueType" : "FLOAT",
          "isRepeating" : false,
          "format" : {
            "xtype" : "xcp_float_formatter",
            "decimalPrecision" : 2,
            "useThousandSeparator" : true,
            "separatorStyle" : "LOCALE",
            "negativeNumberStyle" : "FORMAT_MINUS_SIGN_STYLE_NONE"
          },
          "sortable" : false,
          "menuDisabled" : true
        } ]
      } ]
    }, {
      "xcpId" : "tab2",
      "xtype" : "xcp_tab",
      "title" : "${_UI_Page_itk_administration_tab2_title}",
      "items" : [ {
        "xcpId" : "column_box6",
        "xtype" : "xcp_column_box",
        "title" : "${_UI_Page_itk_administration_column_box6_title}",
        "collapsible" : false,
        "collapsed" : false,
        "collapseFirst" : true,
        "border" : false,
        "defaultMargins" : "5",
        "layout" : "xcp_columnbox",
        "items" : [ {
          "xcpId" : "columnvbox11",
          "xtype" : "xcp_columnvbox",
          "orientation" : "Vertical",
          "overflow_x" : "hidden",
          "labelWidth" : 150,
          "labelAlign" : "left",
          "halign" : "left",
          "valign" : "top",
          "defaultMargins" : "5",
          "items" : [ {
            "xcpId" : "object_name",
            "xtype" : "xcp_value_display",
            "fieldLabel" : "${_UI_Page_itk_administration_object_name_fieldLabel}",
            "valueType" : "STRING",
            "isRepeating" : false,
            "plugins" : [ {
              "ptype" : "xcp_expression_properties",
              "expression" : [ {
                "propertyId" : "value",
                "setterFunName" : "setValue",
                "etype" : "itk_administration_object_name_value_1",
                "events" : [ "results_list_a.cellclick", "results_list_a.selectionchange", "results_list_b.cellclick", "results_list_b.selectionchange", "results_list_c.cellclick", "results_list_c.selectionchange" ],
                "disableInitialEval" : false,
                "disableProcessingOnRender" : false,
                "initialDefaultExprValue" : null
              } ]
            } ]
          }, {
            "xcpId" : "report_date",
            "xtype" : "xcp_value_display",
            "fieldLabel" : "${_UI_Page_itk_administration_report_date_fieldLabel}",
            "valueType" : "DATETIME",
            "isRepeating" : false,
            "format" : {
              "xtype" : "xcp_datetime_formatter",
              "dateFormat" : "short",
              "timeFormat" : "short",
              "dateStyle" : "datetime"
            },
            "plugins" : [ {
              "ptype" : "xcp_expression_properties",
              "expression" : [ {
                "propertyId" : "value",
                "setterFunName" : "setValue",
                "etype" : "itk_administration_report_date_value_1",
                "events" : [ "results_list_a.cellclick", "results_list_a.selectionchange", "results_list_b.cellclick", "results_list_b.selectionchange", "results_list_c.cellclick", "results_list_c.selectionchange" ],
                "disableInitialEval" : false,
                "disableProcessingOnRender" : false,
                "initialDefaultExprValue" : null
              } ]
            } ]
          }, {
            "xcpId" : "document_id",
            "xtype" : "xcp_value_display",
            "fieldLabel" : "${_UI_Page_itk_administration_document_id_fieldLabel}",
            "valueType" : "STRING",
            "isRepeating" : false,
            "plugins" : [ {
              "ptype" : "xcp_expression_properties",
              "expression" : [ {
                "propertyId" : "value",
                "setterFunName" : "setValue",
                "etype" : "itk_administration_document_id_value_1",
                "events" : [ "selected_doc_id.change" ],
                "disableInitialEval" : false,
                "disableProcessingOnRender" : false,
                "initialDefaultExprValue" : null
              } ]
            } ]
          }, {
            "xcpId" : "last_changed_date",
            "xtype" : "xcp_value_display",
            "fieldLabel" : "${_UI_Page_itk_administration_last_changed_date_fieldLabel}",
            "valueType" : "DATETIME",
            "isRepeating" : false,
            "format" : {
              "xtype" : "xcp_datetime_formatter",
              "dateFormat" : "short",
              "timeFormat" : "short",
              "dateStyle" : "datetime"
            },
            "plugins" : [ {
              "ptype" : "xcp_expression_properties",
              "expression" : [ {
                "propertyId" : "value",
                "setterFunName" : "setValue",
                "etype" : "itk_administration_last_changed_date_value_1",
                "events" : [ "results_list_a.cellclick", "results_list_a.selectionchange", "results_list_b.cellclick", "results_list_b.selectionchange", "results_list_c.cellclick", "results_list_c.selectionchange" ],
                "disableInitialEval" : false,
                "disableProcessingOnRender" : false,
                "initialDefaultExprValue" : null
              } ]
            } ]
          } ]
        }, {
          "xcpId" : "columnvbox12",
          "xtype" : "xcp_columnvbox",
          "orientation" : "Vertical",
          "overflow_x" : "hidden",
          "labelWidth" : 150,
          "labelAlign" : "left",
          "halign" : "left",
          "valign" : "top",
          "defaultMargins" : "5",
          "items" : [ {
            "xcpId" : "selected_doc_id",
            "xtype" : "xcp_text_input",
            "fieldLabel" : "${_UI_Page_itk_administration_selected_doc_id_fieldLabel}",
            "hstretch" : true,
            "valueType" : "STRING",
            "plugins" : [ {
              "ptype" : "xcp_expression_properties",
              "expression" : [ {
                "propertyId" : "readOnly",
                "setterFunName" : "setReadOnly",
                "disableProcessingOnRender" : false,
                "initialDefaultExprValue" : ""
              }, {
                "propertyId" : "hidden",
                "setterFunName" : "setHidden",
                "disableProcessingOnRender" : false,
                "initialDefaultExprValue" : ""
              }, {
                "propertyId" : "value",
                "setterFunName" : "setValue",
                "etype" : "itk_administration_selected_doc_id_value_1",
                "events" : [ "results_list_a.cellclick", "results_list_a.selectionchange", "results_list_b.cellclick", "results_list_b.selectionchange", "results_list_c.cellclick", "results_list_c.selectionchange" ],
                "disableInitialEval" : false,
                "disableProcessingOnRender" : false,
                "initialDefaultExprValue" : null
              } ]
            } ]
          }, {
            "xcpId" : "doc_format",
            "xtype" : "xcp_text_input",
            "fieldLabel" : "${_UI_Page_itk_administration_doc_format_fieldLabel}",
            "hstretch" : true,
            "valueType" : "STRING",
            "plugins" : [ {
              "ptype" : "xcp_expression_properties",
              "expression" : [ {
                "propertyId" : "readOnly",
                "setterFunName" : "setReadOnly",
                "disableProcessingOnRender" : false,
                "initialDefaultExprValue" : ""
              }, {
                "propertyId" : "hidden",
                "setterFunName" : "setHidden",
                "disableProcessingOnRender" : false,
                "initialDefaultExprValue" : ""
              }, {
                "propertyId" : "value",
                "setterFunName" : "setValue",
                "eventsBasedEtype" : [ {
                  "etype" : "itk_administration_doc_format_value_1",
                  "events" : [ "getdocformat_initiate_staless_ds.success" ]
                } ],
                "disableInitialEval" : true,
                "disableProcessingOnRender" : false,
                "initialDefaultExprValue" : ""
              } ]
            } ]
          } ]
        } ]
      }, {
        "xcpId" : "column_box5",
        "xtype" : "xcp_column_box",
        "collapsible" : false,
        "collapsed" : false,
        "collapseFirst" : true,
        "border" : false,
        "defaultMargins" : "5",
        "layout" : "xcp_columnbox",
        "items" : [ {
          "xcpId" : "columnvbox9",
          "xtype" : "xcp_columnvbox",
          "orientation" : "Vertical",
          "width" : "50%",
          "overflow_x" : "hidden",
          "labelWidth" : 150,
          "labelAlign" : "left",
          "halign" : "left",
          "valign" : "top",
          "defaultMargins" : "5",
          "items" : [ {
            "xcpId" : "results_list_a",
            "xtype" : "xcp_results_list",
            "title" : "${_UI_Page_itk_administration_results_list_a_title}",
            "typeName" : "xcp_dm_document",
            "modelName" : "itk_itrak_aging_rprts_outputs",
            "storeId" : "itrak_aging_rprts",
            "pageSize" : 10,
            "selectionModel" : false,
            "enableDragDrop" : false,
            "disableNavigationOnFirstColumn" : true,
            "allowDeselect" : true,
            "columns" : [ {
              "xcpId" : "results_list_page_link_column2",
              "xtype" : "xcp_results_list_page_link_column",
              "text" : "${_UI_Page_itk_administration_results_list_page_link_column2_text}",
              "width" : 300,
              "dataIndex" : "object_name",
              "valueType" : "STRING",
              "isRepeating" : false,
              "sortable" : false,
              "menuDisabled" : true
            }, {
              "xcpId" : "results_list_column35",
              "xtype" : "xcp_results_list_column",
              "text" : "${_UI_Page_itk_administration_results_list_column35_text}",
              "dataIndex" : "r_creation_date",
              "valueType" : "DATETIME",
              "isRepeating" : false,
              "format" : {
                "xtype" : "xcp_datetime_formatter",
                "dateFormat" : "short",
                "timeFormat" : "short",
                "dateStyle" : "datetime"
              },
              "sortable" : false,
              "menuDisabled" : true
            } ]
          }, {
            "xcpId" : "itb_button",
            "xtype" : "itb_button",
            "text" : "${_UI_Page_itk_administration_itb_button_text}",
            "behavior" : false,
            "debug" : false,
            "plugins" : [ {
              "ptype" : "xcp_expression_properties",
              "expression" : [ {
                "propertyId" : "externalURL",
                "setterFunName" : "setValue",
                "etype" : "itk_administration_itb_button_externalURL_1",
                "events" : [ "results_list_a.selectionchange" ],
                "disableInitialEval" : false,
                "disableProcessingOnRender" : false,
                "initialDefaultExprValue" : null
              }, {
                "propertyId" : "disabled",
                "setterFunName" : "setDisabled",
                "etype" : "itk_administration_itb_button_disabled_1",
                "events" : [ "results_list_a.cellclick" ],
                "disableInitialEval" : false,
                "disableProcessingOnRender" : false,
                "initialDefaultExprValue" : null
              } ]
            } ]
          } ]
        }, {
          "xcpId" : "columnvbox10",
          "xtype" : "xcp_columnvbox",
          "orientation" : "Vertical",
          "overflow_x" : "hidden",
          "labelWidth" : 150,
          "labelAlign" : "left",
          "halign" : "left",
          "valign" : "top",
          "defaultMargins" : "5",
          "items" : [ {
            "xcpId" : "results_list_b",
            "xtype" : "xcp_results_list",
            "title" : "${_UI_Page_itk_administration_results_list_b_title}",
            "typeName" : "xcp_dm_document",
            "modelName" : "itk_itrak_reconcl_rprts_outputs",
            "storeId" : "itrak_reconcl_rprts",
            "pageSize" : 10,
            "selectionModel" : false,
            "enableDragDrop" : false,
            "disableNavigationOnFirstColumn" : true,
            "allowDeselect" : true,
            "columns" : [ {
              "xcpId" : "results_list_page_link_column5",
              "xtype" : "xcp_results_list_page_link_column",
              "text" : "${_UI_Page_itk_administration_results_list_page_link_column5_text}",
              "width" : 300,
              "dataIndex" : "object_name",
              "valueType" : "STRING",
              "isRepeating" : false,
              "sortable" : false,
              "menuDisabled" : true
            }, {
              "xcpId" : "results_list_column36",
              "xtype" : "xcp_results_list_column",
              "text" : "${_UI_Page_itk_administration_results_list_column36_text}",
              "dataIndex" : "r_creation_date",
              "valueType" : "DATETIME",
              "isRepeating" : false,
              "format" : {
                "xtype" : "xcp_datetime_formatter",
                "dateFormat" : "short",
                "timeFormat" : "short",
                "dateStyle" : "datetime"
              },
              "sortable" : false,
              "menuDisabled" : true
            } ]
          }, {
            "xcpId" : "itb_button1",
            "xtype" : "itb_button",
            "text" : "${_UI_Page_itk_administration_itb_button1_text}",
            "behavior" : false,
            "debug" : false,
            "plugins" : [ {
              "ptype" : "xcp_expression_properties",
              "expression" : [ {
                "propertyId" : "externalURL",
                "setterFunName" : "setValue",
                "etype" : "itk_administration_itb_button1_externalURL_1",
                "events" : [ "results_list_b.selectionchange" ],
                "disableInitialEval" : false,
                "disableProcessingOnRender" : false,
                "initialDefaultExprValue" : null
              }, {
                "propertyId" : "disabled",
                "setterFunName" : "setDisabled",
                "etype" : "itk_administration_itb_button1_disabled_1",
                "events" : [ "results_list_b.cellclick" ],
                "disableInitialEval" : false,
                "disableProcessingOnRender" : false,
                "initialDefaultExprValue" : null
              } ]
            } ]
          } ]
        } ]
      }, {
        "xcpId" : "column_box7",
        "xtype" : "xcp_column_box",
        "collapsible" : false,
        "collapsed" : false,
        "collapseFirst" : true,
        "border" : false,
        "defaultMargins" : "5",
        "layout" : "xcp_columnbox",
        "items" : [ {
          "xcpId" : "columnvbox13",
          "xtype" : "xcp_columnvbox",
          "orientation" : "Vertical",
          "overflow_x" : "hidden",
          "labelWidth" : 150,
          "labelAlign" : "left",
          "halign" : "left",
          "valign" : "top",
          "defaultMargins" : "5",
          "items" : [ {
            "xcpId" : "results_list_c",
            "xtype" : "xcp_results_list",
            "title" : "${_UI_Page_itk_administration_results_list_c_title}",
            "typeName" : "xcp_dm_document",
            "modelName" : "itk_itrak_as400_output__outputs",
            "storeId" : "itrak_as400_output_",
            "pageSize" : 10,
            "selectionModel" : false,
            "enableDragDrop" : false,
            "disableNavigationOnFirstColumn" : true,
            "allowDeselect" : true,
            "columns" : [ {
              "xcpId" : "results_list_page_link_column6",
              "xtype" : "xcp_results_list_page_link_column",
              "text" : "${_UI_Page_itk_administration_results_list_page_link_column6_text}",
              "width" : 300,
              "dataIndex" : "object_name",
              "valueType" : "STRING",
              "isRepeating" : false,
              "sortable" : false,
              "menuDisabled" : true
            }, {
              "xcpId" : "results_list_column37",
              "xtype" : "xcp_results_list_column",
              "text" : "${_UI_Page_itk_administration_results_list_column37_text}",
              "dataIndex" : "r_creation_date",
              "valueType" : "DATETIME",
              "isRepeating" : false,
              "format" : {
                "xtype" : "xcp_datetime_formatter",
                "dateFormat" : "short",
                "timeFormat" : "short",
                "dateStyle" : "datetime"
              },
              "sortable" : false,
              "menuDisabled" : true
            } ]
          }, {
            "xcpId" : "itb_button2",
            "xtype" : "itb_button",
            "text" : "${_UI_Page_itk_administration_itb_button2_text}",
            "behavior" : false,
            "debug" : false,
            "plugins" : [ {
              "ptype" : "xcp_expression_properties",
              "expression" : [ {
                "propertyId" : "externalURL",
                "setterFunName" : "setValue",
                "etype" : "itk_administration_itb_button2_externalURL_1",
                "events" : [ "results_list_c.selectionchange" ],
                "disableInitialEval" : false,
                "disableProcessingOnRender" : false,
                "initialDefaultExprValue" : null
              }, {
                "propertyId" : "disabled",
                "setterFunName" : "setDisabled",
                "etype" : "itk_administration_itb_button2_disabled_1",
                "events" : [ "results_list_c.cellclick" ],
                "disableInitialEval" : false,
                "disableProcessingOnRender" : false,
                "initialDefaultExprValue" : null
              } ]
            } ]
          } ]
        }, {
          "xcpId" : "columnvbox19",
          "xtype" : "xcp_columnvbox",
          "orientation" : "Vertical",
          "overflow_x" : "hidden",
          "labelWidth" : 150,
          "labelAlign" : "left",
          "halign" : "left",
          "valign" : "top",
          "defaultMargins" : "5"
        } ]
      } ]
    }, {
      "xcpId" : "tab4",
      "xtype" : "xcp_tab",
      "title" : "${_UI_Page_itk_administration_tab4_title}",
      "plugins" : [ {
        "ptype" : "xcp_expression_properties",
        "expression" : [ {
          "propertyId" : "hidden",
          "setterFunName" : "setHidden",
          "etype" : "itk_administration_tab4_hidden_1",
          "disableProcessingOnRender" : true,
          "initialDefaultExprValue" : "true"
        } ]
      } ],
      "items" : [ {
        "xcpId" : "column_box9",
        "xtype" : "xcp_column_box",
        "collapsible" : false,
        "collapsed" : false,
        "collapseFirst" : true,
        "border" : false,
        "defaultMargins" : "5",
        "layout" : "xcp_columnbox",
        "items" : [ {
          "xcpId" : "columnvbox17",
          "xtype" : "xcp_columnvbox",
          "orientation" : "Vertical",
          "overflow_x" : "hidden",
          "labelWidth" : 150,
          "labelAlign" : "left",
          "halign" : "left",
          "valign" : "top",
          "defaultMargins" : "5",
          "items" : [ {
            "xcpId" : "search_paused_items_button",
            "xtype" : "xcp_button",
            "text" : "${_UI_Page_itk_administration_search_paused_items_button_text}",
            "actionInstanceId" : "getpausedworkitemlist_initiate_staless_ds",
            "redirectStyle" : "current"
          } ]
        }, {
          "xcpId" : "columnvbox18",
          "xtype" : "xcp_columnvbox",
          "orientation" : "Vertical",
          "overflow_x" : "hidden",
          "labelWidth" : 150,
          "labelAlign" : "left",
          "halign" : "left",
          "valign" : "top",
          "defaultMargins" : "5"
        } ]
      }, {
        "xcpId" : "results_list2",
        "xtype" : "xcp_results_list",
        "typeName" : "itk_getpausedworkitemlist_initiate",
        "modelName" : "itk_getpausedworkitemlist_initiate_staless_ds_outputs",
        "storeId" : "getpausedworkitemlist_initiate_staless_ds",
        "pageSize" : 10,
        "selectionModel" : false,
        "enableDragDrop" : true,
        "columns" : [ {
          "xcpId" : "results_list_page_link_column1",
          "xtype" : "xcp_results_list_page_link_column",
          "text" : "${_UI_Page_itk_administration_results_list_page_link_column1_text}",
          "width" : 125,
          "dataIndex" : "p_wf_id",
          "isRepeating" : false,
          "sortable" : false,
          "menuDisabled" : true
        }, {
          "xcpId" : "results_list_column32",
          "xtype" : "xcp_results_list_column",
          "text" : "${_UI_Page_itk_administration_results_list_column32_text}",
          "width" : 100,
          "dataIndex" : "p_runtime_state",
          "valueType" : "STRING",
          "isRepeating" : false,
          "sortable" : false,
          "menuDisabled" : true
        }, {
          "xcpId" : "results_list_column25",
          "xtype" : "xcp_results_list_column",
          "text" : "${_UI_Page_itk_administration_results_list_column25_text}",
          "width" : 125,
          "dataIndex" : "p_workitem_id",
          "valueType" : "STRING",
          "isRepeating" : false,
          "sortable" : false,
          "menuDisabled" : true
        }, {
          "xcpId" : "results_list_column26",
          "xtype" : "xcp_results_list_column",
          "text" : "${_UI_Page_itk_administration_results_list_column26_text}",
          "width" : 125,
          "dataIndex" : "p_queue_item_id",
          "valueType" : "STRING",
          "isRepeating" : false,
          "sortable" : false,
          "menuDisabled" : true
        }, {
          "xcpId" : "results_list_column30",
          "xtype" : "xcp_results_list_column",
          "text" : "${_UI_Page_itk_administration_results_list_column30_text}",
          "width" : 125,
          "dataIndex" : "p_component_id",
          "valueType" : "STRING",
          "isRepeating" : false,
          "sortable" : false,
          "menuDisabled" : true
        }, {
          "xcpId" : "results_list_column27",
          "xtype" : "xcp_results_list_column",
          "text" : "${_UI_Page_itk_administration_results_list_column27_text}",
          "width" : 100,
          "dataIndex" : "p_transaction_id",
          "valueType" : "STRING",
          "isRepeating" : false,
          "sortable" : false,
          "menuDisabled" : true
        }, {
          "xcpId" : "results_list_column28",
          "xtype" : "xcp_results_list_column",
          "text" : "${_UI_Page_itk_administration_results_list_column28_text}",
          "width" : 125,
          "dataIndex" : "p_transaction_type",
          "valueType" : "STRING",
          "isRepeating" : false,
          "sortable" : false,
          "menuDisabled" : true
        }, {
          "xcpId" : "results_list_column29",
          "xtype" : "xcp_results_list_column",
          "text" : "${_UI_Page_itk_administration_results_list_column29_text}",
          "width" : 125,
          "dataIndex" : "p_exception_date",
          "valueType" : "DATETIME",
          "isRepeating" : false,
          "format" : {
            "xtype" : "xcp_datetime_formatter",
            "dateFormat" : "short",
            "timeFormat" : "short",
            "dateStyle" : "datetime"
          },
          "sortable" : false,
          "menuDisabled" : true
        }, {
          "xcpId" : "results_list_column31",
          "xtype" : "xcp_results_list_column",
          "text" : "${_UI_Page_itk_administration_results_list_column31_text}",
          "width" : 75,
          "dataIndex" : "p_priority",
          "valueType" : "INTEGER",
          "isRepeating" : false,
          "format" : {
            "xtype" : "xcp_integer_formatter",
            "decimalPrecision" : 0,
            "useThousandSeparator" : true,
            "separatorStyle" : "LOCALE",
            "negativeNumberStyle" : "FORMAT_MINUS_SIGN_STYLE_NONE"
          },
          "sortable" : false,
          "menuDisabled" : true
        }, {
          "xcpId" : "results_list_column33",
          "xtype" : "xcp_results_list_column",
          "text" : "${_UI_Page_itk_administration_results_list_column33_text}",
          "width" : 150,
          "dataIndex" : "p_sla_status",
          "valueType" : "STRING",
          "isRepeating" : false,
          "sortable" : false,
          "menuDisabled" : true
        }, {
          "xcpId" : "results_list_column104",
          "xtype" : "xcp_results_list_column",
          "text" : "${_UI_Page_itk_administration_results_list_column104_text}",
          "width" : 150,
          "dataIndex" : "p_performer",
          "valueType" : "STRING",
          "isRepeating" : false,
          "sortable" : false,
          "menuDisabled" : true
        } ]
      } ]
    } ]
  } ]
}