{
  "cls" : "itk_exception_queues_pr",
  "padding" : "0",
  "border" : false,
  "pageTitle" : "${_UI_Page_itk_exception_queues_pr_title}",
  "xtype" : "xcp_form",
  "items" : [ {
    "xtype" : "xcp_action_container",
    "actions" : [ {
      "xcpId" : "getprocessornexttask_initiate_staless_ds",
      "actionModel" : "itk_getprocessornexttask_initiate_staless_ds_outputs",
      "inputModelName" : "itk_getprocessornexttask_initiate_staless_ds_inputs",
      "actionType" : "datasource",
      "plugins" : [ {
        "ptype" : "xcp_expression_properties",
        "expression" : [ {
          "propertyId" : "processVariables.p_performer_id",
          "setterFunName" : "setInputProperty",
          "etype" : "itk_exception_queues_pr_getprocessornexttask_initiate_staless_ds_processVariables_p_performer_id_1"
        } ],
        "mapping" : {
        }
      } ],
      "autoLoad" : true,
      "outputType" : "Object"
    } ]
  }, {
    "xtype" : "xcp_uievent_publisher",
    "plugins" : [ {
      "ptype" : "xcp_publish_uievents",
      "publish" : [ {
        "uievent" : "application.xcp_navigate_to_page",
        "events" : [ "getprocessornexttask_initiate_staless_ds.success" ],
        "inputMappings" : [ {
          "propertyId" : "page_id",
          "setterFunName" : "setPublishEventParameter",
          "etype" : "itk_exception_queues_pr_page_id_1",
          "events" : [ "getprocessornexttask_initiate_staless_ds.change" ],
          "disableInitialEval" : false
        } ]
      } ]
    } ]
  }, {
    "xcpId" : "column_box",
    "xtype" : "xcp_column_box",
    "collapsible" : false,
    "collapsed" : false,
    "collapseFirst" : true,
    "border" : false,
    "defaultMargins" : "5",
    "layout" : "xcp_columnbox",
    "items" : [ {
      "xcpId" : "columnvbox",
      "xtype" : "xcp_columnvbox",
      "orientation" : "Vertical",
      "overflow_x" : "hidden",
      "labelWidth" : 150,
      "labelAlign" : "left",
      "halign" : "left",
      "valign" : "top",
      "defaultMargins" : "5",
      "items" : [ {
        "xcpId" : "value_display",
        "xtype" : "xcp_value_display",
        "fieldLabel" : null,
        "valueType" : "STRING",
        "isRepeating" : false,
        "plugins" : [ {
          "ptype" : "xcp_expression_properties",
          "expression" : [ {
            "propertyId" : "value",
            "setterFunName" : "setValue",
            "eventsBasedEtype" : [ {
              "etype" : "itk_exception_queues_pr_value_display_value_2",
              "events" : [ "application.xcpui_on_page_load" ]
            }, {
              "etype" : "itk_exception_queues_pr_value_display_value_1",
              "events" : [ "getprocessornexttask_initiate_staless_ds.success" ]
            } ],
            "disableInitialEval" : true,
            "disableProcessingOnRender" : false,
            "initialDefaultExprValue" : ""
          } ]
        } ]
      } ]
    } ]
  } ]
}