{
  "cls" : "itk_srch_all_transact",
  "padding" : "0",
  "border" : false,
  "pageTitle" : "${_UI_Page_itk_srch_all_transact_title}",
  "xtype" : "xcp_form",
  "items" : [ {
    "xtype" : "xcp_action_container",
    "actions" : [ {
      "xcpId" : "all_transactions",
      "actionModel" : "itk_all_transactions_outputs",
      "inputModelName" : "itk_all_transactions_inputs",
      "actionType" : "datasource",
      "plugins" : [ {
        "ptype" : "xcp_expression_properties",
        "expression" : [ {
          "propertyId" : "input_transaction_id",
          "setterFunName" : "setInputProperty",
          "etype" : "itk_srch_all_transact_all_transactions_input_transaction_id_1",
          "events" : [ "transaction_id_input.change" ],
          "disableInitialEval" : false
        }, {
          "propertyId" : "input_transaction_source",
          "setterFunName" : "setInputProperty",
          "etype" : "itk_srch_all_transact_all_transactions_input_transaction_source_1",
          "events" : [ "transaction_source_input.change" ],
          "disableInitialEval" : false
        }, {
          "propertyId" : "input_transaction_type",
          "setterFunName" : "setInputProperty",
          "etype" : "itk_srch_all_transact_all_transactions_input_transaction_type_1",
          "events" : [ "transaction_type_input.change" ],
          "disableInitialEval" : false
        }, {
          "propertyId" : "input_loan_number",
          "setterFunName" : "setInputProperty",
          "etype" : "itk_srch_all_transact_all_transactions_input_loan_number_1",
          "events" : [ "loan_number_input.change" ],
          "disableInitialEval" : false
        }, {
          "propertyId" : "input_account_number",
          "setterFunName" : "setInputProperty",
          "etype" : "itk_srch_all_transact_all_transactions_input_account_number_1",
          "events" : [ "account_number_input.change" ],
          "disableInitialEval" : false
        }, {
          "propertyId" : "input_institution_code",
          "setterFunName" : "setInputProperty",
          "etype" : "itk_srch_all_transact_all_transactions_input_institution_code_1",
          "events" : [ "institution_code_input.change" ],
          "disableInitialEval" : false
        }, {
          "propertyId" : "input_policy_no",
          "setterFunName" : "setInputProperty",
          "etype" : "itk_srch_all_transact_all_transactions_input_policy_no_1",
          "events" : [ "policy_number_input.change" ],
          "disableInitialEval" : false
        }, {
          "propertyId" : "input_received_date",
          "setterFunName" : "setInputProperty",
          "etype" : "itk_srch_all_transact_all_transactions_input_received_date_1",
          "events" : [ "receive_date_from_input.change" ],
          "disableInitialEval" : false
        }, {
          "propertyId" : "input_received_date_",
          "setterFunName" : "setInputProperty",
          "etype" : "itk_srch_all_transact_all_transactions_input_received_date__1",
          "events" : [ "receive_date_to_input.change" ],
          "disableInitialEval" : false
        }, {
          "propertyId" : "input_transaction_status",
          "setterFunName" : "setInputProperty",
          "etype" : "itk_srch_all_transact_all_transactions_input_transaction_status_1",
          "events" : [ "transaction_status_input.change" ],
          "disableInitialEval" : false
        }, {
          "propertyId" : "input_transaction_zip",
          "setterFunName" : "setInputProperty",
          "etype" : "itk_srch_all_transact_all_transactions_input_transaction_zip_1",
          "events" : [ "zip_input.change" ],
          "disableInitialEval" : false
        }, {
          "propertyId" : "input_transaction_state",
          "setterFunName" : "setInputProperty",
          "etype" : "itk_srch_all_transact_all_transactions_input_transaction_state_1",
          "events" : [ "state_code_input.change" ],
          "disableInitialEval" : false
        }, {
          "propertyId" : "input_transaction_address",
          "setterFunName" : "setInputProperty",
          "etype" : "itk_srch_all_transact_all_transactions_input_transaction_address_1",
          "events" : [ "address_input.change" ],
          "disableInitialEval" : false
        }, {
          "propertyId" : "input_institutionalized_a",
          "setterFunName" : "setInputProperty",
          "etype" : "itk_srch_all_transact_all_transactions_input_institutionalized_a_1",
          "events" : [ "account_name_input.change" ],
          "disableInitialEval" : false
        } ],
        "mapping" : {
          "input_transaction_id" : ["transaction_id_input" ],
          "input_transaction_source" : ["transaction_source_input" ],
          "input_transaction_type" : ["transaction_type_input" ],
          "input_loan_number" : ["loan_number_input" ],
          "input_account_number" : ["account_number_input" ],
          "input_institution_code" : ["institution_code_input" ],
          "input_policy_no" : ["policy_number_input" ],
          "input_received_date" : ["receive_date_from_input" ],
          "input_received_date_" : ["receive_date_to_input" ],
          "input_transaction_status" : ["transaction_status_input" ],
          "input_transaction_zip" : ["zip_input" ],
          "input_transaction_state" : ["state_code_input" ],
          "input_transaction_address" : ["address_input" ],
          "input_institutionalized_a" : ["account_name_input" ]
        }
      } ],
      "autoLoad" : false,
      "pageSize" : 15
    } ]
  }, {
    "xtype" : "xcp_session_variable_container",
    "plugins" : [ {
      "ptype" : "xcp_expression_properties",
      "expression" : [ {
        "propertyId" : "itk_previous_page",
        "setterFunName" : "setSessionVariableValue",
        "etype" : "itk_srch_all_transact_itk_previous_page_1",
        "events" : [ "application.xcpui_on_page_load" ],
        "disableInitialEval" : true
      } ]
    } ]
  }, {
    "xtype" : "xcp_uievent_publisher",
    "plugins" : [ {
      "ptype" : "xcp_publish_uievents",
      "publish" : [ {
        "uievent" : "application.xcp_navigate_to_page",
        "events" : [ "reset_button.click" ],
        "inputMappings" : [ {
          "propertyId" : "page_id",
          "setterFunName" : "setPublishEventParameter",
          "etype" : "itk_srch_all_transact_page_id_1",
          "events" : [ "application.sessionVariableModified.itk_previous_page" ],
          "disableInitialEval" : false
        } ]
      } ]
    } ]
  }, {
    "xcpId" : "column_box",
    "xtype" : "xcp_column_box",
    "collapsible" : false,
    "collapsed" : false,
    "collapseFirst" : true,
    "border" : false,
    "defaultMargins" : "5",
    "layout" : "xcp_columnbox",
    "items" : [ {
      "xcpId" : "columnvbox",
      "xtype" : "xcp_columnvbox",
      "orientation" : "Vertical",
      "width" : "100%",
      "overflow_x" : "hidden",
      "labelWidth" : 150,
      "labelAlign" : "left",
      "halign" : "left",
      "valign" : "top",
      "defaultMargins" : "5",
      "items" : [ {
        "xcpId" : "column_box1",
        "xtype" : "xcp_column_box",
        "collapsible" : false,
        "collapsed" : false,
        "collapseFirst" : true,
        "border" : false,
        "defaultMargins" : "5",
        "layout" : "xcp_columnbox",
        "items" : [ {
          "xcpId" : "columnvbox1",
          "xtype" : "xcp_columnvbox",
          "orientation" : "Vertical",
          "width" : "100%",
          "overflow_x" : "hidden",
          "labelWidth" : 150,
          "labelAlign" : "left",
          "halign" : "left",
          "valign" : "top",
          "defaultMargins" : "5 5 5 5",
          "items" : [ {
            "xcpId" : "column_box3",
            "xtype" : "xcp_column_box",
            "title" : "${_UI_Page_itk_srch_all_transact_column_box3_title}",
            "collapsible" : true,
            "collapsed" : false,
            "collapseFirst" : true,
            "border" : false,
            "defaultMargins" : "5",
            "layout" : "xcp_columnbox",
            "items" : [ {
              "xcpId" : "columnvbox2",
              "xtype" : "xcp_columnvbox",
              "orientation" : "Vertical",
              "overflow_x" : "hidden",
              "labelWidth" : 150,
              "labelAlign" : "left",
              "halign" : "left",
              "valign" : "top",
              "defaultMargins" : "5",
              "items" : [ {
                "xcpId" : "transaction_id_input",
                "xtype" : "xcp_text_input",
                "fieldLabel" : "${_UI_Page_itk_srch_all_transact_transaction_id_input_fieldLabel}",
                "hstretch" : true,
                "valueType" : "STRING"
              }, {
                "xcpId" : "transaction_source_input",
                "xtype" : "xcp_dropdown_list",
                "fieldLabel" : "${_UI_Page_itk_srch_all_transact_transaction_source_input_fieldLabel}",
                "store" : "xcp.picklist.itk_transaction_source",
                "valueType" : "STRING"
              }, {
                "xcpId" : "transaction_type_input",
                "xtype" : "xcp_dropdown_list",
                "fieldLabel" : "${_UI_Page_itk_srch_all_transact_transaction_type_input_fieldLabel}",
                "store" : "xcp.picklist.itk_transaction_types",
                "valueType" : "STRING"
              }, {
                "xcpId" : "transaction_status_input",
                "xtype" : "xcp_dropdown_list",
                "fieldLabel" : "${_UI_Page_itk_srch_all_transact_transaction_status_input_fieldLabel}",
                "store" : "xcp.picklist.itk_transaction_status",
                "valueType" : "STRING"
              }, {
                "xcpId" : "institution_code_input",
                "xtype" : "xcp_text_input",
                "fieldLabel" : "${_UI_Page_itk_srch_all_transact_institution_code_input_fieldLabel}",
                "hstretch" : true,
                "valueType" : "STRING"
              } ]
            }, {
              "xcpId" : "columnvbox3",
              "xtype" : "xcp_columnvbox",
              "orientation" : "Vertical",
              "overflow_x" : "hidden",
              "labelWidth" : 150,
              "labelAlign" : "left",
              "halign" : "left",
              "valign" : "top",
              "defaultMargins" : "5",
              "items" : [ {
                "xcpId" : "account_number_input",
                "xtype" : "xcp_text_input",
                "fieldLabel" : "${_UI_Page_itk_srch_all_transact_account_number_input_fieldLabel}",
                "hstretch" : true,
                "valueType" : "STRING"
              }, {
                "xcpId" : "account_name_input",
                "xtype" : "xcp_text_input",
                "fieldLabel" : "${_UI_Page_itk_srch_all_transact_account_name_input_fieldLabel}",
                "hstretch" : true,
                "valueType" : "STRING"
              }, {
                "xcpId" : "loan_number_input",
                "xtype" : "xcp_text_input",
                "fieldLabel" : "${_UI_Page_itk_srch_all_transact_loan_number_input_fieldLabel}",
                "hstretch" : true,
                "valueType" : "STRING"
              }, {
                "xcpId" : "policy_number_input",
                "xtype" : "xcp_text_input",
                "fieldLabel" : "${_UI_Page_itk_srch_all_transact_policy_number_input_fieldLabel}",
                "hstretch" : true,
                "valueType" : "STRING"
              } ]
            }, {
              "xcpId" : "columnvbox6",
              "xtype" : "xcp_columnvbox",
              "orientation" : "Vertical",
              "overflow_x" : "hidden",
              "labelWidth" : 150,
              "labelAlign" : "left",
              "halign" : "left",
              "valign" : "top",
              "defaultMargins" : "5",
              "items" : [ {
                "xcpId" : "address_input",
                "xtype" : "xcp_text_input",
                "fieldLabel" : "${_UI_Page_itk_srch_all_transact_address_input_fieldLabel}",
                "hstretch" : true,
                "valueType" : "STRING"
              }, {
                "xcpId" : "state_code_input",
                "xtype" : "xcp_dropdown_list",
                "fieldLabel" : "${_UI_Page_itk_srch_all_transact_state_code_input_fieldLabel}",
                "store" : "xcp.picklist.itk_state_codes",
                "valueType" : "STRING"
              }, {
                "xcpId" : "zip_input",
                "xtype" : "xcp_text_input",
                "fieldLabel" : "${_UI_Page_itk_srch_all_transact_zip_input_fieldLabel}",
                "hstretch" : true,
                "valueType" : "STRING"
              } ]
            } ]
          }, {
            "xcpId" : "column_box2",
            "xtype" : "xcp_column_box",
            "collapsible" : false,
            "collapsed" : false,
            "collapseFirst" : true,
            "border" : false,
            "defaultMargins" : "5",
            "layout" : "xcp_columnbox",
            "items" : [ {
              "xcpId" : "columnvbox4",
              "xtype" : "xcp_columnvbox",
              "orientation" : "Vertical",
              "overflow_x" : "hidden",
              "labelWidth" : 150,
              "labelAlign" : "left",
              "halign" : "left",
              "valign" : "top",
              "defaultMargins" : "5",
              "items" : [ {
                "xcpId" : "receive_date_from_input",
                "xtype" : "xcp_date_time_input",
                "fieldLabel" : "${_UI_Page_itk_srch_all_transact_receive_date_from_input_fieldLabel}",
                "hstretch" : true,
                "format" : {
                  "xtype" : "xcp_datetime_formatter",
                  "dateFormat" : "short",
                  "timeFormat" : "short",
                  "dateStyle" : "date"
                },
                "valueType" : "DATETIME"
              } ]
            }, {
              "xcpId" : "columnvbox5",
              "xtype" : "xcp_columnvbox",
              "orientation" : "Vertical",
              "overflow_x" : "hidden",
              "labelWidth" : 150,
              "labelAlign" : "left",
              "halign" : "left",
              "valign" : "top",
              "defaultMargins" : "5",
              "items" : [ {
                "xcpId" : "receive_date_to_input",
                "xtype" : "xcp_date_time_input",
                "fieldLabel" : "${_UI_Page_itk_srch_all_transact_receive_date_to_input_fieldLabel}",
                "hstretch" : true,
                "format" : {
                  "xtype" : "xcp_datetime_formatter",
                  "dateFormat" : "short",
                  "timeFormat" : "short",
                  "dateStyle" : "date"
                },
                "valueType" : "DATETIME"
              } ]
            }, {
              "xcpId" : "columnvbox8",
              "xtype" : "xcp_columnvbox",
              "orientation" : "Vertical",
              "overflow_x" : "hidden",
              "labelWidth" : 150,
              "labelAlign" : "left",
              "halign" : "left",
              "valign" : "top",
              "defaultMargins" : "5"
            } ]
          } ]
        } ]
      }, {
        "xcpId" : "column_box6",
        "xtype" : "xcp_column_box",
        "collapsible" : false,
        "collapsed" : false,
        "collapseFirst" : true,
        "border" : false,
        "defaultMargins" : "5",
        "layout" : "xcp_columnbox",
        "items" : [ {
          "xcpId" : "columnvbox10",
          "xtype" : "xcp_columnhbox",
          "orientation" : "Horizontal",
          "width" : "100%",
          "overflow_x" : "hidden",
          "labelWidth" : 150,
          "defaultMargins" : "5",
          "labelAlign" : "left",
          "halign" : "left",
          "valign" : "top",
          "items" : [ {
            "xcpId" : "search_button",
            "xtype" : "xcp_button",
            "text" : "${_UI_Page_itk_srch_all_transact_search_button_text}",
            "actionInstanceId" : "all_transactions",
            "redirectStyle" : "current"
          }, {
            "xcpId" : "reset_button",
            "xtype" : "xcp_button",
            "text" : "${_UI_Page_itk_srch_all_transact_reset_button_text}",
            "action" : {
              "redirectStyle" : "specified",
              "actionType" : "xcp_gotopage",
              "pageSelectionType" : "page"
            },
            "plugins" : [ {
              "ptype" : "xcp_expression_properties",
              "expression" : [ {
                "propertyId" : "redirectPageUrlName",
                "setterFunName" : "setRedirectPageUrlName",
                "etype" : "itk_srch_all_transact_xcp_gotopage_redirectPageUrlName_1",
                "events" : [ "application.sessionVariableModified.itk_previous_page" ],
                "disableInitialEval" : false,
                "disableProcessingOnRender" : false,
                "initialDefaultExprValue" : ""
              } ]
            } ]
          } ]
        } ]
      }, {
        "xcpId" : "column_box5",
        "xtype" : "xcp_column_box",
        "collapsible" : false,
        "collapsed" : false,
        "collapseFirst" : true,
        "border" : false,
        "defaultMargins" : "5",
        "layout" : "xcp_columnbox",
        "items" : [ {
          "xcpId" : "columnvbox7",
          "xtype" : "xcp_columnvbox",
          "orientation" : "Vertical",
          "overflow_x" : "hidden",
          "labelWidth" : 150,
          "labelAlign" : "left",
          "halign" : "left",
          "valign" : "top",
          "defaultMargins" : "5",
          "items" : [ {
            "xcpId" : "results_list",
            "xtype" : "xcp_results_list",
            "typeName" : "itk_transaction",
            "modelName" : "itk_all_transactions_outputs",
            "storeId" : "all_transactions",
            "pageSize" : 15,
            "selectionModel" : false,
            "enableDragDrop" : true,
            "columns" : [ {
              "xcpId" : "results_list_page_link_column",
              "xtype" : "xcp_results_list_page_link_column",
              "text" : "${_UI_Page_itk_srch_all_transact_results_list_page_link_column_text}",
              "width" : 100,
              "dataIndex" : "transaction_id",
              "valueType" : "STRING",
              "isRepeating" : false,
              "sortable" : true,
              "menuDisabled" : false
            }, {
              "xcpId" : "results_list_column",
              "xtype" : "xcp_results_list_column",
              "text" : "${_UI_Page_itk_srch_all_transact_results_list_column_text}",
              "width" : 150,
              "dataIndex" : "transaction_source",
              "valueType" : "STRING",
              "isRepeating" : false,
              "sortable" : true,
              "menuDisabled" : false
            }, {
              "xcpId" : "results_list_column1",
              "xtype" : "xcp_results_list_column",
              "text" : "${_UI_Page_itk_srch_all_transact_results_list_column1_text}",
              "width" : 75,
              "dataIndex" : "transaction_type",
              "valueType" : "STRING",
              "isRepeating" : false,
              "sortable" : true,
              "menuDisabled" : false
            }, {
              "xcpId" : "results_list_column2",
              "xtype" : "xcp_results_list_column",
              "text" : "${_UI_Page_itk_srch_all_transact_results_list_column2_text}",
              "width" : 75,
              "dataIndex" : "transaction_status",
              "valueType" : "STRING",
              "isRepeating" : false,
              "sortable" : true,
              "menuDisabled" : false
            }, {
              "xcpId" : "results_list_column3",
              "xtype" : "xcp_results_list_column",
              "text" : "${_UI_Page_itk_srch_all_transact_results_list_column3_text}",
              "width" : 75,
              "dataIndex" : "account_number",
              "valueType" : "STRING",
              "isRepeating" : false,
              "sortable" : true,
              "menuDisabled" : false
            }, {
              "xcpId" : "results_list_column4",
              "xtype" : "xcp_results_list_column",
              "text" : "${_UI_Page_itk_srch_all_transact_results_list_column4_text}",
              "width" : 150,
              "dataIndex" : "account_name",
              "valueType" : "STRING",
              "isRepeating" : false,
              "sortable" : true,
              "menuDisabled" : false
            }, {
              "xcpId" : "results_list_column5",
              "xtype" : "xcp_results_list_column",
              "text" : "${_UI_Page_itk_srch_all_transact_results_list_column5_text}",
              "width" : 75,
              "dataIndex" : "institution_code",
              "valueType" : "STRING",
              "isRepeating" : false,
              "sortable" : true,
              "menuDisabled" : false
            }, {
              "xcpId" : "results_list_column6",
              "xtype" : "xcp_results_list_column",
              "text" : "${_UI_Page_itk_srch_all_transact_results_list_column6_text}",
              "width" : 100,
              "dataIndex" : "received_date",
              "valueType" : "DATETIME",
              "isRepeating" : false,
              "format" : {
                "xtype" : "xcp_datetime_formatter",
                "dateFormat" : "short",
                "timeFormat" : "short",
                "dateStyle" : "datetime"
              },
              "sortable" : true,
              "menuDisabled" : false
            }, {
              "xcpId" : "results_list_column7",
              "xtype" : "xcp_results_list_column",
              "text" : "${_UI_Page_itk_srch_all_transact_results_list_column7_text}",
              "width" : 150,
              "dataIndex" : "loan_number",
              "valueType" : "STRING",
              "isRepeating" : false,
              "sortable" : true,
              "menuDisabled" : false
            }, {
              "xcpId" : "results_list_column8",
              "xtype" : "xcp_results_list_column",
              "text" : "${_UI_Page_itk_srch_all_transact_results_list_column8_text}",
              "width" : 150,
              "dataIndex" : "policy_no",
              "valueType" : "STRING",
              "isRepeating" : false,
              "sortable" : true,
              "menuDisabled" : false
            }, {
              "xcpId" : "results_list_column9",
              "xtype" : "xcp_results_list_column",
              "text" : "${_UI_Page_itk_srch_all_transact_results_list_column9_text}",
              "width" : 75,
              "dataIndex" : "transaction_zip",
              "valueType" : "STRING",
              "isRepeating" : false,
              "sortable" : true,
              "menuDisabled" : false
            }, {
              "xcpId" : "results_list_column10",
              "xtype" : "xcp_results_list_column",
              "text" : "${_UI_Page_itk_srch_all_transact_results_list_column10_text}",
              "width" : 50,
              "dataIndex" : "transaction_state",
              "valueType" : "STRING",
              "isRepeating" : false,
              "sortable" : true,
              "menuDisabled" : false
            }, {
              "xcpId" : "results_list_column11",
              "xtype" : "xcp_results_list_column",
              "text" : "${_UI_Page_itk_srch_all_transact_results_list_column11_text}",
              "width" : 200,
              "dataIndex" : "transaction_address_1",
              "valueType" : "STRING",
              "isRepeating" : false,
              "sortable" : true,
              "menuDisabled" : false
            } ]
          } ]
        } ]
      } ]
    } ]
  } ]
}