{
  "name" : "process-type",
  "type" : "itk_exceptionprocess",
  "label" : "ExceptionProcess",
  "runnable-stateless" : false,
  "urn" : "urn:itk:com.emc.ide.artifact.process:Artifacts/Processes/exceptionprocess.process",
  "properties" : [ {
    "name" : "process_id",
    "label" : "process_id",
    "type" : "string",
    "length" : 64
  }, {
    "name" : "status",
    "label" : "status",
    "type" : "string",
    "length" : 64
  }, {
    "name" : "id",
    "label" : "id",
    "type" : "string",
    "length" : 64
  }, {
    "name" : "r_runtime_state",
    "label" : "r_runtime_state",
    "type" : "integer"
  }, {
    "name" : "correlation_identifier",
    "label" : "correlation_identifier",
    "type" : "string",
    "length" : 64
  }, {
    "name" : "object_name",
    "label" : "object_name",
    "type" : "string",
    "length" : 64
  }, {
    "name" : "r_creator_name",
    "label" : "r_creator_name",
    "type" : "string",
    "length" : 64
  }, {
    "name" : "r_start_date",
    "label" : "r_start_date",
    "type" : "datetime"
  }, {
    "name" : "supervisor_name",
    "label" : "supervisor_name",
    "type" : "string",
    "length" : 64
  }, {
    "name" : "supervisor_address",
    "label" : "supervisor_address",
    "type" : "string",
    "length" : 64
  } ],
  "tasks" : [ {
    "rel" : "http://identifiers.emc.com/linkrel/task",
    "href" : "${contextPath}types/processes/itk_exceptionprocess/tasks/itk_initiate"
  }, {
    "rel" : "http://identifiers.emc.com/linkrel/task",
    "href" : "${contextPath}types/processes/itk_exceptionprocess/tasks/itk_priotitze"
  }, {
    "rel" : "http://identifiers.emc.com/linkrel/task",
    "href" : "${contextPath}types/processes/itk_exceptionprocess/tasks/itk_are_there_exception"
  }, {
    "rel" : "http://identifiers.emc.com/linkrel/task",
    "href" : "${contextPath}types/processes/itk_exceptionprocess/tasks/itk_has_exception_2"
  }, {
    "rel" : "http://identifiers.emc.com/linkrel/task",
    "href" : "${contextPath}types/processes/itk_exceptionprocess/tasks/itk_end_process"
  }, {
    "rel" : "http://identifiers.emc.com/linkrel/task",
    "href" : "${contextPath}types/processes/itk_exceptionprocess/tasks/itk_auto_matching_excep"
  }, {
    "rel" : "http://identifiers.emc.com/linkrel/task",
    "href" : "${contextPath}types/processes/itk_exceptionprocess/tasks/itk_auto_exception_task"
  }, {
    "rel" : "http://identifiers.emc.com/linkrel/task",
    "href" : "${contextPath}types/processes/itk_exceptionprocess/tasks/itk_choose_work_queue_c"
  }, {
    "rel" : "http://identifiers.emc.com/linkrel/task",
    "href" : "${contextPath}types/processes/itk_exceptionprocess/tasks/itk_recognition_and_dec"
  }, {
    "rel" : "http://identifiers.emc.com/linkrel/task",
    "href" : "${contextPath}types/processes/itk_exceptionprocess/tasks/itk_needs_follow_up"
  }, {
    "rel" : "http://identifiers.emc.com/linkrel/task",
    "href" : "${contextPath}types/processes/itk_exceptionprocess/tasks/itk_needs_follow_up_4"
  }, {
    "rel" : "http://identifiers.emc.com/linkrel/task",
    "href" : "${contextPath}types/processes/itk_exceptionprocess/tasks/itk_evaluate_exception_"
  }, {
    "rel" : "http://identifiers.emc.com/linkrel/task",
    "href" : "${contextPath}types/processes/itk_exceptionprocess/tasks/itk_determine_more_exce"
  }, {
    "rel" : "http://identifiers.emc.com/linkrel/task",
    "href" : "${contextPath}types/processes/itk_exceptionprocess/tasks/itk_is_utl"
  } ],
  "flows" : [ {
    "source" : "${contextPath}types/processes/itk_exceptionprocess/tasks/itk_are_there_exception",
    "target" : "${contextPath}types/processes/itk_exceptionprocess/tasks/itk_priotitze",
    "flow-type" : "regular"
  }, {
    "source" : "${contextPath}types/processes/itk_exceptionprocess/tasks/itk_has_exception_2",
    "target" : "${contextPath}types/processes/itk_exceptionprocess/tasks/itk_end_process",
    "flow-type" : "regular"
  }, {
    "source" : "${contextPath}types/processes/itk_exceptionprocess/tasks/itk_are_there_exception",
    "target" : "${contextPath}types/processes/itk_exceptionprocess/tasks/itk_end_process",
    "flow-type" : "regular"
  }, {
    "source" : "${contextPath}types/processes/itk_exceptionprocess/tasks/itk_priotitze",
    "target" : "${contextPath}types/processes/itk_exceptionprocess/tasks/itk_choose_work_queue_c",
    "flow-type" : "regular"
  }, {
    "source" : "${contextPath}types/processes/itk_exceptionprocess/tasks/itk_choose_work_queue_c",
    "target" : "${contextPath}types/processes/itk_exceptionprocess/tasks/itk_auto_matching_excep",
    "flow-type" : "regular"
  }, {
    "source" : "${contextPath}types/processes/itk_exceptionprocess/tasks/itk_choose_work_queue_c",
    "target" : "${contextPath}types/processes/itk_exceptionprocess/tasks/itk_auto_exception_task",
    "flow-type" : "regular"
  }, {
    "source" : "${contextPath}types/processes/itk_exceptionprocess/tasks/itk_has_exception_2",
    "target" : "${contextPath}types/processes/itk_exceptionprocess/tasks/itk_priotitze",
    "flow-type" : "regular"
  }, {
    "source" : "${contextPath}types/processes/itk_exceptionprocess/tasks/itk_auto_exception_task",
    "target" : "${contextPath}types/processes/itk_exceptionprocess/tasks/itk_needs_follow_up",
    "flow-type" : "regular"
  }, {
    "source" : "${contextPath}types/processes/itk_exceptionprocess/tasks/itk_needs_follow_up",
    "target" : "${contextPath}types/processes/itk_exceptionprocess/tasks/itk_recognition_and_dec",
    "flow-type" : "regular"
  }, {
    "source" : "${contextPath}types/processes/itk_exceptionprocess/tasks/itk_auto_matching_excep",
    "target" : "${contextPath}types/processes/itk_exceptionprocess/tasks/itk_needs_follow_up_4",
    "flow-type" : "regular"
  }, {
    "source" : "${contextPath}types/processes/itk_exceptionprocess/tasks/itk_needs_follow_up_4",
    "target" : "${contextPath}types/processes/itk_exceptionprocess/tasks/itk_recognition_and_dec",
    "flow-type" : "regular"
  }, {
    "source" : "${contextPath}types/processes/itk_exceptionprocess/tasks/itk_initiate",
    "target" : "${contextPath}types/processes/itk_exceptionprocess/tasks/itk_evaluate_exception_",
    "flow-type" : "regular"
  }, {
    "source" : "${contextPath}types/processes/itk_exceptionprocess/tasks/itk_evaluate_exception_",
    "target" : "${contextPath}types/processes/itk_exceptionprocess/tasks/itk_are_there_exception",
    "flow-type" : "regular"
  }, {
    "source" : "${contextPath}types/processes/itk_exceptionprocess/tasks/itk_needs_follow_up_4",
    "target" : "${contextPath}types/processes/itk_exceptionprocess/tasks/itk_auto_matching_excep",
    "flow-type" : "regular"
  }, {
    "source" : "${contextPath}types/processes/itk_exceptionprocess/tasks/itk_needs_follow_up",
    "target" : "${contextPath}types/processes/itk_exceptionprocess/tasks/itk_auto_exception_task",
    "flow-type" : "regular"
  }, {
    "source" : "${contextPath}types/processes/itk_exceptionprocess/tasks/itk_determine_more_exce",
    "target" : "${contextPath}types/processes/itk_exceptionprocess/tasks/itk_has_exception_2",
    "flow-type" : "regular"
  }, {
    "source" : "${contextPath}types/processes/itk_exceptionprocess/tasks/itk_recognition_and_dec",
    "target" : "${contextPath}types/processes/itk_exceptionprocess/tasks/itk_is_utl",
    "flow-type" : "regular"
  }, {
    "source" : "${contextPath}types/processes/itk_exceptionprocess/tasks/itk_is_utl",
    "target" : "${contextPath}types/processes/itk_exceptionprocess/tasks/itk_determine_more_exce",
    "flow-type" : "regular"
  }, {
    "source" : "${contextPath}types/processes/itk_exceptionprocess/tasks/itk_is_utl",
    "target" : "${contextPath}types/processes/itk_exceptionprocess/tasks/itk_end_process",
    "flow-type" : "regular"
  } ],
  "data" : {
    "packages" : [ {
      "name" : "package3",
      "label" : "package3",
      "mandatory" : true,
      "visible" : true,
      "version-label" : "CURRENT",
      "type" : "${contextPath}types/business-objects/itk_trans_decision"
    }, {
      "name" : "package2",
      "label" : "package2",
      "mandatory" : true,
      "visible" : true,
      "version-label" : "CURRENT",
      "type" : "${contextPath}types/business-objects/itk_trans_exception"
    }, {
      "name" : "package1",
      "label" : "package1",
      "mandatory" : true,
      "visible" : true,
      "version-label" : "CURRENT",
      "type" : "${contextPath}types/business-objects/itk_trans_edit"
    }, {
      "name" : "package0",
      "label" : "package0",
      "mandatory" : true,
      "visible" : true,
      "version-label" : "CURRENT",
      "type" : "${contextPath}types/contents/itk_transaction"
    }, {
      "name" : "package4",
      "label" : "package4",
      "mandatory" : true,
      "visible" : true,
      "version-label" : "CURRENT",
      "type" : "${contextPath}types/business-objects/itk_as400_output"
    } ],
    "variables" : [ {
      "name" : "p_current_wq_priority",
      "label" : "p_current_wq_priority",
      "type" : "string",
      "repeating" : false,
      "default-value" : null,
      "mandatory" : false
    }, {
      "name" : "p_current_wq_category",
      "label" : "p_current_wq_category",
      "type" : "string",
      "repeating" : false,
      "default-value" : null,
      "mandatory" : false
    }, {
      "name" : "p_task_status_display",
      "label" : "p_task_status_display",
      "type" : "string",
      "repeating" : false,
      "default-value" : null,
      "mandatory" : false
    }, {
      "name" : "p_exception_total",
      "label" : "p_exception_total",
      "type" : "integer",
      "repeating" : false,
      "default-value" : "0",
      "mandatory" : false
    } ]
  },
  "links" : [ {
    "rel" : "self",
    "href" : "${contextPath}types/processes/itk_exceptionprocess"
  }, {
    "rel" : "http://identifiers.emc.com/linkrel/instances",
    "href" : "${contextPath}processes/itk_exceptionprocess"
  }, {
    "rel" : "http://identifiers.emc.com/linkrel/halt"
  }, {
    "rel" : "http://identifiers.emc.com/linkrel/resume"
  }, {
    "rel" : "http://identifiers.emc.com/linkrel/terminate"
  }, {
    "rel" : "http://identifiers.emc.com/linkrel/tasks"
  }, {
    "rel" : "http://identifiers.emc.com/linkrel/attachments"
  } ]
}