{
  "cls" : "itk_transaction_edit_transaction_pr",
  "padding" : "0",
  "border" : false,
  "xtype" : "xcp_form",
  "modelImmutable" : true,
  "models" : [ "itk_transaction" ],
  "items" : [ {
    "xtype" : "xcp_action_container",
    "actions" : [ {
      "xcpId" : "da_def_update_transaction_1",
      "actionModel" : "itk_da_def_update_transaction",
      "actionType" : "update",
      "plugins" : [ {
        "ptype" : "xcp_expression_properties",
        "expression" : [ {
          "propertyId" : "id",
          "setterFunName" : "setInputProperty",
          "etype" : "itk_edit_transaction_pr_da_def_update_transaction_1_id_1",
          "events" : [ "itk_transaction.change", "itk_transaction.load" ],
          "disableInitialEval" : false
        }, {
          "propertyId" : "account_number",
          "setterFunName" : "setInputProperty",
          "etype" : "itk_edit_transaction_pr_da_def_update_transaction_1_account_number_1",
          "events" : [ "account_number.change" ],
          "disableInitialEval" : false
        }, {
          "propertyId" : "agency_number",
          "setterFunName" : "setInputProperty",
          "etype" : "itk_edit_transaction_pr_da_def_update_transaction_1_agency_number_1",
          "events" : [ "agency_number.change" ],
          "disableInitialEval" : false
        }, {
          "propertyId" : "posting_reject",
          "setterFunName" : "setInputProperty",
          "etype" : "itk_edit_transaction_pr_da_def_update_transaction_1_posting_reject_1",
          "events" : [ "posting_reject.change" ],
          "disableInitialEval" : false
        }, {
          "propertyId" : "business_type",
          "setterFunName" : "setInputProperty",
          "etype" : "itk_edit_transaction_pr_da_def_update_transaction_1_business_type_1",
          "events" : [ "business_type.change" ],
          "disableInitialEval" : false
        }, {
          "propertyId" : "call_date",
          "setterFunName" : "setInputProperty",
          "etype" : "itk_edit_transaction_pr_da_def_update_transaction_1_call_date_1",
          "events" : [ "call_date.change" ],
          "disableInitialEval" : false
        }, {
          "propertyId" : "call_tag",
          "setterFunName" : "setInputProperty",
          "etype" : "itk_edit_transaction_pr_da_def_update_transaction_1_call_tag_1",
          "events" : [ "call_tag.change" ],
          "disableInitialEval" : false
        }, {
          "propertyId" : "current_event_group",
          "setterFunName" : "setInputProperty",
          "etype" : "itk_edit_transaction_pr_da_def_update_transaction_1_current_event_group_1",
          "events" : [ "current_event_group.change" ],
          "disableInitialEval" : false
        }, {
          "propertyId" : "doc_delivery_date",
          "setterFunName" : "setInputProperty",
          "etype" : "itk_edit_transaction_pr_da_def_update_transaction_1_doc_delivery_date_1",
          "events" : [ "doc_delivery_date.change" ],
          "disableInitialEval" : false
        }, {
          "propertyId" : "escrow_ind",
          "setterFunName" : "setInputProperty",
          "etype" : "itk_edit_transaction_pr_da_def_update_transaction_1_escrow_ind_1",
          "events" : [ "escrow_ind.change" ],
          "disableInitialEval" : false
        }, {
          "propertyId" : "follow_up_date",
          "setterFunName" : "setInputProperty",
          "etype" : "itk_edit_transaction_pr_da_def_update_transaction_1_follow_up_date_1",
          "events" : [ "follow_up_date.change" ],
          "disableInitialEval" : false
        }, {
          "propertyId" : "follow_up_reason",
          "setterFunName" : "setInputProperty",
          "etype" : "itk_edit_transaction_pr_da_def_update_transaction_1_follow_up_reason_1",
          "events" : [ "follow_up_reason.change" ],
          "disableInitialEval" : false
        }, {
          "propertyId" : "account_name",
          "setterFunName" : "setInputProperty",
          "etype" : "itk_edit_transaction_pr_da_def_update_transaction_1_account_name_1",
          "events" : [ "account_name.change" ],
          "disableInitialEval" : false
        }, {
          "propertyId" : "institution_code",
          "setterFunName" : "setInputProperty",
          "etype" : "itk_edit_transaction_pr_da_def_update_transaction_1_institution_code_1",
          "events" : [ "institution_code.change" ],
          "disableInitialEval" : false
        }, {
          "propertyId" : "line_del_counter",
          "setterFunName" : "setInputProperty",
          "etype" : "itk_edit_transaction_pr_da_def_update_transaction_1_line_del_counter_1",
          "events" : [ "line_del_counter.change" ],
          "disableInitialEval" : false
        }, {
          "propertyId" : "line_escrow_flag",
          "setterFunName" : "setInputProperty",
          "etype" : "itk_edit_transaction_pr_da_def_update_transaction_1_line_escrow_flag_1",
          "events" : [ "line_escrow_flag.change" ],
          "disableInitialEval" : false
        }, {
          "propertyId" : "line_waive_initials",
          "setterFunName" : "setInputProperty",
          "etype" : "itk_edit_transaction_pr_da_def_update_transaction_1_line_waive_initials_1",
          "events" : [ "line_waive_initials.change" ],
          "disableInitialEval" : false
        }, {
          "propertyId" : "loan_number",
          "setterFunName" : "setInputProperty",
          "etype" : "itk_edit_transaction_pr_da_def_update_transaction_1_loan_number_1",
          "events" : [ "loan_number.change" ],
          "disableInitialEval" : false
        }, {
          "propertyId" : "loan_suffix",
          "setterFunName" : "setInputProperty",
          "etype" : "itk_edit_transaction_pr_da_def_update_transaction_1_loan_suffix_1",
          "events" : [ "loan_suffix.change" ],
          "disableInitialEval" : false
        }, {
          "propertyId" : "matched_loan_number",
          "setterFunName" : "setInputProperty",
          "etype" : "itk_edit_transaction_pr_da_def_update_transaction_1_matched_loan_number_1",
          "events" : [ "matched_loan_number.change" ],
          "disableInitialEval" : false
        }, {
          "propertyId" : "matched_loan_score",
          "setterFunName" : "setInputProperty",
          "etype" : "itk_edit_transaction_pr_da_def_update_transaction_1_matched_loan_score_1",
          "events" : [ "matched_loan_score.change" ],
          "disableInitialEval" : false
        }, {
          "propertyId" : "matched_loan_status",
          "setterFunName" : "setInputProperty",
          "etype" : "itk_edit_transaction_pr_da_def_update_transaction_1_matched_loan_status_1",
          "events" : [ "matched_loan_status.change" ],
          "disableInitialEval" : false
        }, {
          "propertyId" : "matched_loan_suffix",
          "setterFunName" : "setInputProperty",
          "etype" : "itk_edit_transaction_pr_da_def_update_transaction_1_matched_loan_suffix_1",
          "events" : [ "matched_loan_suffix.change" ],
          "disableInitialEval" : false
        }, {
          "propertyId" : "match_unique_id",
          "setterFunName" : "setInputProperty",
          "etype" : "itk_edit_transaction_pr_da_def_update_transaction_1_match_unique_id_1",
          "events" : [ "match_unique_id.change" ],
          "disableInitialEval" : false
        }, {
          "propertyId" : "overnight_flag",
          "setterFunName" : "setInputProperty",
          "etype" : "itk_edit_transaction_pr_da_def_update_transaction_1_overnight_flag_1",
          "events" : [ "overnight_flag.change" ],
          "disableInitialEval" : false
        }, {
          "propertyId" : "matched_loan_override",
          "setterFunName" : "setInputProperty",
          "etype" : "itk_edit_transaction_pr_da_def_update_transaction_1_matched_loan_override_1",
          "events" : [ "matched_loan_override.change" ],
          "disableInitialEval" : false
        }, {
          "propertyId" : "policy_no",
          "setterFunName" : "setInputProperty",
          "etype" : "itk_edit_transaction_pr_da_def_update_transaction_1_policy_no_1",
          "events" : [ "policy_no.change" ],
          "disableInitialEval" : false
        }, {
          "propertyId" : "received_date",
          "setterFunName" : "setInputProperty",
          "etype" : "itk_edit_transaction_pr_da_def_update_transaction_1_received_date_1",
          "events" : [ "received_date.change" ],
          "disableInitialEval" : false
        }, {
          "propertyId" : "transaction_address_1",
          "setterFunName" : "setInputProperty",
          "etype" : "itk_edit_transaction_pr_da_def_update_transaction_1_transaction_address_1_1",
          "events" : [ "transaction_address_1.change" ],
          "disableInitialEval" : false
        }, {
          "propertyId" : "transaction_channel",
          "setterFunName" : "setInputProperty",
          "etype" : "itk_edit_transaction_pr_da_def_update_transaction_1_transaction_channel_1",
          "events" : [ "transaction_channel.change" ],
          "disableInitialEval" : false
        }, {
          "propertyId" : "trans_comments",
          "setterFunName" : "setInputProperty",
          "etype" : "itk_edit_transaction_pr_da_def_update_transaction_1_trans_comments_1",
          "events" : [ "trans_comments.change" ],
          "disableInitialEval" : false
        }, {
          "propertyId" : "transaction_id",
          "setterFunName" : "setInputProperty",
          "etype" : "itk_edit_transaction_pr_da_def_update_transaction_1_transaction_id_1",
          "events" : [ "transaction_id.change" ],
          "disableInitialEval" : false
        }, {
          "propertyId" : "transaction_origin",
          "setterFunName" : "setInputProperty",
          "etype" : "itk_edit_transaction_pr_da_def_update_transaction_1_transaction_origin_1",
          "events" : [ "transaction_origin.change" ],
          "disableInitialEval" : false
        }, {
          "propertyId" : "transaction_source",
          "setterFunName" : "setInputProperty",
          "etype" : "itk_edit_transaction_pr_da_def_update_transaction_1_transaction_source_1",
          "events" : [ "transaction_source.change" ],
          "disableInitialEval" : false
        }, {
          "propertyId" : "transaction_state",
          "setterFunName" : "setInputProperty",
          "etype" : "itk_edit_transaction_pr_da_def_update_transaction_1_transaction_state_1",
          "events" : [ "transaction_state.change" ],
          "disableInitialEval" : false
        }, {
          "propertyId" : "transaction_status",
          "setterFunName" : "setInputProperty",
          "etype" : "itk_edit_transaction_pr_da_def_update_transaction_1_transaction_status_1",
          "events" : [ "transaction_status.change" ],
          "disableInitialEval" : false
        }, {
          "propertyId" : "transaction_type",
          "setterFunName" : "setInputProperty",
          "etype" : "itk_edit_transaction_pr_da_def_update_transaction_1_transaction_type_1",
          "events" : [ "transaction_type.change" ],
          "disableInitialEval" : false
        }, {
          "propertyId" : "transaction_vin",
          "setterFunName" : "setInputProperty",
          "etype" : "itk_edit_transaction_pr_da_def_update_transaction_1_transaction_vin_1",
          "events" : [ "transaction_vin.change" ],
          "disableInitialEval" : false
        }, {
          "propertyId" : "transaction_zip",
          "setterFunName" : "setInputProperty",
          "etype" : "itk_edit_transaction_pr_da_def_update_transaction_1_transaction_zip_1",
          "events" : [ "transaction_zip.change" ],
          "disableInitialEval" : false
        } ],
        "mapping" : {
          "account_number" : ["account_number" ],
          "agency_number" : ["agency_number" ],
          "posting_reject" : ["posting_reject" ],
          "business_type" : ["business_type" ],
          "call_date" : ["call_date" ],
          "call_tag" : ["call_tag" ],
          "current_event_group" : ["current_event_group" ],
          "doc_delivery_date" : ["doc_delivery_date" ],
          "escrow_ind" : ["escrow_ind" ],
          "follow_up_date" : ["follow_up_date" ],
          "follow_up_reason" : ["follow_up_reason" ],
          "account_name" : ["account_name" ],
          "institution_code" : ["institution_code" ],
          "line_del_counter" : ["line_del_counter" ],
          "line_escrow_flag" : ["line_escrow_flag" ],
          "line_waive_initials" : ["line_waive_initials" ],
          "loan_number" : ["loan_number" ],
          "loan_suffix" : ["loan_suffix" ],
          "matched_loan_number" : ["matched_loan_number" ],
          "matched_loan_score" : ["matched_loan_score" ],
          "matched_loan_status" : ["matched_loan_status" ],
          "matched_loan_suffix" : ["matched_loan_suffix" ],
          "match_unique_id" : ["match_unique_id" ],
          "overnight_flag" : ["overnight_flag" ],
          "matched_loan_override" : ["matched_loan_override" ],
          "policy_no" : ["policy_no" ],
          "received_date" : ["received_date" ],
          "transaction_address_1" : ["transaction_address_1" ],
          "transaction_channel" : ["transaction_channel" ],
          "trans_comments" : ["trans_comments" ],
          "transaction_id" : ["transaction_id" ],
          "transaction_origin" : ["transaction_origin" ],
          "transaction_source" : ["transaction_source" ],
          "transaction_state" : ["transaction_state" ],
          "transaction_status" : ["transaction_status" ],
          "transaction_type" : ["transaction_type" ],
          "transaction_vin" : ["transaction_vin" ],
          "transaction_zip" : ["transaction_zip" ]
        }
      } ]
    } ]
  }, {
    "xtype" : "xcp_uievent_publisher",
    "plugins" : [ {
      "ptype" : "xcp_publish_uievents",
      "publish" : [ ]
    } ]
  }, {
    "xtype" : "xcp_fragment_input",
    "plugins" : [ {
      "ptype" : "xcp_expression_properties",
      "expression" : [ ]
    } ]
  }, {
    "xtype" : "xcp_fragment_output",
    "plugins" : [ {
      "ptype" : "xcp_expression_properties",
      "expression" : [ {
        "propertyId" : "account_number",
        "setterFunName" : "setOutputValue",
        "etype" : "itk_edit_transaction_pr_account_number_1",
        "events" : [ "account_number.change" ],
        "disableInitialEval" : false
      }, {
        "propertyId" : "loan_number",
        "setterFunName" : "setOutputValue",
        "etype" : "itk_edit_transaction_pr_loan_number_1",
        "events" : [ "loan_number.change" ],
        "disableInitialEval" : false
      }, {
        "propertyId" : "trans_comments",
        "setterFunName" : "setOutputValue",
        "etype" : "itk_edit_transaction_pr_trans_comments_1",
        "events" : [ "trans_comments.change" ],
        "disableInitialEval" : false
      }, {
        "propertyId" : "transaction_id",
        "setterFunName" : "setOutputValue",
        "etype" : "itk_edit_transaction_pr_transaction_id_1",
        "events" : [ "transaction_id.change" ],
        "disableInitialEval" : false
      }, {
        "propertyId" : "transaction_type",
        "setterFunName" : "setOutputValue",
        "etype" : "itk_edit_transaction_pr_transaction_type_1",
        "events" : [ "transaction_type.change" ],
        "disableInitialEval" : false
      }, {
        "propertyId" : "transaction_channel",
        "setterFunName" : "setOutputValue",
        "etype" : "itk_edit_transaction_pr_transaction_channel_1",
        "events" : [ "transaction_channel.change" ],
        "disableInitialEval" : false
      }, {
        "propertyId" : "transaction_source",
        "setterFunName" : "setOutputValue",
        "etype" : "itk_edit_transaction_pr_transaction_source_1",
        "events" : [ "transaction_source.change" ],
        "disableInitialEval" : false
      }, {
        "propertyId" : "loan_suffix",
        "setterFunName" : "setOutputValue",
        "etype" : "itk_edit_transaction_pr_loan_suffix_1",
        "events" : [ "loan_suffix.change" ],
        "disableInitialEval" : false
      }, {
        "propertyId" : "business_type",
        "setterFunName" : "setOutputValue",
        "etype" : "itk_edit_transaction_pr_business_type_1",
        "events" : [ "business_type.change" ],
        "disableInitialEval" : false
      }, {
        "propertyId" : "agency_number",
        "setterFunName" : "setOutputValue",
        "etype" : "itk_edit_transaction_pr_agency_number_1",
        "events" : [ "agency_number.change" ],
        "disableInitialEval" : false
      }, {
        "propertyId" : "policy_number",
        "setterFunName" : "setOutputValue",
        "etype" : "itk_edit_transaction_pr_policy_number_1",
        "events" : [ "policy_no.change" ],
        "disableInitialEval" : false
      }, {
        "propertyId" : "matched_loan_number",
        "setterFunName" : "setOutputValue",
        "etype" : "itk_edit_transaction_pr_matched_loan_number_1",
        "events" : [ "matched_loan_number.change" ],
        "disableInitialEval" : false
      }, {
        "propertyId" : "matched_loan_suffix",
        "setterFunName" : "setOutputValue",
        "etype" : "itk_edit_transaction_pr_matched_loan_suffix_1",
        "events" : [ "matched_loan_suffix.change" ],
        "disableInitialEval" : false
      }, {
        "propertyId" : "matched_loan_score",
        "setterFunName" : "setOutputValue",
        "etype" : "itk_edit_transaction_pr_matched_loan_score_1",
        "events" : [ "matched_loan_score.change" ],
        "disableInitialEval" : false
      }, {
        "propertyId" : "institution_code",
        "setterFunName" : "setOutputValue",
        "etype" : "itk_edit_transaction_pr_institution_code_1",
        "events" : [ "institution_code.change" ],
        "disableInitialEval" : false
      }, {
        "propertyId" : "transaction_status",
        "setterFunName" : "setOutputValue",
        "etype" : "itk_edit_transaction_pr_transaction_status_1",
        "events" : [ "transaction_status.change" ],
        "disableInitialEval" : false
      }, {
        "propertyId" : "matched_loan_status",
        "setterFunName" : "setOutputValue",
        "etype" : "itk_edit_transaction_pr_matched_loan_status_1",
        "events" : [ "matched_loan_status.change" ],
        "disableInitialEval" : false
      }, {
        "propertyId" : "doc_delivery_date",
        "setterFunName" : "setOutputValue",
        "etype" : "itk_edit_transaction_pr_doc_delivery_date_1",
        "events" : [ "doc_delivery_date.change" ],
        "disableInitialEval" : false
      }, {
        "propertyId" : "received_date",
        "setterFunName" : "setOutputValue",
        "etype" : "itk_edit_transaction_pr_received_date_1",
        "events" : [ "received_date.change" ],
        "disableInitialEval" : false
      }, {
        "propertyId" : "current_event_group",
        "setterFunName" : "setOutputValue",
        "etype" : "itk_edit_transaction_pr_current_event_group_1",
        "events" : [ "current_event_group.change" ],
        "disableInitialEval" : false
      }, {
        "propertyId" : "call_tag",
        "setterFunName" : "setOutputValue",
        "etype" : "itk_edit_transaction_pr_call_tag_1",
        "events" : [ "call_tag.change" ],
        "disableInitialEval" : false
      }, {
        "propertyId" : "overnight_flag",
        "setterFunName" : "setOutputValue",
        "etype" : "itk_edit_transaction_pr_overnight_flag_1",
        "events" : [ "overnight_flag.change" ],
        "disableInitialEval" : false
      }, {
        "propertyId" : "matched_loan_override",
        "setterFunName" : "setOutputValue",
        "etype" : "itk_edit_transaction_pr_matched_loan_override_1",
        "events" : [ "matched_loan_override.change" ],
        "disableInitialEval" : false
      }, {
        "propertyId" : "posting_reject",
        "setterFunName" : "setOutputValue",
        "etype" : "itk_edit_transaction_pr_posting_reject_1",
        "events" : [ "posting_reject.change" ],
        "disableInitialEval" : false
      }, {
        "propertyId" : "transaction_zip",
        "setterFunName" : "setOutputValue",
        "etype" : "itk_edit_transaction_pr_transaction_zip_1",
        "events" : [ "transaction_zip.change" ],
        "disableInitialEval" : false
      }, {
        "propertyId" : "call_date",
        "setterFunName" : "setOutputValue",
        "etype" : "itk_edit_transaction_pr_call_date_1",
        "events" : [ "call_date.change" ],
        "disableInitialEval" : false
      }, {
        "propertyId" : "escrow_ind",
        "setterFunName" : "setOutputValue",
        "etype" : "itk_edit_transaction_pr_escrow_ind_1",
        "events" : [ "escrow_ind.change" ],
        "disableInitialEval" : false
      }, {
        "propertyId" : "line_escrow_flag",
        "setterFunName" : "setOutputValue",
        "etype" : "itk_edit_transaction_pr_line_escrow_flag_1",
        "events" : [ "line_escrow_flag.change" ],
        "disableInitialEval" : false
      }, {
        "propertyId" : "line_waive_initials",
        "setterFunName" : "setOutputValue",
        "etype" : "itk_edit_transaction_pr_line_waive_initials_1",
        "events" : [ "line_waive_initials.change" ],
        "disableInitialEval" : false
      }, {
        "propertyId" : "line_del_counter",
        "setterFunName" : "setOutputValue",
        "etype" : "itk_edit_transaction_pr_line_del_counter_1",
        "events" : [ "line_del_counter.change" ],
        "disableInitialEval" : false
      }, {
        "propertyId" : "match_unique_id",
        "setterFunName" : "setOutputValue",
        "etype" : "itk_edit_transaction_pr_match_unique_id_1",
        "events" : [ "match_unique_id.change" ],
        "disableInitialEval" : false
      }, {
        "propertyId" : "transaction_state",
        "setterFunName" : "setOutputValue",
        "etype" : "itk_edit_transaction_pr_transaction_state_1",
        "events" : [ "transaction_state.change" ],
        "disableInitialEval" : false
      }, {
        "propertyId" : "account_name",
        "setterFunName" : "setOutputValue",
        "etype" : "itk_edit_transaction_pr_account_name_1",
        "events" : [ "account_name.change" ],
        "disableInitialEval" : false
      }, {
        "propertyId" : "follow_up_reason",
        "setterFunName" : "setOutputValue",
        "etype" : "itk_edit_transaction_pr_follow_up_reason_1",
        "events" : [ "follow_up_reason.change" ],
        "disableInitialEval" : false
      }, {
        "propertyId" : "follow_up_date",
        "setterFunName" : "setOutputValue",
        "etype" : "itk_edit_transaction_pr_follow_up_date_1",
        "events" : [ "follow_up_date.change" ],
        "disableInitialEval" : false
      }, {
        "propertyId" : "transaction_vin",
        "setterFunName" : "setOutputValue",
        "etype" : "itk_edit_transaction_pr_transaction_vin_1",
        "events" : [ "transaction_vin.change" ],
        "disableInitialEval" : false
      }, {
        "propertyId" : "transaction_address_1",
        "setterFunName" : "setOutputValue",
        "etype" : "itk_edit_transaction_pr_transaction_address_1_1",
        "events" : [ "transaction_address_1.change" ],
        "disableInitialEval" : false
      }, {
        "propertyId" : "transaction_origin",
        "setterFunName" : "setOutputValue",
        "etype" : "itk_edit_transaction_pr_transaction_origin_1",
        "events" : [ "transaction_origin.change" ],
        "disableInitialEval" : false
      } ]
    } ]
  }, {
    "xcpId" : "column_box",
    "xtype" : "xcp_column_box",
    "collapsible" : false,
    "collapsed" : false,
    "collapseFirst" : true,
    "border" : false,
    "defaultMargins" : "5",
    "layout" : "xcp_columnbox",
    "items" : [ {
      "xcpId" : "columnvbox",
      "xtype" : "xcp_columnvbox",
      "orientation" : "Vertical",
      "overflow_x" : "hidden",
      "labelWidth" : 150,
      "labelAlign" : "left",
      "halign" : "left",
      "valign" : "top",
      "defaultMargins" : "5",
      "items" : [ {
        "xcpId" : "account_number",
        "xtype" : "xcp_text_input",
        "fieldLabel" : "${_UI_Page_itk_edit_transaction_pr_account_number_fieldLabel}",
        "hstretch" : true,
        "valueType" : "STRING",
        "name" : "itk_transaction@account_number"
      }, {
        "xcpId" : "agency_number",
        "xtype" : "xcp_text_input",
        "fieldLabel" : "${_UI_Page_itk_edit_transaction_pr_agency_number_fieldLabel}",
        "hstretch" : true,
        "valueType" : "STRING",
        "name" : "itk_transaction@agency_number"
      }, {
        "xcpId" : "posting_reject",
        "xtype" : "xcp_checkbox",
        "fieldLabel" : "${_UI_Page_itk_edit_transaction_pr_posting_reject_fieldLabel}",
        "boxLabel" : "${_UI_Page_itk_edit_transaction_pr_posting_reject_boxLabel}",
        "valueType" : "BOOLEAN",
        "name" : "itk_transaction@posting_reject"
      }, {
        "xcpId" : "business_type",
        "xtype" : "xcp_dropdown_list",
        "fieldLabel" : "${_UI_Page_itk_edit_transaction_pr_business_type_fieldLabel}",
        "store" : "xcp.picklist.itk_business_type",
        "valueType" : "STRING",
        "name" : "itk_transaction@business_type"
      }, {
        "xcpId" : "call_date",
        "xtype" : "xcp_date_time_input",
        "fieldLabel" : "${_UI_Page_itk_edit_transaction_pr_call_date_fieldLabel}",
        "hstretch" : true,
        "format" : {
          "xtype" : "xcp_datetime_formatter",
          "dateFormat" : "short",
          "timeFormat" : "short",
          "dateStyle" : "datetime"
        },
        "valueType" : "DATETIME",
        "name" : "itk_transaction@call_date"
      }, {
        "xcpId" : "call_tag",
        "xtype" : "xcp_text_input",
        "fieldLabel" : "${_UI_Page_itk_edit_transaction_pr_call_tag_fieldLabel}",
        "hstretch" : true,
        "valueType" : "STRING",
        "name" : "itk_transaction@call_tag"
      }, {
        "xcpId" : "current_event_group",
        "xtype" : "xcp_text_input",
        "fieldLabel" : "${_UI_Page_itk_edit_transaction_pr_current_event_group_fieldLabel}",
        "hstretch" : true,
        "valueType" : "STRING",
        "name" : "itk_transaction@current_event_group"
      }, {
        "xcpId" : "doc_delivery_date",
        "xtype" : "xcp_date_time_input",
        "fieldLabel" : "${_UI_Page_itk_edit_transaction_pr_doc_delivery_date_fieldLabel}",
        "hstretch" : true,
        "format" : {
          "xtype" : "xcp_datetime_formatter",
          "dateFormat" : "short",
          "timeFormat" : "short",
          "dateStyle" : "datetime"
        },
        "valueType" : "DATETIME",
        "name" : "itk_transaction@doc_delivery_date"
      }, {
        "xcpId" : "escrow_ind",
        "xtype" : "xcp_text_input",
        "fieldLabel" : "${_UI_Page_itk_edit_transaction_pr_escrow_ind_fieldLabel}",
        "hstretch" : true,
        "valueType" : "STRING",
        "name" : "itk_transaction@escrow_ind"
      }, {
        "xcpId" : "follow_up_date",
        "xtype" : "xcp_date_time_input",
        "fieldLabel" : "${_UI_Page_itk_edit_transaction_pr_follow_up_date_fieldLabel}",
        "hstretch" : true,
        "format" : {
          "xtype" : "xcp_datetime_formatter",
          "dateFormat" : "short",
          "timeFormat" : "short",
          "dateStyle" : "datetime"
        },
        "valueType" : "DATETIME",
        "name" : "itk_transaction@follow_up_date"
      }, {
        "xcpId" : "follow_up_reason",
        "xtype" : "xcp_text_input",
        "fieldLabel" : "${_UI_Page_itk_edit_transaction_pr_follow_up_reason_fieldLabel}",
        "hstretch" : true,
        "valueType" : "STRING",
        "name" : "itk_transaction@follow_up_reason"
      }, {
        "xcpId" : "account_name",
        "xtype" : "xcp_text_input",
        "fieldLabel" : "${_UI_Page_itk_edit_transaction_pr_account_name_fieldLabel}",
        "hstretch" : true,
        "valueType" : "STRING",
        "name" : "itk_transaction@account_name"
      }, {
        "xcpId" : "institution_code",
        "xtype" : "xcp_text_input",
        "fieldLabel" : "${_UI_Page_itk_edit_transaction_pr_institution_code_fieldLabel}",
        "hstretch" : true,
        "valueType" : "STRING",
        "name" : "itk_transaction@institution_code"
      }, {
        "xcpId" : "line_del_counter",
        "xtype" : "xcp_number_input",
        "fieldLabel" : "${_UI_Page_itk_edit_transaction_pr_line_del_counter_fieldLabel}",
        "allowDecimals" : false,
        "hideTrigger" : true,
        "keyNavEnabled" : false,
        "mouseWheelEnabled" : false,
        "autoStripChars" : true,
        "hstretch" : true,
        "valueType" : "INTEGER",
        "name" : "itk_transaction@line_del_counter"
      }, {
        "xcpId" : "line_escrow_flag",
        "xtype" : "xcp_text_input",
        "fieldLabel" : "${_UI_Page_itk_edit_transaction_pr_line_escrow_flag_fieldLabel}",
        "hstretch" : true,
        "valueType" : "STRING",
        "name" : "itk_transaction@line_escrow_flag"
      }, {
        "xcpId" : "line_waive_initials",
        "xtype" : "xcp_text_input",
        "fieldLabel" : "${_UI_Page_itk_edit_transaction_pr_line_waive_initials_fieldLabel}",
        "hstretch" : true,
        "valueType" : "STRING",
        "name" : "itk_transaction@line_waive_initials"
      }, {
        "xcpId" : "loan_number",
        "xtype" : "xcp_text_input",
        "fieldLabel" : "${_UI_Page_itk_edit_transaction_pr_loan_number_fieldLabel}",
        "hstretch" : true,
        "valueType" : "STRING",
        "name" : "itk_transaction@loan_number"
      }, {
        "xcpId" : "loan_suffix",
        "xtype" : "xcp_text_input",
        "fieldLabel" : "${_UI_Page_itk_edit_transaction_pr_loan_suffix_fieldLabel}",
        "hstretch" : true,
        "valueType" : "STRING",
        "name" : "itk_transaction@loan_suffix"
      }, {
        "xcpId" : "matched_loan_number",
        "xtype" : "xcp_multivalue_text_input",
        "fieldLabel" : "${_UI_Page_itk_edit_transaction_pr_matched_loan_number_fieldLabel}",
        "height" : 150,
        "valueType" : "STRING",
        "isRepeating" : true,
        "name" : "itk_transaction@matched_loan_number"
      }, {
        "xcpId" : "matched_loan_score",
        "xtype" : "xcp_multivalue_text_input",
        "fieldLabel" : "${_UI_Page_itk_edit_transaction_pr_matched_loan_score_fieldLabel}",
        "height" : 150,
        "valueType" : "STRING",
        "isRepeating" : true,
        "name" : "itk_transaction@matched_loan_score"
      }, {
        "xcpId" : "matched_loan_status",
        "xtype" : "xcp_multivalue_text_input",
        "fieldLabel" : "${_UI_Page_itk_edit_transaction_pr_matched_loan_status_fieldLabel}",
        "height" : 150,
        "valueType" : "STRING",
        "isRepeating" : true,
        "name" : "itk_transaction@matched_loan_status"
      } ]
    }, {
      "xcpId" : "columnvbox1",
      "xtype" : "xcp_columnvbox",
      "orientation" : "Vertical",
      "overflow_x" : "hidden",
      "labelWidth" : 150,
      "labelAlign" : "left",
      "halign" : "left",
      "valign" : "top",
      "defaultMargins" : "5",
      "items" : [ {
        "xcpId" : "matched_loan_suffix",
        "xtype" : "xcp_multivalue_text_input",
        "fieldLabel" : "${_UI_Page_itk_edit_transaction_pr_matched_loan_suffix_fieldLabel}",
        "height" : 150,
        "valueType" : "STRING",
        "isRepeating" : true,
        "name" : "itk_transaction@matched_loan_suffix"
      }, {
        "xcpId" : "match_unique_id",
        "xtype" : "xcp_text_input",
        "fieldLabel" : "${_UI_Page_itk_edit_transaction_pr_match_unique_id_fieldLabel}",
        "hstretch" : true,
        "valueType" : "STRING",
        "name" : "itk_transaction@match_unique_id"
      }, {
        "xcpId" : "overnight_flag",
        "xtype" : "xcp_text_input",
        "fieldLabel" : "${_UI_Page_itk_edit_transaction_pr_overnight_flag_fieldLabel}",
        "hstretch" : true,
        "valueType" : "STRING",
        "name" : "itk_transaction@overnight_flag"
      }, {
        "xcpId" : "matched_loan_override",
        "xtype" : "xcp_checkbox",
        "fieldLabel" : "${_UI_Page_itk_edit_transaction_pr_matched_loan_override_fieldLabel}",
        "boxLabel" : "${_UI_Page_itk_edit_transaction_pr_matched_loan_override_boxLabel}",
        "valueType" : "BOOLEAN",
        "name" : "itk_transaction@matched_loan_override"
      }, {
        "xcpId" : "policy_no",
        "xtype" : "xcp_text_input",
        "fieldLabel" : "${_UI_Page_itk_edit_transaction_pr_policy_no_fieldLabel}",
        "hstretch" : true,
        "valueType" : "STRING",
        "name" : "itk_transaction@policy_no"
      }, {
        "xcpId" : "bypass_policy_no_match",
        "xtype" : "xcp_checkbox",
        "fieldLabel" : "${_UI_Page_itk_edit_transaction_pr_bypass_policy_no_match_fieldLabel}",
        "valueType" : "BOOLEAN",
        "plugins" : [ {
          "ptype" : "xcp_expression_properties",
          "expression" : [ {
            "propertyId" : "value",
            "setterFunName" : "setValue",
            "etype" : "itk_edit_transaction_pr_bypass_policy_no_match_value_1",
            "events" : [ "itk_transaction.change", "itk_transaction.load" ],
            "disableInitialEval" : false,
            "disableProcessingOnRender" : false,
            "initialDefaultExprValue" : null
          } ]
        } ]
      }, {
        "xcpId" : "received_date",
        "xtype" : "xcp_date_time_input",
        "fieldLabel" : "${_UI_Page_itk_edit_transaction_pr_received_date_fieldLabel}",
        "hstretch" : true,
        "format" : {
          "xtype" : "xcp_datetime_formatter",
          "dateFormat" : "short",
          "timeFormat" : "short",
          "dateStyle" : "datetime"
        },
        "valueType" : "DATETIME",
        "name" : "itk_transaction@received_date"
      }, {
        "xcpId" : "transaction_address_1",
        "xtype" : "xcp_text_input",
        "fieldLabel" : "${_UI_Page_itk_edit_transaction_pr_transaction_address_1_fieldLabel}",
        "hstretch" : true,
        "valueType" : "STRING",
        "name" : "itk_transaction@transaction_address_1"
      }, {
        "xcpId" : "transaction_channel",
        "xtype" : "xcp_text_input",
        "fieldLabel" : "${_UI_Page_itk_edit_transaction_pr_transaction_channel_fieldLabel}",
        "hstretch" : true,
        "valueType" : "STRING",
        "name" : "itk_transaction@transaction_channel"
      }, {
        "xcpId" : "trans_comments",
        "xtype" : "xcp_multivalue_text_input",
        "fieldLabel" : "${_UI_Page_itk_edit_transaction_pr_trans_comments_fieldLabel}",
        "height" : 150,
        "valueType" : "STRING",
        "isRepeating" : true,
        "name" : "itk_transaction@trans_comments"
      }, {
        "xcpId" : "transaction_id",
        "xtype" : "xcp_text_input",
        "fieldLabel" : "${_UI_Page_itk_edit_transaction_pr_transaction_id_fieldLabel}",
        "hstretch" : true,
        "valueType" : "STRING",
        "name" : "itk_transaction@transaction_id"
      }, {
        "xcpId" : "transaction_origin",
        "xtype" : "xcp_text_input",
        "fieldLabel" : "${_UI_Page_itk_edit_transaction_pr_transaction_origin_fieldLabel}",
        "hstretch" : true,
        "valueType" : "STRING",
        "name" : "itk_transaction@transaction_origin"
      }, {
        "xcpId" : "transaction_source",
        "xtype" : "xcp_dropdown_list",
        "fieldLabel" : "${_UI_Page_itk_edit_transaction_pr_transaction_source_fieldLabel}",
        "store" : "xcp.picklist.itk_transaction_source",
        "valueType" : "STRING",
        "name" : "itk_transaction@transaction_source"
      }, {
        "xcpId" : "transaction_state",
        "xtype" : "xcp_dropdown_list",
        "fieldLabel" : "${_UI_Page_itk_edit_transaction_pr_transaction_state_fieldLabel}",
        "store" : "xcp.picklist.itk_state_codes",
        "valueType" : "STRING",
        "name" : "itk_transaction@transaction_state"
      }, {
        "xcpId" : "transaction_status",
        "xtype" : "xcp_dropdown_list",
        "fieldLabel" : "${_UI_Page_itk_edit_transaction_pr_transaction_status_fieldLabel}",
        "store" : "xcp.picklist.itk_transaction_status",
        "valueType" : "STRING",
        "name" : "itk_transaction@transaction_status"
      }, {
        "xcpId" : "transaction_type",
        "xtype" : "xcp_dropdown_list",
        "fieldLabel" : "${_UI_Page_itk_edit_transaction_pr_transaction_type_fieldLabel}",
        "store" : "xcp.picklist.itk_transaction_types",
        "valueType" : "STRING",
        "name" : "itk_transaction@transaction_type"
      }, {
        "xcpId" : "transaction_vin",
        "xtype" : "xcp_text_input",
        "fieldLabel" : "${_UI_Page_itk_edit_transaction_pr_transaction_vin_fieldLabel}",
        "hstretch" : true,
        "valueType" : "STRING",
        "name" : "itk_transaction@transaction_vin"
      }, {
        "xcpId" : "transaction_zip",
        "xtype" : "xcp_text_input",
        "fieldLabel" : "${_UI_Page_itk_edit_transaction_pr_transaction_zip_fieldLabel}",
        "hstretch" : true,
        "valueType" : "STRING",
        "name" : "itk_transaction@transaction_zip"
      } ]
    } ]
  } ]
}