{
  "cls" : "itk_transaction_transaction_info",
  "padding" : "0",
  "border" : false,
  "xtype" : "xcp_form",
  "models" : [ "itk_transaction" ],
  "items" : [ {
    "xtype" : "xcp_action_container",
    "actions" : [ ]
  }, {
    "xtype" : "xcp_uievent_publisher",
    "plugins" : [ {
      "ptype" : "xcp_publish_uievents",
      "publish" : [ ]
    } ]
  }, {
    "xtype" : "xcp_fragment_input",
    "plugins" : [ {
      "ptype" : "xcp_expression_properties",
      "expression" : [ ]
    } ]
  }, {
    "xtype" : "xcp_fragment_output",
    "plugins" : [ {
      "ptype" : "xcp_expression_properties",
      "expression" : [ {
        "propertyId" : "transaction_id",
        "setterFunName" : "setOutputValue",
        "etype" : "itk_transaction_info_transaction_id_1",
        "events" : [ "transaction_id.change" ],
        "disableInitialEval" : false
      } ]
    } ]
  }, {
    "xcpId" : "column_box2",
    "xtype" : "xcp_column_box",
    "collapsible" : false,
    "collapsed" : false,
    "collapseFirst" : true,
    "border" : false,
    "defaultMargins" : "5",
    "layout" : "xcp_columnbox",
    "items" : [ {
      "xcpId" : "columnvbox",
      "xtype" : "xcp_columnvbox",
      "orientation" : "Vertical",
      "width" : "33%",
      "split" : true,
      "overflow_x" : "hidden",
      "labelWidth" : 150,
      "labelAlign" : "left",
      "halign" : "left",
      "valign" : "top",
      "defaultMargins" : "5",
      "items" : [ {
        "xcpId" : "column_box3",
        "xtype" : "xcp_column_box",
        "title" : "${_UI_Page_itk_transaction_info_column_box3_title}",
        "collapsible" : false,
        "collapsed" : false,
        "collapseFirst" : true,
        "border" : false,
        "defaultMargins" : "5",
        "layout" : "xcp_columnbox",
        "items" : [ {
          "xcpId" : "columnvbox2",
          "xtype" : "xcp_columnvbox",
          "orientation" : "Vertical",
          "width" : "100%",
          "split" : true,
          "overflow_x" : "hidden",
          "labelWidth" : 150,
          "labelAlign" : "left",
          "halign" : "left",
          "valign" : "top",
          "items" : [ {
            "xcpId" : "object_name",
            "xtype" : "xcp_value_display",
            "fieldLabel" : "${_UI_Page_itk_transaction_info_object_name_fieldLabel}",
            "valueType" : "STRING",
            "isRepeating" : false,
            "name" : "itk_transaction@object_name"
          }, {
            "xcpId" : "r_modify_date",
            "xtype" : "xcp_value_display",
            "fieldLabel" : "${_UI_Page_itk_transaction_info_r_modify_date_fieldLabel}",
            "valueType" : "DATETIME",
            "isRepeating" : false,
            "format" : {
              "xtype" : "xcp_datetime_formatter",
              "dateFormat" : "short",
              "timeFormat" : "short",
              "dateStyle" : "datetime"
            },
            "name" : "itk_transaction@r_modify_date"
          }, {
            "xcpId" : "r_modifier",
            "xtype" : "xcp_value_display",
            "fieldLabel" : "${_UI_Page_itk_transaction_info_r_modifier_fieldLabel}",
            "valueType" : "STRING",
            "isRepeating" : false,
            "name" : "itk_transaction@r_modifier"
          }, {
            "xcpId" : "transaction_id",
            "xtype" : "xcp_value_display",
            "fieldLabel" : "${_UI_Page_itk_transaction_info_transaction_id_fieldLabel}",
            "valueType" : "STRING",
            "isRepeating" : false,
            "name" : "itk_transaction@transaction_id"
          } ]
        } ]
      } ]
    } ]
  } ]
}