{
  "cls" : "itk_transaction_trans_properties",
  "padding" : "0",
  "border" : false,
  "xtype" : "xcp_form",
  "modelImmutable" : true,
  "models" : [ "itk_transaction" ],
  "items" : [ {
    "xtype" : "xcp_action_container",
    "actions" : [ {
      "xcpId" : "def_inv_af_1",
      "actionType" : "xcp_action_flow_launcher",
      "actionFlowId" : "xcp_def_inv_af",
      "objectType" : "APPLICATION",
      "wizardConfig" : {
        "height" : 450,
        "width" : 800,
        "modal" : true,
        "autoScroll" : true,
        "title" : "${_UI_Default_Import_New_Version_Action_Flow_Default_Import_New_Version_Action_Flow_label}"
      },
      "plugins" : [ {
        "ptype" : "xcp_expression_properties",
        "expression" : [ {
          "propertyId" : "r_object_type",
          "setterFunName" : "setInputProperty",
          "etype" : "itk_trans_properties_def_inv_af_1_r_object_type_1",
          "events" : [ "itk_transaction.change", "itk_transaction.load" ],
          "disableInitialEval" : false
        }, {
          "propertyId" : "r_object_id",
          "setterFunName" : "setInputProperty",
          "etype" : "itk_trans_properties_def_inv_af_1_r_object_id_1",
          "events" : [ "itk_transaction.change", "itk_transaction.load" ],
          "disableInitialEval" : false
        } ],
        "mapping" : {
        }
      } ]
    }, {
      "xcpId" : "da_def_delete_transaction_1",
      "actionModel" : "itk_da_def_delete_transaction",
      "actionType" : "delete",
      "plugins" : [ {
        "ptype" : "xcp_expression_properties",
        "expression" : [ {
          "propertyId" : "id",
          "setterFunName" : "setInputProperty",
          "etype" : "itk_trans_properties_da_def_delete_transaction_1_id_1",
          "events" : [ "itk_transaction.change", "itk_transaction.load" ],
          "disableInitialEval" : false
        } ],
        "mapping" : {
        }
      } ]
    } ]
  }, {
    "xtype" : "xcp_uievent_publisher",
    "plugins" : [ {
      "ptype" : "xcp_publish_uievents",
      "publish" : [ ]
    } ]
  }, {
    "xtype" : "xcp_fragment_input",
    "plugins" : [ {
      "ptype" : "xcp_expression_properties",
      "expression" : [ ]
    } ]
  }, {
    "xcpId" : "column_box4",
    "xtype" : "xcp_column_box",
    "collapsible" : false,
    "collapsed" : false,
    "collapseFirst" : true,
    "border" : false,
    "defaultMargins" : "5",
    "layout" : "xcp_columnbox",
    "items" : [ {
      "xcpId" : "columnvbox3",
      "xtype" : "xcp_columnvbox",
      "orientation" : "Vertical",
      "overflow_x" : "hidden",
      "labelWidth" : 150,
      "labelAlign" : "left",
      "halign" : "left",
      "valign" : "top",
      "defaultMargins" : "5",
      "items" : [ {
        "xcpId" : "account_number",
        "xtype" : "xcp_value_display",
        "fieldLabel" : "${_UI_Page_itk_trans_properties_account_number_fieldLabel}",
        "valueType" : "STRING",
        "isRepeating" : false,
        "name" : "itk_transaction@account_number"
      }, {
        "xcpId" : "agency_number",
        "xtype" : "xcp_value_display",
        "fieldLabel" : "${_UI_Page_itk_trans_properties_agency_number_fieldLabel}",
        "valueType" : "STRING",
        "isRepeating" : false,
        "name" : "itk_transaction@agency_number"
      }, {
        "xcpId" : "posting_reject",
        "xtype" : "xcp_value_display",
        "fieldLabel" : "${_UI_Page_itk_trans_properties_posting_reject_fieldLabel}",
        "valueType" : "BOOLEAN",
        "isRepeating" : false,
        "name" : "itk_transaction@posting_reject"
      }, {
        "xcpId" : "business_type",
        "xtype" : "xcp_value_display",
        "fieldLabel" : "${_UI_Page_itk_trans_properties_business_type_fieldLabel}",
        "valueType" : "STRING",
        "isRepeating" : false,
        "name" : "itk_transaction@business_type"
      }, {
        "xcpId" : "call_date",
        "xtype" : "xcp_value_display",
        "fieldLabel" : "${_UI_Page_itk_trans_properties_call_date_fieldLabel}",
        "valueType" : "DATETIME",
        "isRepeating" : false,
        "format" : {
          "xtype" : "xcp_datetime_formatter",
          "dateFormat" : "short",
          "timeFormat" : "short",
          "dateStyle" : "datetime"
        },
        "name" : "itk_transaction@call_date"
      }, {
        "xcpId" : "call_tag",
        "xtype" : "xcp_value_display",
        "fieldLabel" : "${_UI_Page_itk_trans_properties_call_tag_fieldLabel}",
        "valueType" : "STRING",
        "isRepeating" : false,
        "name" : "itk_transaction@call_tag"
      }, {
        "xcpId" : "current_event_group",
        "xtype" : "xcp_value_display",
        "fieldLabel" : "${_UI_Page_itk_trans_properties_current_event_group_fieldLabel}",
        "valueType" : "STRING",
        "isRepeating" : false,
        "name" : "itk_transaction@current_event_group"
      }, {
        "xcpId" : "doc_delivery_date",
        "xtype" : "xcp_value_display",
        "fieldLabel" : "${_UI_Page_itk_trans_properties_doc_delivery_date_fieldLabel}",
        "valueType" : "DATETIME",
        "isRepeating" : false,
        "format" : {
          "xtype" : "xcp_datetime_formatter",
          "dateFormat" : "short",
          "timeFormat" : "short",
          "dateStyle" : "datetime"
        },
        "name" : "itk_transaction@doc_delivery_date"
      }, {
        "xcpId" : "escrow_ind",
        "xtype" : "xcp_value_display",
        "fieldLabel" : "${_UI_Page_itk_trans_properties_escrow_ind_fieldLabel}",
        "valueType" : "STRING",
        "isRepeating" : false,
        "name" : "itk_transaction@escrow_ind"
      }, {
        "xcpId" : "follow_up_date",
        "xtype" : "xcp_value_display",
        "fieldLabel" : "${_UI_Page_itk_trans_properties_follow_up_date_fieldLabel}",
        "valueType" : "DATETIME",
        "isRepeating" : false,
        "format" : {
          "xtype" : "xcp_datetime_formatter",
          "dateFormat" : "short",
          "timeFormat" : "short",
          "dateStyle" : "datetime"
        },
        "name" : "itk_transaction@follow_up_date"
      }, {
        "xcpId" : "follow_up_reason",
        "xtype" : "xcp_value_display",
        "fieldLabel" : "${_UI_Page_itk_trans_properties_follow_up_reason_fieldLabel}",
        "valueType" : "STRING",
        "isRepeating" : false,
        "name" : "itk_transaction@follow_up_reason"
      }, {
        "xcpId" : "account_name",
        "xtype" : "xcp_value_display",
        "fieldLabel" : "${_UI_Page_itk_trans_properties_account_name_fieldLabel}",
        "valueType" : "STRING",
        "isRepeating" : false,
        "name" : "itk_transaction@account_name"
      }, {
        "xcpId" : "institution_code",
        "xtype" : "xcp_value_display",
        "fieldLabel" : "${_UI_Page_itk_trans_properties_institution_code_fieldLabel}",
        "valueType" : "STRING",
        "isRepeating" : false,
        "name" : "itk_transaction@institution_code"
      }, {
        "xcpId" : "line_del_counter",
        "xtype" : "xcp_value_display",
        "fieldLabel" : "${_UI_Page_itk_trans_properties_line_del_counter_fieldLabel}",
        "valueType" : "INTEGER",
        "isRepeating" : false,
        "format" : {
          "xtype" : "xcp_integer_formatter",
          "decimalPrecision" : 0,
          "useThousandSeparator" : true,
          "separatorStyle" : "LOCALE",
          "negativeNumberStyle" : "FORMAT_MINUS_SIGN_STYLE_NONE"
        },
        "name" : "itk_transaction@line_del_counter"
      }, {
        "xcpId" : "line_escrow_flag",
        "xtype" : "xcp_value_display",
        "fieldLabel" : "${_UI_Page_itk_trans_properties_line_escrow_flag_fieldLabel}",
        "valueType" : "STRING",
        "isRepeating" : false,
        "name" : "itk_transaction@line_escrow_flag"
      }, {
        "xcpId" : "line_waive_initials",
        "xtype" : "xcp_value_display",
        "fieldLabel" : "${_UI_Page_itk_trans_properties_line_waive_initials_fieldLabel}",
        "valueType" : "STRING",
        "isRepeating" : false,
        "name" : "itk_transaction@line_waive_initials"
      }, {
        "xcpId" : "loan_number",
        "xtype" : "xcp_value_display",
        "fieldLabel" : "${_UI_Page_itk_trans_properties_loan_number_fieldLabel}",
        "valueType" : "STRING",
        "isRepeating" : false,
        "name" : "itk_transaction@loan_number"
      }, {
        "xcpId" : "loan_suffix",
        "xtype" : "xcp_value_display",
        "fieldLabel" : "${_UI_Page_itk_trans_properties_loan_suffix_fieldLabel}",
        "valueType" : "STRING",
        "isRepeating" : false,
        "name" : "itk_transaction@loan_suffix"
      } ]
    }, {
      "xcpId" : "columnvbox",
      "xtype" : "xcp_columnvbox",
      "orientation" : "Vertical",
      "overflow_x" : "hidden",
      "labelWidth" : 150,
      "labelAlign" : "left",
      "halign" : "left",
      "valign" : "top",
      "defaultMargins" : "5",
      "items" : [ {
        "xcpId" : "matched_loan_number",
        "xtype" : "xcp_value_display",
        "fieldLabel" : "${_UI_Page_itk_trans_properties_matched_loan_number_fieldLabel}",
        "valueType" : "STRING",
        "isRepeating" : true,
        "repeatingAttributeFormat" : {
          "xtype" : "xcp_repeating_attribute_formatter",
          "separatorStyle" : "NEWLINE"
        },
        "name" : "itk_transaction@matched_loan_number"
      }, {
        "xcpId" : "matched_loan_score",
        "xtype" : "xcp_value_display",
        "fieldLabel" : "${_UI_Page_itk_trans_properties_matched_loan_score_fieldLabel}",
        "valueType" : "STRING",
        "isRepeating" : true,
        "repeatingAttributeFormat" : {
          "xtype" : "xcp_repeating_attribute_formatter",
          "separatorStyle" : "NEWLINE"
        },
        "name" : "itk_transaction@matched_loan_score"
      }, {
        "xcpId" : "matched_loan_status",
        "xtype" : "xcp_value_display",
        "fieldLabel" : "${_UI_Page_itk_trans_properties_matched_loan_status_fieldLabel}",
        "valueType" : "STRING",
        "isRepeating" : true,
        "repeatingAttributeFormat" : {
          "xtype" : "xcp_repeating_attribute_formatter",
          "separatorStyle" : "NEWLINE"
        },
        "name" : "itk_transaction@matched_loan_status"
      }, {
        "xcpId" : "matched_loan_suffix",
        "xtype" : "xcp_value_display",
        "fieldLabel" : "${_UI_Page_itk_trans_properties_matched_loan_suffix_fieldLabel}",
        "valueType" : "STRING",
        "isRepeating" : true,
        "repeatingAttributeFormat" : {
          "xtype" : "xcp_repeating_attribute_formatter",
          "separatorStyle" : "NEWLINE"
        },
        "name" : "itk_transaction@matched_loan_suffix"
      }, {
        "xcpId" : "match_unique_id",
        "xtype" : "xcp_value_display",
        "fieldLabel" : "${_UI_Page_itk_trans_properties_match_unique_id_fieldLabel}",
        "valueType" : "STRING",
        "isRepeating" : false,
        "name" : "itk_transaction@match_unique_id"
      }, {
        "xcpId" : "overnight_flag",
        "xtype" : "xcp_value_display",
        "fieldLabel" : "${_UI_Page_itk_trans_properties_overnight_flag_fieldLabel}",
        "valueType" : "STRING",
        "isRepeating" : false,
        "name" : "itk_transaction@overnight_flag"
      }, {
        "xcpId" : "matched_loan_override",
        "xtype" : "xcp_value_display",
        "fieldLabel" : "${_UI_Page_itk_trans_properties_matched_loan_override_fieldLabel}",
        "valueType" : "BOOLEAN",
        "isRepeating" : false,
        "name" : "itk_transaction@matched_loan_override"
      }, {
        "xcpId" : "policy_no",
        "xtype" : "xcp_value_display",
        "fieldLabel" : "${_UI_Page_itk_trans_properties_policy_no_fieldLabel}",
        "valueType" : "STRING",
        "isRepeating" : false,
        "name" : "itk_transaction@policy_no"
      }, {
        "xcpId" : "bypass_policy_no_match",
        "xtype" : "xcp_checkbox",
        "fieldLabel" : "${_UI_Page_itk_trans_properties_bypass_policy_no_match_fieldLabel}",
        "valueType" : "BOOLEAN",
        "plugins" : [ {
          "ptype" : "xcp_expression_properties",
          "expression" : [ {
            "propertyId" : "value",
            "setterFunName" : "setValue",
            "etype" : "itk_trans_properties_bypass_policy_no_match_value_1",
            "events" : [ "itk_transaction.change", "itk_transaction.load" ],
            "disableInitialEval" : false,
            "disableProcessingOnRender" : false,
            "initialDefaultExprValue" : null
          } ]
        } ]
      }, {
        "xcpId" : "received_date",
        "xtype" : "xcp_value_display",
        "fieldLabel" : "${_UI_Page_itk_trans_properties_received_date_fieldLabel}",
        "valueType" : "DATETIME",
        "isRepeating" : false,
        "format" : {
          "xtype" : "xcp_datetime_formatter",
          "dateFormat" : "short",
          "timeFormat" : "short",
          "dateStyle" : "datetime"
        },
        "name" : "itk_transaction@received_date"
      }, {
        "xcpId" : "transaction_channel",
        "xtype" : "xcp_value_display",
        "fieldLabel" : "${_UI_Page_itk_trans_properties_transaction_channel_fieldLabel}",
        "valueType" : "STRING",
        "isRepeating" : false,
        "name" : "itk_transaction@transaction_channel"
      }, {
        "xcpId" : "trans_comments",
        "xtype" : "xcp_value_display",
        "fieldLabel" : "${_UI_Page_itk_trans_properties_trans_comments_fieldLabel}",
        "valueType" : "STRING",
        "isRepeating" : true,
        "repeatingAttributeFormat" : {
          "xtype" : "xcp_repeating_attribute_formatter",
          "separatorStyle" : "NEWLINE"
        },
        "name" : "itk_transaction@trans_comments"
      }, {
        "xcpId" : "transaction_id",
        "xtype" : "xcp_value_display",
        "fieldLabel" : "${_UI_Page_itk_trans_properties_transaction_id_fieldLabel}",
        "valueType" : "STRING",
        "isRepeating" : false,
        "name" : "itk_transaction@transaction_id"
      }, {
        "xcpId" : "transaction_source",
        "xtype" : "xcp_value_display",
        "fieldLabel" : "${_UI_Page_itk_trans_properties_transaction_source_fieldLabel}",
        "valueType" : "STRING",
        "isRepeating" : false,
        "name" : "itk_transaction@transaction_source"
      }, {
        "xcpId" : "transaction_state",
        "xtype" : "xcp_value_display",
        "fieldLabel" : "${_UI_Page_itk_trans_properties_transaction_state_fieldLabel}",
        "valueType" : "STRING",
        "isRepeating" : false,
        "name" : "itk_transaction@transaction_state"
      }, {
        "xcpId" : "transaction_status",
        "xtype" : "xcp_value_display",
        "fieldLabel" : "${_UI_Page_itk_trans_properties_transaction_status_fieldLabel}",
        "valueType" : "STRING",
        "isRepeating" : false,
        "name" : "itk_transaction@transaction_status"
      }, {
        "xcpId" : "transaction_type",
        "xtype" : "xcp_value_display",
        "fieldLabel" : "${_UI_Page_itk_trans_properties_transaction_type_fieldLabel}",
        "valueType" : "STRING",
        "isRepeating" : false,
        "name" : "itk_transaction@transaction_type"
      }, {
        "xcpId" : "transaction_zip",
        "xtype" : "xcp_value_display",
        "fieldLabel" : "${_UI_Page_itk_trans_properties_transaction_zip_fieldLabel}",
        "valueType" : "STRING",
        "isRepeating" : false,
        "name" : "itk_transaction@transaction_zip"
      } ]
    } ]
  } ]
}