{
  "name" : "process-type",
  "type" : "itk_replacescanidwithacctno",
  "label" : "ReplaceScanIdWithAcctNo",
  "runnable-stateless" : false,
  "urn" : "urn:itk:com.emc.ide.artifact.process:Artifacts/Processes/replacescanidwithacctno.process",
  "properties" : [ {
    "name" : "process_id",
    "label" : "process_id",
    "type" : "string",
    "length" : 64
  }, {
    "name" : "status",
    "label" : "status",
    "type" : "string",
    "length" : 64
  }, {
    "name" : "id",
    "label" : "id",
    "type" : "string",
    "length" : 64
  }, {
    "name" : "r_runtime_state",
    "label" : "r_runtime_state",
    "type" : "integer"
  }, {
    "name" : "correlation_identifier",
    "label" : "correlation_identifier",
    "type" : "string",
    "length" : 64
  }, {
    "name" : "object_name",
    "label" : "object_name",
    "type" : "string",
    "length" : 64
  }, {
    "name" : "r_creator_name",
    "label" : "r_creator_name",
    "type" : "string",
    "length" : 64
  }, {
    "name" : "r_start_date",
    "label" : "r_start_date",
    "type" : "datetime"
  }, {
    "name" : "supervisor_name",
    "label" : "supervisor_name",
    "type" : "string",
    "length" : 64
  }, {
    "name" : "supervisor_address",
    "label" : "supervisor_address",
    "type" : "string",
    "length" : 64
  } ],
  "tasks" : [ {
    "rel" : "http://identifiers.emc.com/linkrel/task",
    "href" : "${contextPath}types/processes/itk_replacescanidwithacctno/tasks/itk_send_http_restful_r"
  }, {
    "rel" : "http://identifiers.emc.com/linkrel/task",
    "href" : "${contextPath}types/processes/itk_replacescanidwithacctno/tasks/itk_initiate"
  }, {
    "rel" : "http://identifiers.emc.com/linkrel/task",
    "href" : "${contextPath}types/processes/itk_replacescanidwithacctno/tasks/itk_extract_acct_no"
  }, {
    "rel" : "http://identifiers.emc.com/linkrel/task",
    "href" : "${contextPath}types/processes/itk_replacescanidwithacctno/tasks/itk_check_response_code"
  }, {
    "rel" : "http://identifiers.emc.com/linkrel/task",
    "href" : "${contextPath}types/processes/itk_replacescanidwithacctno/tasks/itk_finished"
  }, {
    "rel" : "http://identifiers.emc.com/linkrel/task",
    "href" : "${contextPath}types/processes/itk_replacescanidwithacctno/tasks/itk_extract_inst_code"
  }, {
    "rel" : "http://identifiers.emc.com/linkrel/task",
    "href" : "${contextPath}types/processes/itk_replacescanidwithacctno/tasks/itk_update_transaction"
  }, {
    "rel" : "http://identifiers.emc.com/linkrel/task",
    "href" : "${contextPath}types/processes/itk_replacescanidwithacctno/tasks/itk_get_account_tax_id"
  }, {
    "rel" : "http://identifiers.emc.com/linkrel/task",
    "href" : "${contextPath}types/processes/itk_replacescanidwithacctno/tasks/itk_start_from_reposito"
  }, {
    "rel" : "http://identifiers.emc.com/linkrel/task",
    "href" : "${contextPath}types/processes/itk_replacescanidwithacctno/tasks/itk_decision_split"
  }, {
    "rel" : "http://identifiers.emc.com/linkrel/task",
    "href" : "${contextPath}types/processes/itk_replacescanidwithacctno/tasks/itk_process_jsonrespons"
  }, {
    "rel" : "http://identifiers.emc.com/linkrel/task",
    "href" : "${contextPath}types/processes/itk_replacescanidwithacctno/tasks/itk_join"
  }, {
    "rel" : "http://identifiers.emc.com/linkrel/task",
    "href" : "${contextPath}types/processes/itk_replacescanidwithacctno/tasks/itk_noop1"
  }, {
    "rel" : "http://identifiers.emc.com/linkrel/task",
    "href" : "${contextPath}types/processes/itk_replacescanidwithacctno/tasks/itk_decision_split_1"
  }, {
    "rel" : "http://identifiers.emc.com/linkrel/task",
    "href" : "${contextPath}types/processes/itk_replacescanidwithacctno/tasks/itk_web_service_db_call"
  }, {
    "rel" : "http://identifiers.emc.com/linkrel/task",
    "href" : "${contextPath}types/processes/itk_replacescanidwithacctno/tasks/itk_verify_acct_no"
  }, {
    "rel" : "http://identifiers.emc.com/linkrel/task",
    "href" : "${contextPath}types/processes/itk_replacescanidwithacctno/tasks/itk_update_status_to_ba"
  }, {
    "rel" : "http://identifiers.emc.com/linkrel/task",
    "href" : "${contextPath}types/processes/itk_replacescanidwithacctno/tasks/itk_update_status_to_in"
  }, {
    "rel" : "http://identifiers.emc.com/linkrel/task",
    "href" : "${contextPath}types/processes/itk_replacescanidwithacctno/tasks/itk_noop2"
  } ],
  "flows" : [ {
    "source" : "${contextPath}types/processes/itk_replacescanidwithacctno/tasks/itk_send_http_restful_r",
    "target" : "${contextPath}types/processes/itk_replacescanidwithacctno/tasks/itk_check_response_code",
    "flow-type" : "regular"
  }, {
    "source" : "${contextPath}types/processes/itk_replacescanidwithacctno/tasks/itk_check_response_code",
    "target" : "${contextPath}types/processes/itk_replacescanidwithacctno/tasks/itk_finished",
    "flow-type" : "regular"
  }, {
    "source" : "${contextPath}types/processes/itk_replacescanidwithacctno/tasks/itk_extract_acct_no",
    "target" : "${contextPath}types/processes/itk_replacescanidwithacctno/tasks/itk_extract_inst_code",
    "flow-type" : "regular"
  }, {
    "source" : "${contextPath}types/processes/itk_replacescanidwithacctno/tasks/itk_extract_inst_code",
    "target" : "${contextPath}types/processes/itk_replacescanidwithacctno/tasks/itk_get_account_tax_id",
    "flow-type" : "regular"
  }, {
    "source" : "${contextPath}types/processes/itk_replacescanidwithacctno/tasks/itk_check_response_code",
    "target" : "${contextPath}types/processes/itk_replacescanidwithacctno/tasks/itk_decision_split",
    "flow-type" : "regular"
  }, {
    "source" : "${contextPath}types/processes/itk_replacescanidwithacctno/tasks/itk_decision_split",
    "target" : "${contextPath}types/processes/itk_replacescanidwithacctno/tasks/itk_extract_acct_no",
    "flow-type" : "regular"
  }, {
    "source" : "${contextPath}types/processes/itk_replacescanidwithacctno/tasks/itk_decision_split",
    "target" : "${contextPath}types/processes/itk_replacescanidwithacctno/tasks/itk_process_jsonrespons",
    "flow-type" : "regular"
  }, {
    "source" : "${contextPath}types/processes/itk_replacescanidwithacctno/tasks/itk_join",
    "target" : "${contextPath}types/processes/itk_replacescanidwithacctno/tasks/itk_update_transaction",
    "flow-type" : "regular"
  }, {
    "source" : "${contextPath}types/processes/itk_replacescanidwithacctno/tasks/itk_start_from_reposito",
    "target" : "${contextPath}types/processes/itk_replacescanidwithacctno/tasks/itk_noop1",
    "flow-type" : "regular"
  }, {
    "source" : "${contextPath}types/processes/itk_replacescanidwithacctno/tasks/itk_initiate",
    "target" : "${contextPath}types/processes/itk_replacescanidwithacctno/tasks/itk_noop1",
    "flow-type" : "regular"
  }, {
    "source" : "${contextPath}types/processes/itk_replacescanidwithacctno/tasks/itk_noop1",
    "target" : "${contextPath}types/processes/itk_replacescanidwithacctno/tasks/itk_decision_split_1",
    "flow-type" : "regular"
  }, {
    "source" : "${contextPath}types/processes/itk_replacescanidwithacctno/tasks/itk_decision_split_1",
    "target" : "${contextPath}types/processes/itk_replacescanidwithacctno/tasks/itk_send_http_restful_r",
    "flow-type" : "regular"
  }, {
    "source" : "${contextPath}types/processes/itk_replacescanidwithacctno/tasks/itk_get_account_tax_id",
    "target" : "${contextPath}types/processes/itk_replacescanidwithacctno/tasks/itk_join",
    "flow-type" : "regular"
  }, {
    "source" : "${contextPath}types/processes/itk_replacescanidwithacctno/tasks/itk_process_jsonrespons",
    "target" : "${contextPath}types/processes/itk_replacescanidwithacctno/tasks/itk_join",
    "flow-type" : "regular"
  }, {
    "source" : "${contextPath}types/processes/itk_replacescanidwithacctno/tasks/itk_decision_split_1",
    "target" : "${contextPath}types/processes/itk_replacescanidwithacctno/tasks/itk_web_service_db_call",
    "flow-type" : "regular"
  }, {
    "source" : "${contextPath}types/processes/itk_replacescanidwithacctno/tasks/itk_web_service_db_call",
    "target" : "${contextPath}types/processes/itk_replacescanidwithacctno/tasks/itk_join",
    "flow-type" : "regular"
  }, {
    "source" : "${contextPath}types/processes/itk_replacescanidwithacctno/tasks/itk_update_transaction",
    "target" : "${contextPath}types/processes/itk_replacescanidwithacctno/tasks/itk_verify_acct_no",
    "flow-type" : "regular"
  }, {
    "source" : "${contextPath}types/processes/itk_replacescanidwithacctno/tasks/itk_verify_acct_no",
    "target" : "${contextPath}types/processes/itk_replacescanidwithacctno/tasks/itk_update_status_to_in",
    "flow-type" : "regular"
  }, {
    "source" : "${contextPath}types/processes/itk_replacescanidwithacctno/tasks/itk_verify_acct_no",
    "target" : "${contextPath}types/processes/itk_replacescanidwithacctno/tasks/itk_update_status_to_ba",
    "flow-type" : "regular"
  }, {
    "source" : "${contextPath}types/processes/itk_replacescanidwithacctno/tasks/itk_update_status_to_ba",
    "target" : "${contextPath}types/processes/itk_replacescanidwithacctno/tasks/itk_noop2",
    "flow-type" : "regular"
  }, {
    "source" : "${contextPath}types/processes/itk_replacescanidwithacctno/tasks/itk_update_status_to_in",
    "target" : "${contextPath}types/processes/itk_replacescanidwithacctno/tasks/itk_finished",
    "flow-type" : "regular"
  }, {
    "source" : "${contextPath}types/processes/itk_replacescanidwithacctno/tasks/itk_noop2",
    "target" : "${contextPath}types/processes/itk_replacescanidwithacctno/tasks/itk_finished",
    "flow-type" : "regular"
  } ],
  "data" : {
    "packages" : [ {
      "name" : "package0",
      "label" : "package0",
      "mandatory" : true,
      "visible" : true,
      "version-label" : "CURRENT",
      "type" : "${contextPath}types/contents/itk_cognasys_auto"
    } ],
    "variables" : [ {
      "name" : "p_lookup_response",
      "label" : "p_lookup_response",
      "type" : "string",
      "repeating" : false,
      "default-value" : null,
      "mandatory" : false
    }, {
      "name" : "p_response_data",
      "label" : "p_response_data",
      "type" : "string",
      "repeating" : true,
      "default-value" : null,
      "mandatory" : false
    }, {
      "name" : "p_acct_no",
      "label" : "p_acct_no",
      "type" : "string",
      "repeating" : false,
      "default-value" : null,
      "mandatory" : false
    }, {
      "name" : "p_inst_code",
      "label" : "p_inst_code",
      "type" : "string",
      "repeating" : false,
      "default-value" : null,
      "mandatory" : false
    }, {
      "name" : "p_response_code",
      "label" : "p_response_code",
      "type" : "string",
      "repeating" : false,
      "default-value" : null,
      "mandatory" : false
    }, {
      "name" : "p_taxpayer_id",
      "label" : "p_taxpayer_id",
      "type" : "string",
      "repeating" : false,
      "default-value" : null,
      "mandatory" : false
    } ]
  },
  "links" : [ {
    "rel" : "self",
    "href" : "${contextPath}types/processes/itk_replacescanidwithacctno"
  }, {
    "rel" : "http://identifiers.emc.com/linkrel/instances",
    "href" : "${contextPath}processes/itk_replacescanidwithacctno"
  }, {
    "rel" : "http://identifiers.emc.com/linkrel/halt"
  }, {
    "rel" : "http://identifiers.emc.com/linkrel/resume"
  }, {
    "rel" : "http://identifiers.emc.com/linkrel/terminate"
  }, {
    "rel" : "http://identifiers.emc.com/linkrel/tasks"
  }, {
    "rel" : "http://identifiers.emc.com/linkrel/attachments"
  } ]
}