<?xml version="1.0" encoding="UTF-8" standalone="no"?>
<!-- **************************************************************************         -->
<!-- Module Name: viewprojspartners_component	                                        -->
<!-- Module Description: 																-->
<!-- Author name: Parag Doshi											   		        -->
<!-- Date:	14-Sep-2010															        -->
<!-- Module Version No: 1.0                                                             -->
<!--****************************************************************************-->

<config version="1.0">
  <scope role="idocs_member">
      <component id="viewprojectspartners">
         <desc>
            This displays the list of projects folders for a partner or a list of partners
            folders for a project. The component searches the required project or partnjer
	    folders and displays the search results.
         </desc>
         <params>
            <param name="objectId" required="true"/>
            <param name="folderPath" required="false"/>
         </params>
         <pages>
          <start>/custom/jsps/searchresultslist/search60/searchresults.jsp</start>
         </pages>
         <class>org.ifc.idocs.viewprojectspartners.ViewProjectsOrPartners</class>
         <helpcontextid>viewprojectspartners</helpcontextid>         
       </component>
   </scope>
</config>