<?xml version="1.0" encoding="UTF-8" standalone="no"?>
<!-- Confidential Property of Documentum, Inc.                             -->
<!-- (c) Copyright Documentum, Inc. 2001.                                  -->
<!-- All Rights reserved.                                                  -->
<!-- May not be used without prior written agreement                       -->
<!-- signed by a Documentum corporate officer.                             -->
<!--                                                                       -->
<!-- Component: advancedSearch                                             -->
<!-- Scope: None                                                           -->
<!-- Revision    $revision$                                                -->
<!-- Modified on $date$                                                    -->
<config version="1.0">
   <scope role="idocs_member">
      <component id="advsearch" extends="advsearch:webcomponent/config/library/search/searchex/advsearch_component.xml">
         <desc>
            WDK 5.3 advanced search allows a user to select type, type 
            attributes, and location for search. The data dictionary supplies 
            searchable types and attributes as well as value assistance 
            (except conditional value assistance). Search results display 
            columns are configured in the search column and can be selected by 
            users in the display_preferences component UI. 
         </desc><!--
         <pages>
            <start>/custom/jsps/advancedsearch/advsearchex.jsp</start>
         </pages>
         <class>org.ifc.idocs.search.AdvSearchEx</class>
         <nlsbundle>org.ifc.idocs.advancedsearch.AdvSearchExNlsProp</nlsbundle>
         --><params>
            <param name="drilldown" required="false"/>
            <param name="folderpath" required="false"/>
            <param name="type" required="false"/>
            <param name="includetypes" required="false"/>
            <param name="query" required="false"/>
            <param name="usepreviousinput" required="false"/>
            <param name="objectId" required="false"/>
            <param name="queryId" required="false"/>
            <param name="showwait" required="false"/>
         </params>
         <failoverenabled>true</failoverenabled>
         
         <!-- If the binding error needs to be displayed, binding_error_propagate should be set to true.
         If the value is false,the query already saved will be processed and the search results page will be displayed-->
         <binding_error_propagate>false</binding_error_propagate>
         
         <!-- Component specific Configuration -->
         <!-- <includetypes descend="true">dm_sysobject</includetypes>-->
         
         <!-- list of object types available for search -->
		 <includetypes descend="false">idocs_project_doc,idocs_document,idocs_institution_doc,idocs_country_doc,pp_doc,pp_supporting_doc</includetypes>
		 <type>idocs_project_doc</type>
         <usedocumentpresetfilter>false</usedocumentpresetfilter>
         <helpcontextid>advsearch</helpcontextid>
      </component>
   </scope>
</config>
<!--~~~~~~~~~~~~~~~~~~~~~~~~~~~~~~~~~~~~~~~~~~~~~~~~~~~~~~~ Developer's Comments
# Parameters
/* drilldown                            (Optional) Set to true to use the 
                                        drilldown view by default to display the 
                                        search results. This parameter is set to 
                                        false in Webtop when the user selects 
                                        classic view in preferences. 
*/
/* folderpath                           (Optional) Used to populate the radio 
                                        button that displays the current 
                                        location 
*/
/* includetypes                         (Optional) Comma-delimited list of 
                                        object types to display for search. 
                                        Subtypes of the selected type will also 
                                        be searched. Overrides the default set 
                                        in the &lt;includetypes> element. 
*/
/* objectId                             (Optional) Specifies the object id of 
                                        the saved search to be revised 
*/
/* query                                (Optional) Full-text query string 
*/
/* queryId                              (Optional) Internally used to identify 
                                        the current search context 
*/
/* showwait                             (Optional) Specifies whether to show the 
                                        wait page for a non-DQL query. By 
                                        default, the wait page is displayed. 
*/
/* type                                 (Optional) Initial search type, defaults 
                                        to the first type in includetypes 
*/
/* usepreviousinput                     (Optional) Set to true to restore 
                                        previous search criteria input, if 
                                        possible 
*/
#
# Elements
/* <failoverenabled>                    This component supports failover. To 
                                        disable failover, enter a value of 
                                        false. 
*/
/* <includetypes>                       Comma-delimited list of object types to 
                                        display for search. Set the descend 
                                        attribute to true to search subtypes of 
                                        the selected type; set to false to 
                                        search only the selected type.. 
*/
/* <usedocumentpresetfilter>            Set to true to activates the use of the
                                        type filter preset element from the
                                        newDocument component. This deactivates
                                        the includetypes settings.
*/
#
~~~~~~~~~~~~~~~~~~~~~~~~~~~~~~~~~~~~~~~~~~~~~~~~~~~~~~~~~~~~~~~~~~~~~~~~~~~~~-->
