<?xml version="1.0" encoding="UTF-8" standalone="no"?>
<!-- **************************************************************************         -->
<!-- Module Name: legaldatabaselink_component	                                        -->
<!-- Module Description: The custom component is used to provide functionality to 
						 encrypt project id and open legal database for specific
						  project.														-->
<!-- Author name: Parag Doshi											   		        -->
<!-- Date:	8-Sep-2010															        -->
<!-- Module Version No: 1.0                                                             -->
<!--****************************************************************************-->
<config version="1.0">
  <scope role="idocs_member">
      <component id="legaldatabaselink">
         <desc>
            Opens a Legal Dabase application browser window. 
         </desc>
         <params>
            <param name="objectId" required="false"/>
         </params>
         <pages>
            <start>/custom/jsps/legaldatabaselink/legaldatabaselink.jsp</start>
         </pages>
         <class>org.ifc.idocs.legaldatabaselink.LegalDatabaseLink</class>
         <nlsbundle>org.ifc.idocs.legaldatabaselink.LegalDatabaseLinklNlsProp</nlsbundle>
         <helpcontextid>legaldatabaselink</helpcontextid>
         <windowparams>
			location=yes,status=yes,menubar=yes,toolbar=auto,scrollbars=yes,modal=no,resizable=yes,type=fullWindow,maximize=yes
		 </windowparams>
       </component>
   </scope>
</config>
