<?xml version="1.0" encoding="UTF-8" standalone="no"?>
<!-- **************************************************************************         -->
<!-- Module Name: extendedpermissions_component             	                                    -->
<!-- Module Description: The customized component for permissions is used to provide
						 custom jsp and class											-->
<!-- Author name: Parag Doshi											   		        -->
<!-- Date:	8-Sep-2010															        -->
<!-- Module Version No: 1.0                                                             -->
<!--****************************************************************************-->
<config version="1.0">
   <scope type="idocs_document,idocs_sub_folder,idocs_folder"  role="idocs_member">

	  <component modifies="permissions:webcomponent/config/library/permissions/extendedpermissions_component.xml">
         <!-- replace the IRM behaviour class to the WDK component -->
         <replace path='class'>
	         <class>org.ifc.idocs.permissions.ExtendedPermissions</class>
         </replace>
         <replace path='pages.start'>
            <start>/custom/jsps/permissions/extendedpermissions.jsp</start>
         </replace>
      </component>

   </scope>
   <scope type="dm_ace" role="idocs_member" location="/IFCDocs" >
      <!--context menu feature-->
      <menuconfig id="context-menu" >
         <!--<actionmenuitem dynamic="multiselect" action="editaceaction" nlsid="MSG_EDIT" showifinvalid="false" showifdisabled="false"/>
         <actionmenuitem dynamic="multiselect" action="rmaccessor" nlsid="MSG_REMOVE" showifinvalid="false" showifdisabled="false"/>
         <actionmenuitem dynamic="multiselect" action="addgroupmembership" nlsid="MSG_ADD_GROUP_MEMBERSHIP" showifinvalid="false" showifdisabled="false"/>-->
      </menuconfig>
   </scope>
</config>

