<?xml version="1.0" encoding="UTF-8" standalone="no"?>
<!-- **************************************************************************         -->
<!-- Module Name: reportdetailscontainerlist_component		                                        -->
<!-- Module Description: The customised reportdetaliscontainerlist component is 
						 extended to provide custom class and scoped for idocs_document	-->
<!-- Author name: Parag Doshi											   		        -->
<!-- Date:	8-Sep-2010															        -->
<!-- Module Version No: 1.0                                                             -->
<!--****************************************************************************-->

<config version="1.0">
	<scope type="idocs_document" role="idocs_member">
		<component id="reportdetailscontainerlist"
			extends="reportdetailscontainerlist:webcomponent/config/library/workflow/reportdetailscontainer/reportdetailscontainerlist_component.xml">
			<desc>
				Extends the component propertysheetcontainer and contains
				report
				detail components for a workflow. 
         </desc>
			<params>
				<param name="objectId" required="true" />
				<param name="component" required="false" />
			</params>
			<pages>
				<start>/custom/jsps/workflow/reportdetailscontainer/reportDetailsContainer.jsp</start>
				<error-page>/custom/jsps/workflow/showWorkflowStatusError.jsp</error-page>
			</pages>
			<contains>
				<component>reportdetailssummarylist</component>
				<component>reportdetailsauditlist</component>
				<component>processdiagram</component>
			</contains>
			<class>org.ifc.idocs.workflow.reportdetailscontainer.ReportDetailsContainer</class>
			<nlsbundle>com.documentum.webcomponent.library.workflow.reportdetailscontainer.ReportDetailsContainerNlsProp</nlsbundle>
		</component>
	</scope>
</config>
	<!--
		~~~~~~~~~~~~~~~~~~~~~~~~~~~~~~~~~~~~~~~~~~~~~~~~~~~~~~~ Developer's
		Comments # Parameters /* component (Optional) The contained component.
		*/ /* objectId (Required) ID of the selected workflow. */ #
		~~~~~~~~~~~~~~~~~~~~~~~~~~~~~~~~~~~~~~~~~~~~~~~~~~~~~~~~~~~~~~~~~~~~~~~~~~~~~
	-->
