<?xml version="1.0" encoding="UTF-8" standalone="no"?>
<!-- Confidential Property of Documentum, Inc.                             -->
<!-- (c) Copyright Documentum, Inc. 2001.                                  -->
<!-- All Rights reserved.                                                  -->
<!-- May not be used without prior written agreement                       -->
<!-- signed by a Documentum corporate officer.                             -->
<!--                                                                       -->
<!-- Component: report details container                                   -->
<!-- Scope: None                                                           -->
<!-- Revision    $Revision: 2$                                              -->
<!-- Modified on $Date: 1/2/2007 11:41:15 PM$                               -->
<config version="1.0">
   <scope type="dm_workflow" role="idocs_member">
      <component id="reportdetailscontainerclassic" extends="reportdetailscontainerclassic:webtop/config/reportdetailscontainerclassic_component.xml">
         <desc>
            Extends the WDK component reportdetailscontainerlist and contains 
            report detail components on a workflow.
         </desc>
         <pages>
		 	<start>/custom/jsps/workflow/reportdetailscontainer/reportDetailsContainer.jsp</start>
			<error-page>/custom/jsps/workflow/showWorkflowStatusError.jsp</error-page>
		 </pages>
         <contains>
            <component>reportdetailssummarylist</component>
            <component>reportdetailsauditlist</component>
            <component>processdiagram</component>
         </contains>
	  </component>
   </scope>
</config>
<!--~~~~~~~~~~~~~~~~~~~~~~~~~~~~~~~~~~~~~~~~~~~~~~~~~~~~~~~ Developer's Comments
# Parameters
/* component                            The contained component 
*/
/* objectId                             (Required) ID of the selected workflow 
*/
#
~~~~~~~~~~~~~~~~~~~~~~~~~~~~~~~~~~~~~~~~~~~~~~~~~~~~~~~~~~~~~~~~~~~~~~~~~~~~~-->
