<?xml version="1.0" encoding="UTF-8" standalone="no"?>
<!-- **************************************************************************         -->
<!-- Module Name: processdiagram_component		                                        -->
<!-- Module Description: Process diagram Component configuration XML file 				-->
<!-- Author name: Parag Doshi											   		        -->
<!-- Date:	8-Sep-2010															        -->
<!-- Module Version No: 1.0                                                             -->
<!--****************************************************************************-->
<config version="1.0">
   <scope role="idocs_member">
      <component id="processdiagram">
         <desc>
            Displays Process diagram of a workflow that generated a 
            specific task. It is part of the task manager and report detail component group. 
         </desc>
         <params>
            <param name="objectId" required="false"/>
         </params>
         <pages>
            <start>/custom/jsps/workflow/processdiagram/processDiagram.jsp</start>
            <nosvg>/custom/jsps/workflow/processdiagram/nosvg.jsp</nosvg>
         </pages>
         <class>org.ifc.idocs.workflow.processdiagram.ProcessDiagram</class>
     <!--  <nlsbundle>org.ifc.idocs.workflow.processdiagram.ProcessDiagramNlsProp</nlsbundle> -->   
      <!-- <nlsbundle>org.ifc.idocs.workflow.reportdetails.ReportDetailsHeaderNlsProp</nlsbundle> -->
      
      <nlsbundle>org.ifc.idocs.workflow.processdiagram.ProcessDiagramNlsProp</nlsbundle>
      </component>
   </scope>
</config>