<?xml version="1.0" encoding="UTF-8" standalone="no"?>
<!-- **************************************************************************         -->
<!-- Module Name: menubar_component		                                        -->
<!-- Module Description: The menubar component is customized to provide custom 
						 workflow status report menu-item								-->
<!-- Author name: Parag Doshi											   		        -->
<!-- Date:	8-Sep-2010															        -->
<!-- Module Version No: 1.0                                                             -->
<!--****************************************************************************-->

<config version="1.0">
   <scope role="idocs_member">
      <component id="menubar" extends="menubar:webcomponent/config/library/menubar/menubar_component.xml">
         <!-- Description (not NLS'd) -->
         <desc>
            menubar component: Defines the menu bar structure and the accessible actions.
         </desc>
         <params>
            <param name="accessible" required="false"/>
         </params>
         
         <pages>
            <start>/custom/jsps/menubar/menubar.jsp</start>
         </pages>
         <menugrouptarget>content</menugrouptarget>
         <class>com.documentum.webcomponent.library.menubar.MenuBar</class> 
         <nlsbundle>org.ifc.idocs.menubar.MenuBarNlsProp</nlsbundle>
         <!-- If this component supports failover/replication, the failoverenabled needs to be set to true-->
         <failoverenabled>true</failoverenabled>
         <menuconfigids>
            <id>menubar_file_menu</id>
            <id>menubar_edit_menu</id>
            <id>menubar_view_menu</id>
            <id>menubar_tools_menu</id>
            <filter entitlement="recordsmanager,rps">
               <id>menubar_rpm_menu</id>
            </filter>
         </menuconfigids>
      </component>
      <menuconfig id="menubar_file_menu">
         <menu name="file_menu" nlsid="MSG_FILE"  width="50" >
            <actionmenuitem dynamic="multiselect" name="preset_edit" nlsid="MSG_EDIT" action="editpreset" showifinvalid="true"/>
            <menuseparator name="file_sep1"/>
            <menuconfig id="file_new_submenu"/>
            <menuseparator name="file_sep2"/>
            <actionmenuitem dynamic="genericnoselect" name="userimport" nlsid="MSG_USER_IMPORT" action="userimport" showifinvalid="false"/>
            <actionmenuitem dynamic="genericnoselect" name="file_adduserorgroup" nlsid="MSG_ADD_USER_OR_GROUP" action="adduserorgroup" showifinvalid="false" showifdisabled="false"/>
            <actionmenuitem dynamic="genericnoselect" name="file_addworkqueuemember" nlsid="MSG_ADD_USER_OR_GROUP" action="addworkqueuemember" showifinvalid="false" showifdisabled="false"/>
            <menuseparator name="file_sep3"/>
            <actionmenuitem dynamic="multiselect" name="file_refresh" nlsid="MSG_REFRESH" action="refresh" showifinvalid="false" showifdisabled="false"/>
            <actionmenuitem dynamic="multiselect" name="file_edit" nlsid="MSG_EDIT_FILE" action="editfile" hotkeyid="HOTKEY_EDIT" showifinvalid="true"/>
            <actionmenuitem dynamic="singleselect" id="file_view" name="file_view" nlsid="MSG_VIEW_FILE" action="view" hotkeyid="HOTKEY_VIEW" showifinvalid="true"/>
            <actionmenuitem dynamic="singleselect" id="file_saveas" name="file_saveas" nlsid="MSG_SAVE_AS" action="saveasxforms" showifinvalid="true"/>
            <actionmenuitem dynamic="multiselect" name="file_checkin" nlsid="MSG_CHECKIN" action="checkin" hotkeyid="HOTKEY_CHECKIN" showifinvalid="true"/>
            <actionmenuitem dynamic="multiselect" name="file_checkout" nlsid="MSG_CHECKOUT" action="checkout" hotkeyid="HOTKEY_CHECKOUT" showifinvalid="true"/>
            <actionmenuitem dynamic="multiselect" name="file_cancelcheckout" nlsid="MSG_CANCEL_CHECKOUT" action="cancelcheckout" showifinvalid="true"/>
            <actionmenuitem dynamic="singleselect" name="doc_importrendition" nlsid="MSG_IMPORT_RENDITION" action="importrendition" showifinvalid="true" showifdisabled="false"/>
            <menuseparator name="file_sep4"/>
            <actionmenuitem dynamic="generic" name="file_import" nlsid="MSG_IMPORT" action="import" hotkeyid="HOTKEY_IMPORT" showifinvalid="false" showifdisabled="true"/>
            <actionmenuitem dynamic="multiselect" name="file_import_externalsource" nlsid="MSG_SAVE_TO_REPOSITORY" action="importexternalresult" showifinvalid="false" showifdisabled="true"/>
            <actionmenuitem dynamic="multiselect" name="file_export" nlsid="MSG_EXPORT" action="export" hotkeyid="HOTKEY_EXPORT" showifinvalid="false" showifdisabled="true"/>
            <actionmenuitem dynamic="singleselect" name="file_exportrendition" nlsid="MSG_EXPORT" action="exportrendition" showifinvalid="false" showifdisabled="true"/>
            <actionmenuitem dynamic="singleselect" name="file_delete_relation" nlsid="MSG_DELETE_RELATION" action="deleterelation" showifinvalid="false" showifdisabled="false"/>
            <actionmenuitem dynamic="multiselect" name="removeuserorgroup" nlsid="MSG_REMOVE_USER_OR_GROUP" action="removeuserorgroup" showifinvalid="false" showifdisabled="false"/>
            <actionmenuitem dynamic="multiselect" name="removeworkqueuemember" nlsid="MSG_REMOVE_USER_OR_GROUP" action="removeworkqueuemember" showifinvalid="false" showifdisabled="false"/>
            <actionmenuitem dynamic="multiselect" name="file_send_locator" nlsid="MSG_SEND_LOCATOR" action="sendlocator" hotkeyid="HOTKEY_EMAIL" showifinvalid="true"/>
            <actionmenuitem dynamic="singleselect" name="file_find_target" nlsid="MSG_FIND_TARGET" action="findtarget" showifinvalid="false" showifdisabled="false"/>
            <actionmenuitem dynamic="multiselect" name="file_govern" nlsid="MSG_ADD_TO_ROOM" action="govern" showifdisabled="false" showifinvalid="false"/>
            <actionmenuitem dynamic="multiselect" name="file_ungovern" nlsid="MSG_REMOVE_FROM_ROOM" action="ungovern"  showifdisabled="false" showifinvalid="false"/>
            <menuseparator name="file_sep5"/>
            <actionmenuitem dynamic="multiselect" name="mark_discussion_read" nlsid="MSG_DISCUSSION_MARK_READ" action="markread" showifinvalid="false" showifdisabled="false" />
            <actionmenuitem dynamic="multiselect" name="mark_discussion_unread" nlsid="MSG_DISCUSSION_MARK_UNREAD" action="markunread" showifinvalid="false" showifdisabled="false" />
            <filter clientenv="not portal">
               <menuseparator name="file_sep6"/>
				<actionmenuitem dynamic="singleselect" name="legal_database" nlsid="MSG_LEGAL_DB" action="legaldatabaselink" showifinvalid="true" showifdisabled="true"/>
				<actionmenuitem dynamic="generic" action="viewprojectsorpartners" value="View Partners/Projects" showifdisabled="true" showifinvalid="true"/>
				<actionmenuitem dynamic="generic" name="design_workflow" nlsid="MSG_HELP" action="workflow_design"  showifinvalid="true"/> 
               <actionmenuitem name="file_about" nlsid="MSG_ABOUT" action="about" showifinvalid="true"/>
               <menuseparator name="file_sep7"/>
               <actionmenuitem name="file_logout" nlsid="MSG_LOGOUT" action="logout" hotkeyid="HOTKEY_LOGOUT" showifinvalid="true"/>
            </filter>
         </menu>
      </menuconfig>
      <!-- Edit menu on the main menubar -->
      <menuconfig id="menubar_edit_menu">
         <menu name="edit_menu" nlsid="MSG_EDIT" width="50">
            <actionmenuitem dynamic="multiselect" name="tools_addtoclip" nlsid="MSG_ADD_TO_CLIPBOARD" action="addtoclipboard" hotkeyid="HOTKEY_ADD_TO_CLIPBOARD" showifinvalid="true"/>
            <menuseparator name="edit_sep1"/>
           <actionmenuitem dynamic="generic" name="tools_move" nlsid="MSG_MOVE_FILE" action="move" hotkeyid="HOTKEY_MOVE_FILE" showifinvalid="true"/>
            <actionmenuitem dynamic="generic" name="tools_copy" nlsid="MSG_COPY_FILE" action="copy" hotkeyid="HOTKEY_COPY_FILE" showifinvalid="true"/>
            <menuseparator name="edit_sep2"/>
            <actionmenuitem dynamic="generic" name="tools_viewclipboard" nlsid="MSG_VIEW_CLIP" action="viewclipboard" showifinvalid="true"/>
         </menu>
      </menuconfig>
      <!-- View menu on the main menubar -->
      <menuconfig id="menubar_view_menu">
         <menu name="view_menu" nlsid="MSG_VIEW" width="50">
            <menu name="view_properties_menu" nlsid="MSG_PROPERTIES">
               <actionmenuitem dynamic="multiselect" name="view_info" nlsid="MSG_INFO" action="attributes" hotkeyid="HOTKEY_VIEW_PROPERTIES_INFO" showifinvalid="true"/>
               <actionmenuitem dynamic="singleselect" name="view_recurrence" nlsid="MSG_RECURRENCE" action="recurrence" showifinvalid="false" showifdisabled="false"/>
               <actionmenuitem dynamic="singleselect" name="view_tablefields" nlsid="MSG_TABLE_FIELDS" action="tablefields" showifinvalid="false" showifdisabled="false"/>
               <actionmenuitem dynamic="singleselect" name="view_membership" nlsid="MSG_ROOM_MEMBERSHIP" action="roommembers" showifinvalid="false" showifdisabled="false"/>
               <actionmenuitem dynamic="singleselect" name="view_options" nlsid="MSG_OPTIONS" action="options" showifinvalid="false" showifdisabled="false"/>
               <actionmenuitem dynamic="multiselect" name="view_permissions" nlsid="MSG_PERMISSIONS" action="permissions" showifinvalid="true"/>
               <actionmenuitem dynamic="singleselect" name="view_history" nlsid="MSG_HISTORY" action="history" showifinvalid="true"/>
            </menu>
            <menuseparator name="view_sep1"/>
            <actionmenuitem dynamic="genericnoselect" name="userrenamelog" nlsid="MSG_USER_RENAME_LOG" action="userrenamelog" showifinvalid="false" showifdisabled="false"/>
            <actionmenuitem dynamic="genericnoselect" name="changehomedblog" nlsid="MSG_USER_CHANGE_HOME_DB_LOG" action="changehomedblog" showifinvalid="false" showifdisabled="false"/>
            <actionmenuitem dynamic="genericnoselect" name="grouprenamelog" nlsid="MSG_GROUP_RENAME_LOG" action="grouprenamelog" showifinvalid="false" showifdisabled="false"/>
            <actionmenuitem dynamic="singleselect" name="view_versions" nlsid="MSG_VERSIONS" action="versions" showifinvalid="true"/>
            <actionmenuitem dynamic="singleselect" name="view_relationships" nlsid="MSG_RELATIONSHIPS" action="relationships" showifinvalid="true"/>
            <actionmenuitem dynamic="singleselect" name="view_renditions" nlsid="MSG_RENDITIONS" action="renditions" showifinvalid="true"/>
            <actionmenuitem dynamic="singleselect" name="view_locations" nlsid="MSG_LOCATIONS" action="locations" showifinvalid="true"/>
            <actionmenuitem dynamic='singleselect' name='view_user_membership' nlsid='MSG_VIEW_CURRENT_USER_MEMBERSHIPS' action='usermembershipbrowse' showifinvalid='false' showifdisabled="false"/>
           <actionmenuitem dynamic='singleselect' name='view_group_membership' nlsid='MSG_VIEW_CURRENT_GROUP_MEMBERSHIPS' action='groupmembershipbrowse' showifinvalid='false' showifdisabled="false"/>

            <actionmenuitem dynamic="singleselect" name="view_assemblies" nlsid="MSG_ASSEMBLIES" action="viewassemblies" showifinvalid="true"/>
            <menuseparator name="view_sep2"/>
            <actionmenuitem dynamic="singleselect" name="view_discussion" nlsid="MSG_DISCUSSION" action="showtopicaction" showifinvalid="false"/>
            <!-- RM webtop -->
            <menuseparator name="view_sep3"/>
            <actionmenuitem dynamic='genericnoselect' name='prm_view_my_requests' nlsid='MSG_VIEW_MY_REQUESTS' action='dmc_prm_user_request_list' showifinvalid='true'/>
            <actionmenuitem dynamic="singleselect" name="view_contained_in_formal_records" nlsid="MSG_CONTAINED_IN_FORMAL_RECORDS" action="viewformalrecordassociations" showifinvalid="true"/>
            <actionmenuitem dynamic="singleselect" name="view_record_relationships" nlsid="MSG_RECORD_RELATIONSHIPS" action="viewrecordrelationships" showifinvalid="true"/>
            <!-- end RM webtop -->
         </menu>
      </menuconfig>
      <!-- Tool menu on the main menubar -->
      <menuconfig id="menubar_tools_menu">
         <menu name="tools_menu" nlsid="MSG_TOOLS" width="50">
            <!--<menuconfig id="doc_lifecycle_submenu"/>
            --><menuconfig id="doc_vdm_submenu"/>
            <menuconfig id="workflow_submenu"/>
            <filter entitlement="irm">
               <menuconfig id="doc_irm_submenu"/>
            </filter>
            <menuconfig id="queue_management_submenu"/>
            <menuseparator name="tools_sep1"/>
            <actionmenuitem dynamic="multiselect" name="tools_subscribe" nlsid="MSG_SUBSCRIBE" action="subscribe" hotkeyid="HOTKEY_SUBSCRIBE" showifinvalid="true"/>
            <actionmenuitem dynamic="multiselect" name="tools_unsubscribe" nlsid="MSG_UNSUBSCRIBE" action="unsubscribe" showifinvalid="true"/>
            <actionmenuitem dynamic="multiselect"  name="tools_registerreadevent" nlsid="MSG_TURN_ON_READ_NOTIFICATION" action="registerreadevent" showifinvalid="false" showifdisabled="true"/>
            <actionmenuitem dynamic="multiselect"  name="tools_unregisterreadevent" nlsid="MSG_TURN_OFF_READ_NOTIFICATION" action="unregisterreadevent" showifinvalid="false" showifdisabled="true"/>
            <actionmenuitem dynamic="multiselect"  name="tools_registerevents" nlsid="MSG_TURN_ON_NOTIFICATION" action="registerevents" showifinvalid="false" showifdisabled="true"/>
            <actionmenuitem dynamic="multiselect"  name="tools_unregisterevents" nlsid="MSG_TURN_OFF_NOTIFICATION" action="unregisterevents" showifinvalid="false" showifdisabled="true"/>
            <menuseparator name="tools_sep2"/>
            <actionmenuitem dynamic="generic" name="tools_exportcsv" nlsid="MSG_EXPORT_TO_CSV" action="exporttocsv" showifinvalid="true" showifdisabled="true"/>            
            <actionmenuitem dynamic="multiselect" name="userchangestate" nlsid="MSG_USER_CHANGE_STATE" action="userchangestate" showifinvalid="false" showifdisabled="false"/>
            <actionmenuitem dynamic="multiselect" name="userchangehomedocbase" nlsid="MSG_USER_CHANGE_HOME_DOCBASE" action="changehomedocbase" showifinvalid="false" showifdisabled="false"/>
            <actionmenuitem dynamic="multiselect" name="reassignuser" nlsid="MSG_REASSIGN_USER" action="reassignuser" showifinvalid="false" showifdisabled="false"/>
            <actionmenuitem dynamic="multiselect" name="grouprename" nlsid="MSG_GROUP_REASSIGN" action="groupreassign" showifinvalid="false" showifdisabled="false"/>
            <menuconfig id="doc_create_renderition_submenu"/>
            <filter clientenv="not portal">
               <menuseparator name="file_sepstatus"/>
               <actionmenuitem name="tools_viewallmessages" nlsid="MSG_SHOW_ALL_MSGS" action="showallmessages" showifinvalid="true"/>
            </filter>
            <menuconfig id="preset_submenu"/>
            <menuseparator name="tools_sep3"/>
            <actionmenuitem name="tools_preference" nlsid="MSG_PREFERENCE" action="preferences" showifinvalid="true" />
            <menuseparator name="tools_sep4"/>
            <actionmenuitem dynamic="singleselect" name="tools_foldersync" nlsid="MSG_FOLDER_SYNC" action="foldersync" showifinvalid="false" showifdisabled="true"/>
            <menuseparator name="pnp_lc"/>
            <actionmenuitem dynamic ="singleselect" name="move_to_approved" id="move_to_approved" nlsid="PNP_MOVE_TO_APPROVED" action="move_to_approved" showifinvalid="true"/>
            <actionmenuitem dynamic ="singleselect" name="move_to_published" id="move_to_published" nlsid="PNP_MOVE_TO_PUBLISHED" action="move_to_published" showifinvalid="true"/>
            <actionmenuitem dynamic ="singleselect" name="move_to_archived" id="move_to_archived" nlsid="PNP_MOVE_TO_ARCHIVED" action="move_to_archived" showifinvalid="true"/>                   
            <actionmenuitem dynamic ="singleselect" name="return_to_draft" id="return_to_draft" nlsid="PNP_RETURN_TO_DRAFT" action="return_to_draft" showifinvalid="true"/>
            <actionmenuitem dynamic ="singleselect" name="pnp_version" id="pnp_version" nlsid="PNP_MAJOR_VERSION" action="pnp_major_version" showifinvalid="true"/>
            <actionmenuitem dynamic ="singleselect" name="pnp_move_to_trash" id="pnp_move_to_trash" nlsid="PNP_MOVE_TO_TRASH" action="move_to_trash" showifinvalid="true"/>
            <actionmenuitem dynamic ="singleselect" name="last_review_date" id="last_review_date" nlsid="PNP_LAST_REVIEW_DATE" action="last_review_date" showifinvalid="true"/>
            <menuseparator name="pnp_group_sep"/>     
            <actionmenuitem dynamic ="genericnoselect" name="pnp_current_group_member" id="pnp_current_group_member" nlsid="PNP_CURRENT_GROUP_MEMBER" action="current_group_member" showifinvalid="true"/>
         </menu>
      </menuconfig>
      <!-- file/new submenu -->
      <menuconfig id="file_new_submenu">
         <menu name="file_new_menu" nlsid="MSG_NEW">
            <filter role="administrator" entitlement="irm">
               <actionmenuitem dynamic='genericnoselect' name='file_newirmprofile' nlsid='MSG_NEW_PROTECTION_PROFILE' action='newirmprofile' showifinvalid='false'/>
            </filter>
            <actionmenuitem dynamic="generic" name="file_newdocument" nlsid="MSG_NEW_DOCUMENT" action="newdocument" hotkeyid="HOTKEY_NEW_DOCUMENT" showifinvalid="true"/>
            <actionmenuitem dynamic="generic" name="file_newpnpfolder" nlsid="MSG_NEW_FOLDER" action="newpnpfolder" showifinvalid="true"/>
         </menu>
      </menuconfig>
      <!-- document lifecycle submenu -->
      <menuconfig id="doc_lifecycle_submenu">
         <menu name="doc_lifecycle" nlsid="MSG_LIFECYCLE">
            <actionmenuitem dynamic="multiselect" name="doc_promotelifecycle" nlsid="MSG_PROMOTE_LIFECYCLE" action="promote" hotkeyid="HOTKEY_PROMOTE" showifinvalid="true"/>
            <actionmenuitem dynamic="multiselect" name="doc_demotelifecycle" nlsid="MSG_DEMOTE_LIFECYCLE" action="demote" hotkeyid="HOTKEY_DEMOTE" showifinvalid="true"/>
            <actionmenuitem dynamic="multiselect" name="doc_applylifecycle" nlsid="MSG_APPLY_LIFECYCLE" action="applylifecycle" hotkeyid="HOTKEY_APPLY_LIFECYCLE" showifinvalid="true"/>
            <actionmenuitem dynamic="multiselect" name="doc_removelifecycle" nlsid="MSG_REMOVE_LIFECYCLE" action="detachlifecycle" showifinvalid="true"/>
            <actionmenuitem dynamic="multiselect" name="doc_suspendlifecycle" nlsid="MSG_SUSPEND_LIFECYCLE" action="suspendlifecycle" showifinvalid="true"/>
            <actionmenuitem dynamic="multiselect" name="doc_resumelifecycle" nlsid="MSG_RESUME_LIFECYCLE" action="restorelifecycle" showifinvalid="true"/>
         </menu>
      </menuconfig>
      <!-- document vdm submenu -->
      <menuconfig id="doc_vdm_submenu">
         <menu name="doc_vdm" nlsid="MSG_VDM">
            <actionmenuitem dynamic="multiselect" name="doc_vdm_tovd" nlsid="MSG_VDM_MAKE_VIRTUAL" action="makevirtual" hotkeyid="HOTKEY_VDM_MAKE_VIRTUAL" showifinvalid="true"/>
            <actionmenuitem dynamic="multiselect" name="doc_vdm_todoc" nlsid="MSG_VDM_MAKE_SIMPLE" action="makesimple" showifinvalid="true"/>
            <actionmenuitem dynamic="singleselect" name="doc_vdm_view" nlsid="MSG_VDM_VIEW" action="viewvirtualdoc" showifinvalid="true"/>
            <filter clientenv="not portal">
               <actionmenuitem dynamic="singleselect" name="doc_vdm_set_binding_rule" nlsid="MSG_VDMTOOLS_SET_BINDING_RULE" action="setbindingrule" showifinvalid="true"/>
               <actionmenuitem dynamic="singleselect" name="doc_vdm_save_changes" nlsid="MSG_VDMTOOLS_SAVE_CHANGES" action="savechanges" showifinvalid="true"/>
               <actionmenuitem dynamic="singleselect" name="doc_vdm_validate" nlsid="MSG_VDMTOOLS_VALIDATE" action="vdmvalidate" showifdisabled="false" showifinvalid="false"/>
               <menuseparator name="vdm_sep1"/>
               <menu name="doc_vdm_addcomponent" nlsid="MSG_VDM_ADDCOMPONENT">
                  <actionmenuitem dynamic="generic" name="doc_vdm_addcomponent_from_selector" nlsid="MSG_FROM_FILE_SELECTOR" action="addcomponentfromfileselector" showifinvalid="false" showifdisabled="true"/>
		   		  <actionmenuitem dynamic="singleselect" nlsid="MSG_FROM_CLIPBOARD" action="idocsaddcomponentfromclipboard" showifdisabled="false" showifinvalid="false"/>
               	  <actionmenuitem dynamic="singleselect" nlsid="MSG_FROM_FILE_SELECTOR" action="idocsaddcomponentfileselector" showifdisabled="false" showifinvalid="false"/>
               </menu>
               <actionmenuitem dynamic="multiselect" name="doc_vdm_removecomponent" nlsid="MSG_VDM_REMOVECOMPONENT" action="removevirtualdocumentnode" showifinvalid="true"/>
               <actionmenuitem dynamic="singleselect" name="doc_vdm_reordercomponents" nlsid="MSG_VDMTOOLS_REORDERCOMPONENTS" action="reordervirtualdocumentnodes" showifinvalid="true"/>
               <menuseparator name="vdm_sep2"/>
               <actionmenuitem dynamic="singleselect" name="doc_vdm_new_assembly" nlsid="MSG_VDMTOOLS_NEW_ASSEMBLY" action="newassembly" showifinvalid="true"/>
               <actionmenuitem dynamic="singleselect" name="doc_vdm_freeze_assembly" nlsid="MSG_VDMTOOLS_FREEZE_ASSEMBLY" action="freezeassembly" showifinvalid="true"/>
               <actionmenuitem dynamic="singleselect" name="doc_vdm_unfreeze_assembly" nlsid="MSG_VDMTOOLS_UNFREEZE_ASSEMBLY" action="unfreezeassembly" showifinvalid="true"/>
            </filter>
         </menu>
      </menuconfig>
      <!-- RPM menu on the main menubar -->
      <menuconfig id="menubar_rpm_menu">
         <menu name="rpm_menu" nlsid="MSG_RECORDS" width="50">
            <!-- begin RM (Webtop) -->
            <actionmenuitem dynamic="multiselect" name="declare_record" nlsid="MSG_DECLARE_RECORD" action="declareformalrecord" showifinvalid="true"/>
            <actionmenuitem dynamic="singleselect" name="create_record_relation" nlsid="MSG_CREATE_RECORD_RELATION" action="createrecordrelation" showifinvalid="true"/>
            <actionmenuitem dynamic="multiselect" name="remove_record_relationships" nlsid="MSG_REMOVE_RECORD_RELATIONSHIPS" action="removerecordrelationships" showifinvalid="true"/>
            <!-- begin PRM -->
             <menuseparator name='view_sep3'/>
             <menuconfig id="library_services_submenu"/>
            <!-- end PRM -->
            <!-- end RM (Webtop) -->
         </menu>
      </menuconfig>
      <!-- workflow submenu -->
      <menuconfig id="workflow_submenu">
         <menu name="tools_workflow" nlsid="MSG_WORKFLOW">
			<actionmenuitem dynamic="singleselect" action="start_custom_workflow" nlsid="MSG_START_CUSTOM_WORKFLOW" showifdisabled="false" showifinvalid="true"/>
            <actionmenuitem dynamic="multiselect" name="tools_abortworkflow" nlsid="MSG_STOP_WORKFLOW" action="abortworkflow" showifinvalid="false"/>
            <actionmenuitem dynamic="multiselect" name="tools_haltworkflow" nlsid="MSG_PAUSE_WORKFLOW" action="haltworkflow" showifinvalid="false"/>
            <actionmenuitem dynamic="multiselect" name="tools_resumeworkflow" nlsid="MSG_RESUME_WORKFLOW" action="resumeworkflow" showifinvalid="false"/>
            <actionmenuitem dynamic="genericnoselect" name="tools_workflowstatus" nlsid="MSG_WORKFLOW_STATUS" action="workflowstatusclassic" showifinvalid="true"/>
            <actionmenuitem dynamic="singleselect" name="tools_emailsupervisor" nlsid="MSG_EMAIL_SUPERVISOR" action="emailsupervisor" showifinvalid="false" showifdisabled="false"/>
            <actionmenuitem dynamic="singleselect" name="tools_emailperformers" nlsid="MSG_EMAIL_PERFORMERS" action="emailperformers" showifinvalid="false" showifdisabled="false"/>
            <menu name="tools_workflow_report_details" nlsid="MSG_WORKFLOW_REPORTING_DETAILS">
               <actionmenuitem dynamic="singleselect" name="tools_workflowreportdetailssummary" nlsid="MSG_WORKFLOW_REPORT_DETAILS_SUMMARY" action="reportdetailssummarylist" showifinvalid="true"/>
               <actionmenuitem dynamic="singleselect" name="tools_workflowreportdetailsaudit" nlsid="MSG_WORKFLOW_REPORT_DETAILS_AUDIT" action="reportdetailsauditclassic" showifinvalid="true"/>
               <filter clientenv='not portal'>
                  <actionmenuitem dynamic="singleselect" name="tools_workflowreportdetailsmap" nlsid="MSG_WORKFLOW_REPORT_DETAILS_MAP" action="reportdetailsmap" showifinvalid="true"/>
               </filter>
            </menu>
            <menu name="tools_workflow_historical_report" nlsid="MSG_WORKFLOW_HISTORICAL_REPORT">
               <actionmenuitem dynamic="genericnoselect" name="tools_workflow_historicalreport_process" nlsid="MSG_WORKFLOW_HISTORICAL_PROCESS_REPORT" action="historicalprocessreport" showifinvalid="true"/>
               <actionmenuitem dynamic="genericnoselect" name="tools_workflow_historicalreport_user" nlsid="MSG_WORKFLOW_HISTORICAL_USER_REPORT" action="historicaluserreport" showifinvalid="true"/>
            </menu>
         </menu>
      </menuconfig>
      <!-- IRM submenu -->
      <menuconfig id="doc_irm_submenu">
         <menu name='doc_irm' nlsid='MSG_RIGHTS'>
            <actionmenuitem dynamic='singleselect' name='doc_applyirmprofile' nlsid='MSG_APPLY_DOC_PROFILE' action='irm_doc_apply_profile' showifinvalid='true'/>
            <actionmenuitem dynamic='singleselect' name='fol_applyirmprofile' nlsid='MSG_APPLY_FOL_PROFILE' action='irm_fol_apply_profile' showifinvalid='true'/>
            <actionmenuitem dynamic='singleselect' name='doc_viewirmreport' nlsid='MSG_VIEW_DOC_REPORT' action='irm_doc_view_report' showifinvalid='true'/>
            <actionmenuitem dynamic='singleselect' name='doc_protect' nlsid='MSG_PROTECT_DOCUMENT' action='irm_protect_doc' showifinvalid='true'/>
         </menu>
      </menuconfig>

      <!-- presets submenu -->
      <menuconfig id="preset_submenu">
         <menu name="tools_preset" nlsid="MSG_PRESET">
            <actionmenuitem dynamic="multiselect" name="migratepresets" nlsid="MSG_MIGRATE" action="migratepresets" showifinvalid="false"/>
         </menu>
      </menuconfig>

      <menuconfig id="queue_management_submenu">
         <menu name="tools_queue_management" nlsid="MSG_QUEUE_MANAGEMENT">
            <actionmenuitem dynamic="genericnoselect" name="queuemonitorlist" action="queuemonitorlist" nlsid="MSG_QUEUE_MONITOR" showifdisabled="false" showifinvalid="false"/>
            <actionmenuitem dynamic="singleselect" name="managequeueinbox" action="managequeueinbox" nlsid="MSG_SHOW_TASKS" showifdisabled="true" showifinvalid="false"/>
            <actionmenuitem dynamic="singleselect" name="usersworkload" action="processorworkloadinbox" nlsid="MSG_SHOW_TASKS" showifdisabled="true" showifinvalid="false"/>
            <actionmenuitem dynamic="singleselect" name="members" action="queueusersandgroups" nlsid="MSG_SHOW_MEMBERS" showifdisabled="true" showifinvalid="false"/>
            <actionmenuitem dynamic="genericnoselect" name="get_work" action="get_work" nlsid="MSG_GET_WORK" showifdisabled="true" showifinvalid="false"/>
            <actionmenuitem dynamic="multiselect" name="pull_queued_task" action="pull_queued_task" nlsid="MSG_PULL_QUEUED_TASK" showifdisabled="false" showifinvalid="false"/>
            <actionmenuitem dynamic="multiselect" name="assign_queued_task" action="assign_queued_task" nlsid="MSG_ASSIGN_QUEUED_TASK" showifdisabled="false" showifinvalid="false"/>
            <actionmenuitem dynamic="multiselect" name="unassign_queued_task" action="unassign_queued_task" nlsid="MSG_UNASSIGN_QUEUED_TASK" showifdisabled="true" showifinvalid="false"/>
            <actionmenuitem dynamic="multiselect" name="reassign_queued_task" action="reassign_queued_task" nlsid="MSG_REASSIGN_QUEUED_TASK" showifdisabled="true" showifinvalid="false"/>
            <actionmenuitem dynamic="multiselect" name="move_queued_task" action="move_queued_task" nlsid="MSG_MOVE_QUEUED_TASK" showifdisabled="false" showifinvalid="false"/>
            <actionmenuitem dynamic="multiselect" name="suspend_queued_task" action="suspend_queued_task" nlsid="MSG_SUSPEND_QUEUED_TASK" showifdisabled="true" showifinvalid="false"/>
            <actionmenuitem dynamic="multiselect" name="unsuspend_queued_task" action="unsuspend_queued_task" nlsid="MSG_UNSUSPEND_QUEUED_TASK" showifdisabled="true" showifinvalid="false"/>
            <actionmenuitem dynamic='singleselect' name='unhold_queued_task' action='unhold_queued_task' nlsid='MSG_UNHOLD_QUEUED_TASK' showifdisabled='true' showifinvalid='false'/>

         </menu>
      </menuconfig>
      <!-- Transformation submenu -->
      <menuconfig id="doc_create_renderition_submenu">
         <menu name="doc_create_renderition" nlsid="MSG_TRANSFORM">
            <actionmenuitem dynamic="multiselect" name="doc_createpdfrendition" nlsid="MSG_CREATE_PDF_RENDITION" action="createpdfrendition" showifinvalid="true" showifdisabled="false"/>
            <actionmenuitem dynamic="multiselect" name="doc_createhtmlrendition" nlsid="MSG_CREATE_HTML_RENDITION" action="createhtmlrendition" showifinvalid="true" showifdisabled="false"/>
            <menuseparator name="file_sep3"/>
            <actionmenuitem dynamic="multiselect" name="doc_transformation" nlsid="MSG_MEDIA_TRANSFORM" action="transformation" showifinvalid="false" showifdisabled="false"/>
            <actionmenuitem dynamic="singleselect" name="rendition_transformation" nlsid="MSG_MEDIA_TRANSFORM" action="rendition_transformation" showifinvalid="false" showifdisabled="true"/>
         </menu>
      </menuconfig>

         <!-- library services submenu -->
         <menuconfig id="library_services_submenu">
            <menu name="library_services_submenu" nlsid="MSG_LIBRARY_SERVICES">
                 <actionmenuitem dynamic='multiselect' name='prm_make_library_request' nlsid='MSG_MAKE_LIBRARY_REQUEST'
                                 action='dmc_prm_action_make_library_request' showifinvalid='false'/>
                 <actionmenuitem dynamic="singleselect"
                                 action="dmc_prm_cancel_request" nlsid="MSG_CANCEL_REQUEST" showifdisabled="false" showifinvalid="false"/>
              </menu>
         </menuconfig>
   </scope>
</config>
<!--~~~~~~~~~~~~~~~~~~~~~~~~~~~~~~~~~~~~~~~~~~~~~~~~~~~~~~~ Developer's Comments
# Parameters
/* accessible                           (Optional) Set to true to render menu
                                        selections accessible (Section 508
                                        compliant)
*/
#
~~~~~~~~~~~~~~~~~~~~~~~~~~~~~~~~~~~~~~~~~~~~~~~~~~~~~~~~~~~~~~~~~~~~~~~~~~~~~-->
