{
  "name" : "realtime-query-type",
  "type" : "itk_srch_unity_auto",
  "label" : "Unity Auto Transactions",
  "data-type" : "${contextPath}types/contents/itk_unity_auto",
  "description" : "",
  "properties" : [ {
    "name" : "transaction_id",
    "output-name" : "transaction_id",
    "type" : "${contextPath}types/contents/itk_unity_auto",
    "mapping" : "transaction_id",
    "sortable" : "true"
  }, {
    "name" : "transaction_type",
    "output-name" : "transaction_type",
    "type" : "${contextPath}types/contents/itk_unity_auto",
    "mapping" : "transaction_type",
    "sortable" : "true"
  }, {
    "name" : "transaction_status",
    "output-name" : "transaction_status",
    "type" : "${contextPath}types/contents/itk_unity_auto",
    "mapping" : "transaction_status",
    "sortable" : "true"
  }, {
    "name" : "account_number",
    "output-name" : "account_number",
    "type" : "${contextPath}types/contents/itk_unity_auto",
    "mapping" : "account_number",
    "sortable" : "true"
  }, {
    "name" : "account_name",
    "output-name" : "account_name",
    "type" : "${contextPath}types/contents/itk_unity_auto",
    "mapping" : "account_name",
    "sortable" : "true"
  }, {
    "name" : "institution_code",
    "output-name" : "institution_code",
    "type" : "${contextPath}types/contents/itk_unity_auto",
    "mapping" : "institution_code",
    "sortable" : "true"
  }, {
    "name" : "received_date",
    "output-name" : "received_date",
    "type" : "${contextPath}types/contents/itk_unity_auto",
    "mapping" : "received_date",
    "sortable" : "true"
  }, {
    "name" : "loan_number",
    "output-name" : "loan_number",
    "type" : "${contextPath}types/contents/itk_unity_auto",
    "mapping" : "loan_number",
    "sortable" : "true"
  }, {
    "name" : "policy_no",
    "output-name" : "policy_no",
    "type" : "${contextPath}types/contents/itk_unity_auto",
    "mapping" : "policy_no",
    "sortable" : "true"
  }, {
    "name" : "transaction_vin",
    "output-name" : "transaction_vin",
    "type" : "${contextPath}types/contents/itk_unity_auto",
    "mapping" : "transaction_vin",
    "sortable" : "true"
  }, {
    "name" : "collateral_year",
    "output-name" : "collateral_year",
    "type" : "${contextPath}types/contents/itk_unity_auto",
    "mapping" : "collateral_year",
    "sortable" : "true"
  }, {
    "name" : "collateral_make",
    "output-name" : "collateral_make",
    "type" : "${contextPath}types/contents/itk_unity_auto",
    "mapping" : "collateral_make",
    "sortable" : "true"
  }, {
    "name" : "full_name",
    "output-name" : "full_name",
    "type" : "${contextPath}types/contents/itk_unity_auto",
    "mapping" : "full_name",
    "sortable" : "true"
  }, {
    "name" : "transaction_zip",
    "output-name" : "transaction_zip",
    "type" : "${contextPath}types/contents/itk_unity_auto",
    "mapping" : "transaction_zip",
    "sortable" : "true"
  }, {
    "name" : "transaction_state",
    "output-name" : "transaction_state",
    "type" : "${contextPath}types/contents/itk_unity_auto",
    "mapping" : "transaction_state",
    "sortable" : "true"
  }, {
    "name" : "transaction_address_1",
    "output-name" : "transaction_address_1",
    "type" : "${contextPath}types/contents/itk_unity_auto",
    "mapping" : "transaction_address_1",
    "sortable" : "true"
  }, {
    "name" : "r_object_id",
    "output-name" : "id",
    "type" : "${contextPath}types/contents/itk_unity_auto",
    "mapping" : "r_object_id",
    "sortable" : "false",
    "mandatory" : "true"
  }, {
    "name" : "r_object_type",
    "output-name" : "r_object_type",
    "type" : "${contextPath}types/contents/itk_unity_auto",
    "mapping" : "r_object_type",
    "sortable" : "false",
    "mandatory" : "true"
  }, {
    "label" : "ACL Name",
    "name" : "acl_name",
    "output-name" : "acl_name",
    "type" : "${contextPath}types/contents/itk_unity_auto",
    "mapping" : "acl_name",
    "sortable" : "false",
    "mandatory" : "true"
  }, {
    "label" : "ACL Domain",
    "name" : "acl_domain",
    "output-name" : "acl_domain",
    "type" : "${contextPath}types/contents/itk_unity_auto",
    "mapping" : "acl_domain",
    "sortable" : "false",
    "mandatory" : "true"
  }, {
    "label" : "Owner Permit",
    "name" : "owner_permit",
    "output-name" : "owner_permit",
    "type" : "${contextPath}types/contents/itk_unity_auto",
    "mapping" : "owner_permit",
    "sortable" : "false",
    "mandatory" : "true"
  }, {
    "label" : "Owner Name",
    "name" : "owner_name",
    "output-name" : "owner_name",
    "type" : "${contextPath}types/contents/itk_unity_auto",
    "mapping" : "owner_name",
    "sortable" : "false",
    "mandatory" : "true"
  }, {
    "label" : "Lock Owner",
    "name" : "r_lock_owner",
    "output-name" : "r_lock_owner",
    "type" : "${contextPath}types/contents/itk_unity_auto",
    "mapping" : "r_lock_owner",
    "sortable" : "false",
    "mandatory" : "true"
  } ],
  "expression-set" : {
    "properties" : [ {
      "name" : "transaction_id",
      "type" : "${contextPath}types/contents/itk_unity_auto",
      "mapping" : "transaction_id",
      "input-type" : "form-input",
      "operator" : "EQUAL",
      "value" : "",
      "case-sensitive" : "false"
    }, {
      "name" : "transaction_status",
      "type" : "${contextPath}types/contents/itk_unity_auto",
      "mapping" : "transaction_status",
      "input-type" : "form-input",
      "operator" : "EQUAL",
      "value" : "",
      "case-sensitive" : "false"
    }, {
      "name" : "transaction_type",
      "type" : "${contextPath}types/contents/itk_unity_auto",
      "mapping" : "transaction_type",
      "input-type" : "form-input",
      "operator" : "EQUAL",
      "value" : "",
      "case-sensitive" : "false"
    }, {
      "name" : "account_number",
      "type" : "${contextPath}types/contents/itk_unity_auto",
      "mapping" : "account_number",
      "input-type" : "form-input",
      "operator" : "CONTAINS",
      "value" : "",
      "case-sensitive" : "false"
    }, {
      "name" : "received_date",
      "type" : "${contextPath}types/contents/itk_unity_auto",
      "mapping" : "received_date",
      "input-type" : "form-input",
      "operator" : "GREATER_EQUAL",
      "value" : "",
      "case-sensitive" : ""
    }, {
      "name" : "received_date",
      "type" : "${contextPath}types/contents/itk_unity_auto",
      "mapping" : "received_date",
      "input-type" : "form-input",
      "operator" : "LESS_EQUAL",
      "value" : "",
      "case-sensitive" : ""
    }, {
      "name" : "institution_code",
      "type" : "${contextPath}types/contents/itk_unity_auto",
      "mapping" : "institution_code",
      "input-type" : "form-input",
      "operator" : "CONTAINS",
      "value" : "",
      "case-sensitive" : "false"
    }, {
      "name" : "loan_number",
      "type" : "${contextPath}types/contents/itk_unity_auto",
      "mapping" : "loan_number",
      "input-type" : "form-input",
      "operator" : "CONTAINS",
      "value" : "",
      "case-sensitive" : "false"
    }, {
      "name" : "policy_no",
      "type" : "${contextPath}types/contents/itk_unity_auto",
      "mapping" : "policy_no",
      "input-type" : "form-input",
      "operator" : "CONTAINS",
      "value" : "",
      "case-sensitive" : "false"
    }, {
      "name" : "transaction_vin",
      "type" : "${contextPath}types/contents/itk_unity_auto",
      "mapping" : "transaction_vin",
      "input-type" : "form-input",
      "operator" : "CONTAINS",
      "value" : "",
      "case-sensitive" : "false"
    }, {
      "name" : "collateral_year",
      "type" : "${contextPath}types/contents/itk_unity_auto",
      "mapping" : "collateral_year",
      "input-type" : "form-input",
      "operator" : "CONTAINS",
      "value" : "",
      "case-sensitive" : "false"
    }, {
      "name" : "collateral_make",
      "type" : "${contextPath}types/contents/itk_unity_auto",
      "mapping" : "collateral_make",
      "input-type" : "form-input",
      "operator" : "CONTAINS",
      "value" : "",
      "case-sensitive" : "false"
    }, {
      "name" : "transaction_zip",
      "type" : "${contextPath}types/contents/itk_unity_auto",
      "mapping" : "transaction_zip",
      "input-type" : "form-input",
      "operator" : "CONTAINS",
      "value" : "",
      "case-sensitive" : "false"
    }, {
      "name" : "transaction_state",
      "type" : "${contextPath}types/contents/itk_unity_auto",
      "mapping" : "transaction_state",
      "input-type" : "form-input",
      "operator" : "EQUAL",
      "value" : "",
      "case-sensitive" : "false"
    }, {
      "name" : "transaction_address_1",
      "type" : "${contextPath}types/contents/itk_unity_auto",
      "mapping" : "transaction_address_1",
      "input-type" : "form-input",
      "operator" : "CONTAINS",
      "value" : "",
      "case-sensitive" : "false"
    }, {
      "name" : "full_name",
      "type" : "${contextPath}types/contents/itk_unity_auto",
      "mapping" : "full_name",
      "input-type" : "form-input",
      "operator" : "CONTAINS",
      "value" : "",
      "case-sensitive" : "false"
    }, {
      "name" : "account_name",
      "type" : "${contextPath}types/contents/itk_unity_auto",
      "mapping" : "account_name",
      "input-type" : "form-input",
      "operator" : "CONTAINS",
      "value" : "",
      "case-sensitive" : "false"
    } ],
    "operator" : "AND"
  },
  "options" : [ {
    "versions" : "LATEST"
  } ],
  "links" : [ {
    "rel" : "self",
    "href" : "${contextPath}types/realtime-queries/itk_srch_unity_auto"
  }, {
    "rel" : "http://identifiers.emc.com/linkrel/instances",
    "href" : "${contextPath}realtime-queries/itk_srch_unity_auto"
  } ]
}