{
  "name" : "realtime-query-type",
  "type" : "itk_itrak_aging_rprts",
  "label" : "iTrak Aging Rprts",
  "data-type" : "${contextPath}types/contents/xcp_dm_document",
  "description" : "",
  "properties" : [ {
    "name" : "object_name",
    "output-name" : "object_name",
    "type" : "${contextPath}types/contents/xcp_dm_document",
    "mapping" : "object_name",
    "sortable" : "false"
  }, {
    "name" : "r_modify_date",
    "output-name" : "r_modify_date",
    "type" : "${contextPath}types/contents/xcp_dm_document",
    "mapping" : "r_modify_date",
    "sortable" : "false"
  }, {
    "name" : "r_creation_date",
    "output-name" : "r_creation_date",
    "type" : "${contextPath}types/contents/xcp_dm_document",
    "mapping" : "r_creation_date",
    "sortable" : "false"
  }, {
    "name" : "r_object_id",
    "output-name" : "id",
    "type" : "${contextPath}types/contents/xcp_dm_document",
    "mapping" : "r_object_id",
    "sortable" : "false",
    "mandatory" : "true"
  }, {
    "name" : "r_object_type",
    "output-name" : "r_object_type",
    "type" : "${contextPath}types/contents/xcp_dm_document",
    "mapping" : "r_object_type",
    "sortable" : "false",
    "mandatory" : "true"
  }, {
    "label" : "ACL Name",
    "name" : "acl_name",
    "output-name" : "acl_name",
    "type" : "${contextPath}types/contents/xcp_dm_document",
    "mapping" : "acl_name",
    "sortable" : "false",
    "mandatory" : "true"
  }, {
    "label" : "ACL Domain",
    "name" : "acl_domain",
    "output-name" : "acl_domain",
    "type" : "${contextPath}types/contents/xcp_dm_document",
    "mapping" : "acl_domain",
    "sortable" : "false",
    "mandatory" : "true"
  }, {
    "label" : "Owner Permit",
    "name" : "owner_permit",
    "output-name" : "owner_permit",
    "type" : "${contextPath}types/contents/xcp_dm_document",
    "mapping" : "owner_permit",
    "sortable" : "false",
    "mandatory" : "true"
  }, {
    "label" : "Owner Name",
    "name" : "owner_name",
    "output-name" : "owner_name",
    "type" : "${contextPath}types/contents/xcp_dm_document",
    "mapping" : "owner_name",
    "sortable" : "false",
    "mandatory" : "true"
  }, {
    "label" : "Lock Owner",
    "name" : "r_lock_owner",
    "output-name" : "r_lock_owner",
    "type" : "${contextPath}types/contents/xcp_dm_document",
    "mapping" : "r_lock_owner",
    "sortable" : "false",
    "mandatory" : "true"
  } ],
  "expression-set" : {
    "properties" : [ {
      "name" : "i_folder_id",
      "type" : "${contextPath}types/contents/xcp_dm_document",
      "mapping" : "i_folder_id",
      "input-type" : "form-input",
      "operator" : "EQUAL",
      "value" : "",
      "case-sensitive" : "true"
    } ],
    "operator" : "AND"
  },
  "options" : [ {
    "versions" : "LATEST"
  } ],
  "links" : [ {
    "rel" : "self",
    "href" : "${contextPath}types/realtime-queries/itk_itrak_aging_rprts"
  }, {
    "rel" : "http://identifiers.emc.com/linkrel/instances",
    "href" : "${contextPath}realtime-queries/itk_itrak_aging_rprts"
  } ]
}