{
  "name" : "realtime-query-type",
  "type" : "itk_transaction_splits",
  "label" : "Transaction Splits",
  "data-type" : "${contextPath}types/relationships/itk_split_relationship",
  "description" : "",
  "properties" : [ {
    "name" : "transaction_id",
    "output-name" : "child_transactiontransaction_id",
    "type" : "${contextPath}types/contents/itk_transaction",
    "mapping" : "split.itk_transaction.transaction_id",
    "sortable" : "false"
  }, {
    "name" : "split_type",
    "output-name" : "split_type",
    "type" : "${contextPath}types/relationships/itk_split_relationship",
    "mapping" : "split_type",
    "sortable" : "false"
  }, {
    "name" : "r_object_id",
    "output-name" : "id",
    "type" : "${contextPath}types/relationships/itk_split_relationship",
    "mapping" : "r_object_id",
    "sortable" : "false",
    "mandatory" : "true"
  }, {
    "label" : "ACL Name",
    "name" : "acl_name",
    "output-name" : "acl_name",
    "type" : "${contextPath}types/contents/itk_transaction",
    "mapping" : "transaction_1.itk_transaction.acl_name",
    "sortable" : "false",
    "mandatory" : "true"
  }, {
    "label" : "ACL Domain",
    "name" : "acl_domain",
    "output-name" : "acl_domain",
    "type" : "${contextPath}types/contents/itk_transaction",
    "mapping" : "transaction_1.itk_transaction.acl_domain",
    "sortable" : "false",
    "mandatory" : "true"
  }, {
    "label" : "parent id",
    "name" : "source",
    "output-name" : "parent_id",
    "type" : "${contextPath}types/relationships/itk_split_relationship",
    "mapping" : "parent_id",
    "sortable" : "false",
    "mandatory" : "true"
  }, {
    "label" : "child id",
    "name" : "target",
    "output-name" : "child_id",
    "type" : "${contextPath}types/relationships/itk_split_relationship",
    "mapping" : "child_id",
    "sortable" : "false",
    "mandatory" : "true"
  } ],
  "expression-set" : {
    "properties" : [ {
      "name" : "r_object_id",
      "type" : "${contextPath}types/contents/itk_transaction",
      "mapping" : "transaction_1.itk_transaction.r_object_id",
      "input-type" : "form-input",
      "operator" : "EQUAL",
      "value" : "",
      "case-sensitive" : "true"
    } ],
    "operator" : "AND"
  },
  "options" : [ {
    "versions" : "LATEST"
  } ],
  "links" : [ {
    "rel" : "self",
    "href" : "${contextPath}types/realtime-queries/itk_transaction_splits"
  }, {
    "rel" : "http://identifiers.emc.com/linkrel/instances",
    "href" : "${contextPath}realtime-queries/itk_transaction_splits"
  } ]
}