{
  "name" : "realtime-query-type",
  "type" : "itk_transaction_events",
  "label" : "Transaction Events",
  "data-type" : "${contextPath}types/business-objects/itk_transaction_event",
  "description" : "",
  "properties" : [ {
    "name" : "event_datetime",
    "output-name" : "event_datetime",
    "type" : "${contextPath}types/business-objects/itk_transaction_event",
    "mapping" : "event_datetime",
    "sortable" : "true"
  }, {
    "name" : "event_group",
    "output-name" : "event_group",
    "type" : "${contextPath}types/business-objects/itk_transaction_event",
    "mapping" : "event_group",
    "sortable" : "true"
  }, {
    "name" : "event_name",
    "output-name" : "event_name",
    "type" : "${contextPath}types/business-objects/itk_transaction_event",
    "mapping" : "event_name",
    "sortable" : "true"
  }, {
    "name" : "event_source",
    "output-name" : "event_source",
    "type" : "${contextPath}types/business-objects/itk_transaction_event",
    "mapping" : "event_source",
    "sortable" : "true"
  }, {
    "name" : "event_data",
    "output-name" : "event_data",
    "type" : "${contextPath}types/business-objects/itk_transaction_event",
    "mapping" : "event_data",
    "sortable" : "true"
  }, {
    "name" : "event_line_status",
    "output-name" : "event_line_status",
    "type" : "${contextPath}types/business-objects/itk_transaction_event",
    "mapping" : "event_line_status",
    "sortable" : "false"
  }, {
    "name" : "operator_id",
    "output-name" : "operator_id",
    "type" : "${contextPath}types/business-objects/itk_transaction_event",
    "mapping" : "operator_id",
    "sortable" : "true"
  }, {
    "name" : "r_object_id",
    "output-name" : "id",
    "type" : "${contextPath}types/business-objects/itk_transaction_event",
    "mapping" : "r_object_id",
    "sortable" : "false",
    "mandatory" : "true"
  }, {
    "name" : "r_object_type",
    "output-name" : "r_object_type",
    "type" : "${contextPath}types/business-objects/itk_transaction_event",
    "mapping" : "r_object_type",
    "sortable" : "false",
    "mandatory" : "true"
  }, {
    "label" : "ACL Name",
    "name" : "acl_name",
    "output-name" : "acl_name",
    "type" : "${contextPath}types/business-objects/itk_transaction_event",
    "mapping" : "acl_name",
    "sortable" : "false",
    "mandatory" : "true"
  }, {
    "label" : "ACL Domain",
    "name" : "acl_domain",
    "output-name" : "acl_domain",
    "type" : "${contextPath}types/business-objects/itk_transaction_event",
    "mapping" : "acl_domain",
    "sortable" : "false",
    "mandatory" : "true"
  }, {
    "label" : "Owner Permit",
    "name" : "owner_permit",
    "output-name" : "owner_permit",
    "type" : "${contextPath}types/business-objects/itk_transaction_event",
    "mapping" : "owner_permit",
    "sortable" : "false",
    "mandatory" : "true"
  }, {
    "label" : "Owner Name",
    "name" : "owner_name",
    "output-name" : "owner_name",
    "type" : "${contextPath}types/business-objects/itk_transaction_event",
    "mapping" : "owner_name",
    "sortable" : "false",
    "mandatory" : "true"
  }, {
    "label" : "Lock Owner",
    "name" : "r_lock_owner",
    "output-name" : "r_lock_owner",
    "type" : "${contextPath}types/business-objects/itk_transaction_event",
    "mapping" : "r_lock_owner",
    "sortable" : "false",
    "mandatory" : "true"
  } ],
  "expression-set" : {
    "properties" : [ {
      "name" : "transaction_id",
      "type" : "${contextPath}types/business-objects/itk_transaction_event",
      "mapping" : "transaction_id",
      "input-type" : "form-input",
      "operator" : "EQUAL",
      "value" : "",
      "case-sensitive" : "true"
    } ],
    "operator" : "AND"
  },
  "options" : [ {
    "versions" : "LATEST"
  } ],
  "links" : [ {
    "rel" : "self",
    "href" : "${contextPath}types/realtime-queries/itk_transaction_events"
  }, {
    "rel" : "http://identifiers.emc.com/linkrel/instances",
    "href" : "${contextPath}realtime-queries/itk_transaction_events"
  } ]
}