<?xml version="1.0" encoding="UTF-8" standalone="no"?>
<config version="1.0">
   <scope>
      <component id="messagebar" extends="messagebar:webtop/config/messagebar_component.xml">
         <desc>
            Loads into the left side of the status frame in classicview.jsp 
            and streamlineview.jsp, part of the UI of the component the
            component main. The messagebar adds a message bar icon in the bottom
            frame in both the class and streamline view of Webtop. The message 
            bar gets messages from the message service and renders them in the 
            label. 
         </desc>
         <params>
         </params>
         <pages>
            <start>/webtop/messagebar/messagebar.jsp</start>
         </pages>
         <class>com.documentum.webtop.webcomponent.messagebar.MessageBar</class>
         <nlsbundle>org.ifc.idocs.messagebar.MessageBarNlsProp</nlsbundle>
         <failoverenabled>true</failoverenabled>
         <ignoreformloadforcomponent>
            <name>messagebar</name>
            <name>titlebar</name>
            <name>browsertree</name>
            <name>tabbar</name>
            <name>inspector</name>
         </ignoreformloadforcomponent>
      </component>
   </scope>
</config>
<!--~~~~~~~~~~~~~~~~~~~~~~~~~~~~~~~~~~~~~~~~~~~~~~~~~~~~~~~ Developer's Comments
# Elements
/* <ignoreformloadforcomponent>         Contains one ore more <name> elements 
*/
/* <name>                               Specifies the ID of a component whose 
                                        rendering will not clear the message bar 
*/
#
~~~~~~~~~~~~~~~~~~~~~~~~~~~~~~~~~~~~~~~~~~~~~~~~~~~~~~~~~~~~~~~~~~~~~~~~~~~~~-->
