{
  "name" : "process-type",
  "type" : "itk_updatetransactionprocess",
  "label" : "UpdateTransactionProcess",
  "runnable-stateless" : true,
  "urn" : "urn:itk:com.emc.ide.artifact.process:Artifacts/Processes/updatetransactionprocess.process",
  "properties" : [ {
    "name" : "process_id",
    "label" : "process_id",
    "type" : "string",
    "length" : 64
  }, {
    "name" : "status",
    "label" : "status",
    "type" : "string",
    "length" : 64
  }, {
    "name" : "id",
    "label" : "id",
    "type" : "string",
    "length" : 64
  }, {
    "name" : "r_runtime_state",
    "label" : "r_runtime_state",
    "type" : "integer"
  }, {
    "name" : "correlation_identifier",
    "label" : "correlation_identifier",
    "type" : "string",
    "length" : 64
  }, {
    "name" : "object_name",
    "label" : "object_name",
    "type" : "string",
    "length" : 64
  }, {
    "name" : "r_creator_name",
    "label" : "r_creator_name",
    "type" : "string",
    "length" : 64
  }, {
    "name" : "r_start_date",
    "label" : "r_start_date",
    "type" : "datetime"
  }, {
    "name" : "supervisor_name",
    "label" : "supervisor_name",
    "type" : "string",
    "length" : 64
  }, {
    "name" : "supervisor_address",
    "label" : "supervisor_address",
    "type" : "string",
    "length" : 64
  } ],
  "tasks" : [ {
    "rel" : "http://identifiers.emc.com/linkrel/task",
    "href" : "${contextPath}types/processes/itk_updatetransactionprocess/tasks/itk_initiate"
  }, {
    "rel" : "http://identifiers.emc.com/linkrel/task",
    "href" : "${contextPath}types/processes/itk_updatetransactionprocess/tasks/itk_set_transaction_typ"
  }, {
    "rel" : "http://identifiers.emc.com/linkrel/task",
    "href" : "${contextPath}types/processes/itk_updatetransactionprocess/tasks/itk_initiate_decision_p"
  }, {
    "rel" : "http://identifiers.emc.com/linkrel/task",
    "href" : "${contextPath}types/processes/itk_updatetransactionprocess/tasks/itk_check_if_imcovered_"
  }, {
    "rel" : "http://identifiers.emc.com/linkrel/task",
    "href" : "${contextPath}types/processes/itk_updatetransactionprocess/tasks/itk_set_imqcreview_stat"
  }, {
    "rel" : "http://identifiers.emc.com/linkrel/task",
    "href" : "${contextPath}types/processes/itk_updatetransactionprocess/tasks/itk_join"
  }, {
    "rel" : "http://identifiers.emc.com/linkrel/task",
    "href" : "${contextPath}types/processes/itk_updatetransactionprocess/tasks/itk_check_imcovered_age"
  }, {
    "rel" : "http://identifiers.emc.com/linkrel/task",
    "href" : "${contextPath}types/processes/itk_updatetransactionprocess/tasks/itk_determine_imcovered"
  }, {
    "rel" : "http://identifiers.emc.com/linkrel/task",
    "href" : "${contextPath}types/processes/itk_updatetransactionprocess/tasks/itk_check_imcovered_for"
  }, {
    "rel" : "http://identifiers.emc.com/linkrel/task",
    "href" : "${contextPath}types/processes/itk_updatetransactionprocess/tasks/itk_update_status_to_in"
  } ],
  "flows" : [ {
    "source" : "${contextPath}types/processes/itk_updatetransactionprocess/tasks/itk_initiate",
    "target" : "${contextPath}types/processes/itk_updatetransactionprocess/tasks/itk_set_transaction_typ",
    "flow-type" : "regular"
  }, {
    "source" : "${contextPath}types/processes/itk_updatetransactionprocess/tasks/itk_set_transaction_typ",
    "target" : "${contextPath}types/processes/itk_updatetransactionprocess/tasks/itk_check_if_imcovered_",
    "flow-type" : "regular"
  }, {
    "source" : "${contextPath}types/processes/itk_updatetransactionprocess/tasks/itk_initiate_decision_p",
    "target" : "${contextPath}types/processes/itk_updatetransactionprocess/tasks/itk_join",
    "flow-type" : "regular"
  }, {
    "source" : "${contextPath}types/processes/itk_updatetransactionprocess/tasks/itk_set_imqcreview_stat",
    "target" : "${contextPath}types/processes/itk_updatetransactionprocess/tasks/itk_join",
    "flow-type" : "regular"
  }, {
    "source" : "${contextPath}types/processes/itk_updatetransactionprocess/tasks/itk_check_if_imcovered_",
    "target" : "${contextPath}types/processes/itk_updatetransactionprocess/tasks/itk_check_imcovered_age",
    "flow-type" : "regular"
  }, {
    "source" : "${contextPath}types/processes/itk_updatetransactionprocess/tasks/itk_determine_imcovered",
    "target" : "${contextPath}types/processes/itk_updatetransactionprocess/tasks/itk_set_imqcreview_stat",
    "flow-type" : "regular"
  }, {
    "source" : "${contextPath}types/processes/itk_updatetransactionprocess/tasks/itk_check_imcovered_age",
    "target" : "${contextPath}types/processes/itk_updatetransactionprocess/tasks/itk_check_imcovered_for",
    "flow-type" : "regular"
  }, {
    "source" : "${contextPath}types/processes/itk_updatetransactionprocess/tasks/itk_check_imcovered_for",
    "target" : "${contextPath}types/processes/itk_updatetransactionprocess/tasks/itk_determine_imcovered",
    "flow-type" : "regular"
  }, {
    "source" : "${contextPath}types/processes/itk_updatetransactionprocess/tasks/itk_check_if_imcovered_",
    "target" : "${contextPath}types/processes/itk_updatetransactionprocess/tasks/itk_update_status_to_in",
    "flow-type" : "regular"
  }, {
    "source" : "${contextPath}types/processes/itk_updatetransactionprocess/tasks/itk_update_status_to_in",
    "target" : "${contextPath}types/processes/itk_updatetransactionprocess/tasks/itk_initiate_decision_p",
    "flow-type" : "regular"
  }, {
    "source" : "${contextPath}types/processes/itk_updatetransactionprocess/tasks/itk_determine_imcovered",
    "target" : "${contextPath}types/processes/itk_updatetransactionprocess/tasks/itk_update_status_to_in",
    "flow-type" : "regular"
  } ],
  "data" : {
    "packages" : [ {
      "name" : "package0",
      "label" : "package0",
      "mandatory" : true,
      "visible" : true,
      "version-label" : "CURRENT",
      "type" : "${contextPath}types/contents/itk_transaction",
      "input" : false,
      "output" : false
    } ],
    "variables" : [ {
      "name" : "p_imc_lienholder_name",
      "label" : "p_imc_lienholder_name",
      "type" : "string",
      "repeating" : false,
      "default-value" : "",
      "mandatory" : false,
      "input" : false,
      "output" : false
    }, {
      "name" : "p_imc_force_place",
      "label" : "p_imc_force_place",
      "type" : "string",
      "repeating" : false,
      "default-value" : "",
      "mandatory" : false,
      "input" : false,
      "output" : false
    } ]
  },
  "links" : [ {
    "rel" : "self",
    "href" : "${contextPath}types/processes/itk_updatetransactionprocess"
  }, {
    "rel" : "http://identifiers.emc.com/linkrel/instances",
    "href" : "${contextPath}processes/itk_updatetransactionprocess"
  }, {
    "rel" : "http://identifiers.emc.com/linkrel/halt"
  }, {
    "rel" : "http://identifiers.emc.com/linkrel/resume"
  }, {
    "rel" : "http://identifiers.emc.com/linkrel/terminate"
  }, {
    "rel" : "http://identifiers.emc.com/linkrel/tasks"
  }, {
    "rel" : "http://identifiers.emc.com/linkrel/attachments"
  } ]
}