<?xml version="1.0" encoding="UTF-8" standalone="no"?>
<config version="1.0">
   <scope type="idocs_document">
      <component id="edit"
                 extends="edit:webcomponent/config/library/contenttransfer/edit/edit_component.xml">
         <desc>
            This is the WDK edit component. It edits objects in the
            repository. This component must run within the editcontainer 
            component. The edit component is defined for dm_sysobject scope. 
            Editing is excluded for dm_folder objects by the notdefined 
            attribute on the component element.
         </desc>
         <ucfrequired/>
         <class>com.documentum.webcomponent.library.contenttransfer.edit.Edit</class>
         <nlsbundle>com.documentum.webcomponent.library.contenttransfer.edit.EditNlsProp</nlsbundle>
         <service>
            <processor-class>com.documentum.web.contentxfer.impl.EditProcessor</processor-class>
         </service>
     </component>
   </scope>
   <scope type="dm_folder">
      <component id="edit" notdefined="true"/>
   </scope>
</config>
