<?xml version="1.0" encoding="UTF-8" standalone="no"?>
<!-- **************************************************************************         -->
<!-- Module Name:refreshproject_component.xml		                                    -->
<!-- Module Description: 								-->
<!-- Author name: Prathap Ramados											   	-->
<!-- Date:	18-July-2010															        -->
<!-- Module Version No: 1.0                                                             -->
<!--****************************************************************************-->
<config version="1.0">
 
  <scope role="idocs_member">
	 <!-- Start view_drl_action -->
  <action id="refreshproject" type="idocs_project_doc">
         <desc>
              Refresh Project Details 
         </desc>
		 <params>
            <param name="objectId" required="true"/>
         </params>
	  <execution class="com.documentum.web.formext.action.LaunchComponent">
	 
            <component>refresh_project</component>
            <container>dialogcontainer</container>
         </execution>
		 <invocation>
            <modalpopup>
              <windowsize>medium</windowsize>
               <refreshparentwindow>never</refreshparentwindow>
            </modalpopup>
         </invocation>
  </action>
  </scope>

  <scope role="idocs_member">
      <component id="refresh_project"> 
		 <params>
            <param name="objectId" required="true"/>
         </params>
         <pages>
            <start>/custom/jsps/refreshproject/refreshproject.jsp</start>
         </pages>
         <class>org.ifc.idocs.refreshproject.RefreshProject</class>
         <nlsbundle>org.ifc.idocs.refreshproject.RefreshProjectNlsProp</nlsbundle>
         <helpcontextid>refresh_project</helpcontextid>
       </component>
   </scope>
</config>
