<?xml version="1.0" encoding="UTF-8" standalone="no"?>
<!-- **************************************************************************         -->
<!-- Module Name: link_crr_component		                                        -->
<!-- Module Description: This custom component is used provide Link to CRR using
						 custom class and jsp											-->
<!-- Author name: Parag Doshi											   		        -->
<!-- Date:	8-Sep-2010															        -->
<!-- Module Version No: 1.0                                                             -->
<!--****************************************************************************-->
<config version="1.0">
  <scope role="idocs_member">
      <component id="link_crr_component"> 
		 <params>
            <param name="objectId" required="true"/>
         </params>
         <pages>
            <start>
               /custom/jsps/crr/linktocrr.jsp
            </start>
         </pages>
         <class>
           org.ifc.idocs.crrpsr.LinkToCRR
         </class>
         <nlsbundle>
			org.ifc.idocs.linkcrrpsr.LinkCRRPSRNlsProp
         </nlsbundle>
       </component>
   </scope>
</config>
