<?xml version="1.0" encoding="UTF-8" standalone="no"?>
<!-- **************************************************************************         -->
<!-- Module Name: link_psr_component	                                        -->
<!-- Module Description: attachment component is customised to hide the form in 
							attachment list of the task in taskAttahcmentList jsp		-->
<!-- Author name: Parag Doshi											   		        -->
<!-- Date:	8-Sep-2010															        -->
<!-- Module Version No: 1.0                                                             -->
<!--****************************************************************************-->
<config version="1.0">
  <scope role="idocs_member">
      <component id="link_psr_component"> 
		 <params>
            <param name="objectId" required="true"/>
         </params>
         <pages>
            <start>
               /custom/jsps/psr/linktopsr.jsp
            </start>
         </pages>
         <class>
           org.ifc.idocs.crrpsr.LinkToPSR
         </class>
         <nlsbundle>
			org.ifc.idocs.linkcrrpsr.LinkCRRPSRNlsProp
         </nlsbundle>
       </component>
   </scope>
</config>
