<?xml version="1.0" encoding="UTF-8" standalone="no"?>
<!-- **************************************************************************         -->
<!-- Module Name: link_ghg_component	                                        		-->
<!-- Module Description: Link documents to GHG 											-->
<!-- Author name: Parag Doshi											   		        -->
<!-- Date:	8-Sep-2010															        -->
<!-- Module Version No: 1.0                                                             -->
<!--****************************************************************************		-->
<config version="1.0">
  <scope role="idocs_member">
      <component id="link_ghg_component"> 
		 <params>
            <param name="objectId" required="true"/>
         </params>
         <pages>
            <start>/custom/jsps/ghg/linktoghg.jsp</start>
         </pages>
         <class>org.ifc.idocs.crrpsr.LinkToGHG</class>
         <nlsbundle>org.ifc.idocs.linkcrrpsr.LinkCRRPSRNlsProp</nlsbundle>
       </component>
   </scope>
</config>
