<?xml version="1.0" encoding="UTF-8" standalone="no"?>
<!-- Confidential Property of Documentum, Inc.                             -->
<!-- (c) Copyright Documentum, Inc. 2001.                                  -->
<!-- All Rights reserved.                                                  -->
<!-- May not be used without prior written agreement                       -->
<!-- signed by a Documentum corporate officer.                             -->
<!--                                                                       -->
<!-- Component:                                                            -->
<!-- Scope: None                                                           -->
<!-- Revision    $Revision: 22$                                             -->
<!-- Modified on $Date: 6/11/2008 5:32:03 PM$                               -->
<config version="1.0">
   <scope type="dm_task">
      <action modifies="view:/webcomponent/config/actions/dm_task_actions.xml">
         <replace path="params">
         	<params>
            <param name="objectId" required="true"/>
            <param name="taskmanagerId" required="true"/>
            <param name="projectId" required="false" />
            <param name="projectShortName" required="false" /> 
            <param name="countryName" required="false" />
            <param name="documentType" required="false" />
            <param name="countryCode" required="false" />   
         	</params>
         </replace>
       </action>      
   </scope>
</config>
