<?xml version="1.0" encoding="UTF-8" standalone="no"?>
<config version="1.0">
   <scope role="idocs_member">
      <component id="titlebar" extends="titlebar:webtop/config/titlebar_component.xml">
         <desc>
            Displays buttons and provides client-side event handlers for 
            advanced search, clipboard, preferences, logout, and help, and a 
            text field and button for simple search. The titlebar component is 
            included in the top frame of both the classic and streamline views. 
            There is no dynamic behavior in the title bar, so no special 
            component class is provided.
         </desc>
         <params>
           <param name="entryNode" required="false"/>
         </params>
         <pages>
            <start>/custom/jsps/titlebar/titlebar.jsp</start>
         </pages>
         <class>org.ifc.idocs.titlebar.TitleBar</class>
         <nlsbundle>org.ifc.idocs.titlebar.TitleBarNlsProp</nlsbundle>
         <failoverenabled>true</failoverenabled>
      </component>
   </scope>
 <scope role="ifc pnp parent role">
      <component id="titlebar" extends="titlebar:webtop/config/titlebar_component.xml">
         <desc>
            Displays buttons and provides client-side event handlers for 
            advanced search, clipboard, preferences, logout, and help, and a 
            text field and button for simple search. The titlebar component is 
            included in the top frame of both the classic and streamline views. 
            There is no dynamic behavior in the title bar, so no special 
            component class is provided. 
         </desc>
         <params>
         </params>
         <pages>
            <start>/custom/jsps/titlebar/titlebar_pnp.jsp</start>
         </pages>
         <class>org.ifc.pnp.titlebar.PnpTitlebar</class>
         <nlsbundle>org.ifc.idocs.titlebar.TitleBarNlsProp</nlsbundle>
         <failoverenabled>true</failoverenabled>
      </component>
   </scope>

</config>