<?xml version="1.0" encoding="UTF-8" standalone="no"?>
<!-- Confidential Property of Documentum, Inc.                             -->
<!-- (c) Copyright Documentum, Inc. 2001.                                  -->
<!-- All Rights reserved.                                                  -->
<!-- May not be used without prior written agreement                       -->
<!-- signed by a Documentum corporate officer.                             -->
<!--                                                                       -->
<!-- Component: task header                                                -->
<!-- Scope: None                                                           -->
<!-- Revision    $Revision: 7$                                              -->
<!-- Modified on $Date: 2/27/2007 7:15:02 AM$                               -->
<config version="1.0">
   <scope role='idocs_member'>
      <component modifies="taskheader:webcomponent/config/library/workflow/taskheader/taskheader_component.xml">
		 <replace path='pages.start'>
            <start>
				/custom/jsps/taskheader/taskHeader.jsp
			</start>
         </replace>
		 <replace path='pages.taskmanager'>
            <taskmanager>
				/custom/jsps/taskheader/taskHeader.jsp
	        </taskmanager>
         </replace>
		 <replace path='class'>
            <class>
				org.ifc.idocs.workflow.taskheader.TaskHeader
	        </class>
         </replace>
		 <replace path='nlsbundle'>
            <nlsbundle>
				org.ifc.idocs.workflow.taskheader.TaskHeaderNlsProp
	        </nlsbundle>
         </replace>
      </component>
   </scope>
</config>
<!--~~~~~~~~~~~~~~~~~~~~~~~~~~~~~~~~~~~~~~~~~~~~~~~~~~~~~~~ Developer's Comments
# Parameters
/* objectId                             (Required) ID of the task 
*/
/* taskName                             (Optional) Name of the task 
*/
#
~~~~~~~~~~~~~~~~~~~~~~~~~~~~~~~~~~~~~~~~~~~~~~~~~~~~~~~~~~~~~~~~~~~~~~~~~~~~~-->
