<?xml version="1.0" ?><beans xmlns:xsi="http://www.w3.org/2001/XMLSchema-instance" xmlns="http://www.springframework.org/schema/beans" xsi:schemaLocation="http://www.springframework.org/schema/beans http://www.springframework.org/schema/beans/spring-beans-3.0.xsd"><bean class="com.emc.xcp.services.core.domain.ApplicationRoleManager" id="appRoles"><property name="appRoles"><list><bean class="com.emc.xcp.services.core.domain.Role"><property name="name" value="mtg_data_integ_proc"></property><property name="id" value="itr_mtg_data_integ_proc"></property><property name="namespace" value="itr"></property></bean><bean class="com.emc.xcp.services.core.domain.Role"><property name="name" value="pmc_cancel_mgr"></property><property name="id" value="itr_pmc_cancel_mgr"></property><property name="namespace" value="itr"></property></bean><bean class="com.emc.xcp.services.core.domain.Role"><property name="name" value="auto_bill_edit_mgr"></property><property name="id" value="itr_auto_bill_edit_mgr"></property><property name="namespace" value="itr"></property></bean><bean class="com.emc.xcp.services.core.domain.Role"><property name="name" value="mtg_match_proc"></property><property name="id" value="itr_mtg_match_proc"></property><property name="namespace" value="itr"></property><property name="description" value="iTrak Mortgage Matching Proc"></property></bean><bean class="com.emc.xcp.services.core.domain.Role"><property name="name" value="mtg_data_integ_mgr"></property><property name="id" value="itr_mtg_data_integ_mgr"></property><property name="namespace" value="itr"></property></bean><bean class="com.emc.xcp.services.core.domain.Role"><property name="name" value="auto_stale_chk_mgr"></property><property name="id" value="itr_auto_stale_chk_mgr"></property><property name="namespace" value="itr"></property></bean><bean class="com.emc.xcp.services.core.domain.Role"><property name="name" value="pmc_stale_chk_proc"></property><property name="id" value="itr_pmc_stale_chk_proc"></property><property name="namespace" value="itr"></property><property name="description" value="iTrak Pennymac Stale check Processor"></property></bean><bean class="com.emc.xcp.services.core.domain.Role"><property name="name" value="pmc_premium_proc"></property><property name="id" value="itr_pmc_premium_proc"></property><property name="namespace" value="itr"></property></bean><bean class="com.emc.xcp.services.core.domain.Role"><property name="name" value="pmc_premium_mgr"></property><property name="id" value="itr_pmc_premium_mgr"></property><property name="namespace" value="itr"></property></bean><bean class="com.emc.xcp.services.core.domain.Role"><property name="name" value="ocw_escrow_mgr"></property><property name="id" value="itr_ocw_escrow_mgr"></property><property name="namespace" value="itr"></property></bean><bean class="com.emc.xcp.services.core.domain.Role"><property name="name" value="pmc_condo_proc"></property><property name="id" value="itr_pmc_condo_proc"></property><property name="namespace" value="itr"></property><property name="description" value="iTrak Pennymac Condo Processor"></property></bean><bean class="com.emc.xcp.services.core.domain.Role"><property name="name" value="mtg_payee_proc"></property><property name="id" value="itr_mtg_payee_proc"></property><property name="namespace" value="itr"></property></bean><bean class="com.emc.xcp.services.core.domain.Role"><property name="name" value="pmc_condo_mgr"></property><property name="id" value="itr_pmc_condo_mgr"></property><property name="namespace" value="itr"></property></bean><bean class="com.emc.xcp.services.core.domain.Role"><property name="name" value="ocw_follow_up_proc"></property><property name="id" value="itr_ocw_follow_up_proc"></property><property name="namespace" value="itr"></property></bean><bean class="com.emc.xcp.services.core.domain.Role"><property name="name" value="mtg_match_mgr"></property><property name="id" value="itr_mtg_match_mgr"></property><property name="namespace" value="itr"></property><property name="description" value="iTrak Application Admin"></property></bean><bean class="com.emc.xcp.services.core.domain.Role"><property name="name" value="ocw_escrow_proc"></property><property name="id" value="itr_ocw_escrow_proc"></property><property name="namespace" value="itr"></property><property name="description" value="iTrak Ocwen Escrow Processor"></property></bean><bean class="com.emc.xcp.services.core.domain.Role"><property name="name" value="mtg_miss_info_mgr"></property><property name="id" value="itr_mtg_miss_info_mgr"></property><property name="namespace" value="itr"></property></bean><bean class="com.emc.xcp.services.core.domain.Role"><property name="name" value="pmc_match_proc"></property><property name="id" value="itr_pmc_match_proc"></property><property name="namespace" value="itr"></property><property name="description" value="iTrak Pennymac Match Processor"></property></bean><bean class="com.emc.xcp.services.core.domain.Role"><property name="name" value="ocw_follow_up_mgr"></property><property name="id" value="itr_ocw_follow_up_mgr"></property><property name="namespace" value="itr"></property><property name="description" value="iTrak Ocwen Follow up Manager"></property></bean><bean class="com.emc.xcp.services.core.domain.Role"><property name="name" value="auto_data_integ_proc"></property><property name="id" value="itr_auto_data_integ_pro"></property><property name="namespace" value="itr"></property></bean><bean class="com.emc.xcp.services.core.domain.Role"><property name="name" value="mtg_refund_mgr"></property><property name="id" value="itr_mtg_refund_mgr"></property><property name="namespace" value="itr"></property><property name="description" value="iTrak Mortgage Refund Manager"></property></bean><bean class="com.emc.xcp.services.core.domain.Role"><property name="name" value="mtg_payee_mgr"></property><property name="id" value="itr_mtg_payee_mgr"></property><property name="namespace" value="itr"></property></bean><bean class="com.emc.xcp.services.core.domain.Role"><property name="name" value="ocw_flood_proc"></property><property name="id" value="itr_ocw_flood_proc"></property><property name="namespace" value="itr"></property><property name="description" value="iTrak Ocwen Flood Processor"></property></bean><bean class="com.emc.xcp.services.core.domain.Role"><property name="name" value="ocw_basic_proc"></property><property name="id" value="itr_ocw_basic_proc"></property><property name="namespace" value="itr"></property></bean><bean class="com.emc.xcp.services.core.domain.Role"><property name="name" value="auto_miss_info_mgr"></property><property name="id" value="itr_auto_miss_info_mgr"></property><property name="namespace" value="itr"></property></bean><bean class="com.emc.xcp.services.core.domain.Role"><property name="name" value="auto_match_proc"></property><property name="id" value="itr_auto_match_proc"></property><property name="namespace" value="itr"></property><property name="description" value="iTrak Auto Matching Processor"></property></bean><bean class="com.emc.xcp.services.core.domain.Role"><property name="name" value="auto_basic_proc"></property><property name="id" value="itr_auto_basic_proc"></property><property name="namespace" value="itr"></property><property name="description" value="iTrak Auto Matching Manager"></property></bean><bean class="com.emc.xcp.services.core.domain.Role"><property name="name" value="ocw_basic_mgr"></property><property name="id" value="itr_ocw_basic_mgr"></property><property name="namespace" value="itr"></property></bean><bean class="com.emc.xcp.services.core.domain.Role"><property name="name" value="ocw_miss_info_mgr"></property><property name="id" value="itr_ocw_miss_info_mgr"></property><property name="namespace" value="itr"></property></bean><bean class="com.emc.xcp.services.core.domain.Role"><property name="name" value="ocw_match_mgr"></property><property name="id" value="itr_ocw_match_mgr"></property><property name="namespace" value="itr"></property></bean><bean class="com.emc.xcp.services.core.domain.Role"><property name="name" value="mtg_condo_proc"></property><property name="id" value="itr_mtg_condo_proc"></property><property name="namespace" value="itr"></property><property name="description" value="iTrak Mortgage Condo Processor"></property></bean><bean class="com.emc.xcp.services.core.domain.Role"><property name="name" value="mtg_impair_proc"></property><property name="id" value="itr_mtg_impair_proc"></property><property name="namespace" value="itr"></property></bean><bean class="com.emc.xcp.services.core.domain.Role"><property name="name" value="ocw_miss_info_proc"></property><property name="id" value="itr_ocw_miss_info_proc"></property><property name="namespace" value="itr"></property></bean><bean class="com.emc.xcp.services.core.domain.Role"><property name="name" value="pmc_miss_info_proc"></property><property name="id" value="itr_pmc_miss_info_proc"></property><property name="namespace" value="itr"></property></bean><bean class="com.emc.xcp.services.core.domain.Role"><property name="name" value="auto_impair_mgr"></property><property name="id" value="itr_auto_impair_mgr"></property><property name="namespace" value="itr"></property></bean><bean class="com.emc.xcp.services.core.domain.Role"><property name="name" value="mtg_escrow_proc"></property><property name="id" value="itr_mtg_escrow_proc"></property><property name="namespace" value="itr"></property><property name="description" value="iTrak Mortgage Escrow Processor"></property></bean><bean class="com.emc.xcp.services.core.domain.Role"><property name="name" value="ocw_stale_chk_mgr"></property><property name="id" value="itr_ocw_stale_chk_mgr"></property><property name="namespace" value="itr"></property></bean><bean class="com.emc.xcp.services.core.domain.Role"><property name="name" value="ocw_refund_mgr"></property><property name="id" value="itr_ocw_refund_mgr"></property><property name="namespace" value="itr"></property><property name="description" value="iTrak Ocwen Refund Manager"></property></bean><bean class="com.emc.xcp.services.core.domain.Role"><property name="name" value="pmc_follow_up_proc"></property><property name="id" value="itr_pmc_follow_up_proc"></property><property name="namespace" value="itr"></property></bean><bean class="com.emc.xcp.services.core.domain.Role"><property name="name" value="auto_bill_edit_proc"></property><property name="id" value="itr_auto_bill_edit_proc"></property><property name="namespace" value="itr"></property></bean><bean class="com.emc.xcp.services.core.domain.Role"><property name="name" value="pmc_follow_up_mgr"></property><property name="id" value="itr_pmc_follow_up_mgr"></property><property name="namespace" value="itr"></property><property name="description" value="iTrak Pennymac Follow up Manager"></property></bean><bean class="com.emc.xcp.services.core.domain.Role"><property name="name" value="auto_trans_search"></property><property name="id" value="itr_auto_trans_search"></property><property name="namespace" value="itr"></property></bean><bean class="com.emc.xcp.services.core.domain.Role"><property name="name" value="ocw_impair_mgr"></property><property name="id" value="itr_ocw_impair_mgr"></property><property name="namespace" value="itr"></property></bean><bean class="com.emc.xcp.services.core.domain.Role"><property name="name" value="mtg_flood_mgr"></property><property name="id" value="itr_mtg_flood_mgr"></property><property name="namespace" value="itr"></property><property name="description" value="iTrak Mortgage Flood Manager"></property></bean><bean class="com.emc.xcp.services.core.domain.Role"><property name="name" value="dki_proc"></property><property name="id" value="itk_dki_proc"></property><property name="namespace" value="itk"></property></bean><bean class="com.emc.xcp.services.core.domain.Role"><property name="name" value="auto_fail_edit_proc"></property><property name="id" value="itr_auto_fail_edit_proc"></property><property name="namespace" value="itr"></property></bean><bean class="com.emc.xcp.services.core.domain.Role"><property name="name" value="app_admin"></property><property name="id" value="itr_app_admin"></property><property name="namespace" value="itr"></property><property name="description" value="iTrak Application Admin"></property></bean><bean class="com.emc.xcp.services.core.domain.Role"><property name="name" value="ocw_payee_proc"></property><property name="id" value="itr_ocw_payee_proc"></property><property name="namespace" value="itr"></property></bean><bean class="com.emc.xcp.services.core.domain.Role"><property name="name" value="mtg_stale_chk_proc"></property><property name="id" value="itr_mtg_stale_chk_proc"></property><property name="namespace" value="itr"></property></bean><bean class="com.emc.xcp.services.core.domain.Role"><property name="name" value="auto_miss_info_proc"></property><property name="id" value="itr_auto_miss_info_proc"></property><property name="namespace" value="itr"></property></bean><bean class="com.emc.xcp.services.core.domain.Role"><property name="name" value="auto_basic_mgr"></property><property name="id" value="itr_auto_basic_mgr"></property><property name="namespace" value="itr"></property><property name="description" value="iTrak Auto Matching Manager"></property></bean><bean class="com.emc.xcp.services.core.domain.Role"><property name="name" value="pmc_basic_proc"></property><property name="id" value="itr_pmc_basic_proc"></property><property name="namespace" value="itr"></property></bean><bean class="com.emc.xcp.services.core.domain.Role"><property name="name" value="ocw_bill_edit_mgr"></property><property name="id" value="itr_ocw_bill_edit_mgr"></property><property name="namespace" value="itr"></property></bean><bean class="com.emc.xcp.services.core.domain.Role"><property name="name" value="mtg_condo_mgr"></property><property name="id" value="itr_mtg_condo_mgr"></property><property name="namespace" value="itr"></property><property name="description" value="iTrak Mortgage Condo Manager"></property></bean><bean class="com.emc.xcp.services.core.domain.Role"><property name="name" value="pmc_bill_edit_proc"></property><property name="id" value="itr_pmc_bill_edit_proc"></property><property name="namespace" value="itr"></property><property name="description" value="iTrak Pennymac Bill Edit Manager"></property></bean><bean class="com.emc.xcp.services.core.domain.Role"><property name="name" value="pmc_escrow_mgr"></property><property name="id" value="itr_pmc_escrow_mgr"></property><property name="namespace" value="itr"></property><property name="description" value="iTrak Pennymac Escrow Manager"></property></bean><bean class="com.emc.xcp.services.core.domain.Role"><property name="name" value="executives"></property><property name="id" value="itk_executives"></property><property name="namespace" value="itk"></property></bean><bean class="com.emc.xcp.services.core.domain.Role"><property name="name" value="auto_match_mgr"></property><property name="id" value="itr_auto_match_mgr"></property><property name="namespace" value="itr"></property><property name="description" value="iTrak Auto Matching Manager"></property></bean><bean class="com.emc.xcp.services.core.domain.Role"><property name="name" value="mtg_fail_edit_proc"></property><property name="id" value="itr_mtg_fail_edit_proc"></property><property name="namespace" value="itr"></property></bean><bean class="com.emc.xcp.services.core.domain.Role"><property name="name" value="auto_cancel_proc"></property><property name="id" value="itr_auto_cancel_proc"></property><property name="namespace" value="itr"></property></bean><bean class="com.emc.xcp.services.core.domain.Role"><property name="name" value="ocw_fail_edit_mgr"></property><property name="id" value="itr_ocw_fail_edit_mgr"></property><property name="namespace" value="itr"></property></bean><bean class="com.emc.xcp.services.core.domain.Role"><property name="name" value="mtg_flood_proc"></property><property name="id" value="itr_mtg_flood_proc"></property><property name="namespace" value="itr"></property><property name="description" value="iTrak Mortgage Flood Processor"></property></bean><bean class="com.emc.xcp.services.core.domain.Role"><property name="name" value="ocw_cancel_proc"></property><property name="id" value="itr_ocw_cancel_proc"></property><property name="namespace" value="itr"></property></bean><bean class="com.emc.xcp.services.core.domain.Role"><property name="name" value="pmc_payee_proc"></property><property name="id" value="itr_pmc_payee_proc"></property><property name="namespace" value="itr"></property><property name="description" value="iTrak Pennymac Payee Processor"></property></bean><bean class="com.emc.xcp.services.core.domain.Role"><property name="name" value="pmc_payee_mgr"></property><property name="id" value="itr_pmc_payee_mgr"></property><property name="namespace" value="itr"></property><property name="description" value="iTrak Pennymac Payee Manager"></property></bean><bean class="com.emc.xcp.services.core.domain.Role"><property name="name" value="imqc_user"></property><property name="id" value="itk_imqc_user"></property><property name="namespace" value="itk"></property></bean><bean class="com.emc.xcp.services.core.domain.Role"><property name="name" value="ocw_stale_chk_proc"></property><property name="id" value="itr_ocw_stale_chk_proc"></property><property name="namespace" value="itr"></property></bean><bean class="com.emc.xcp.services.core.domain.Role"><property name="name" value="mtg_basic_proc"></property><property name="id" value="itr_mtg_basic_proc"></property><property name="namespace" value="itr"></property></bean><bean class="com.emc.xcp.services.core.domain.Role"><property name="name" value="auto_follow_up_proc"></property><property name="id" value="itr_auto_follow_up_proc"></property><property name="namespace" value="itr"></property></bean><bean class="com.emc.xcp.services.core.domain.Role"><property name="name" value="ocw_data_integ_mgr"></property><property name="id" value="itr_ocw_data_integ_mgr"></property><property name="namespace" value="itr"></property><property name="description" value="iTrak Ocwen Data Integrity Manager"></property></bean><bean class="com.emc.xcp.services.core.domain.Role"><property name="name" value="ocw_trans_search"></property><property name="id" value="itr_ocw_trans_search"></property><property name="namespace" value="itr"></property></bean><bean class="com.emc.xcp.services.core.domain.Role"><property name="name" value="mtg_cancel_mgr"></property><property name="id" value="itr_mtg_cancel_mgr"></property><property name="namespace" value="itr"></property><property name="description" value="iTrak Mortgage Cancel Manager"></property></bean><bean class="com.emc.xcp.services.core.domain.Role"><property name="name" value="auto_data_integ_mgr"></property><property name="id" value="itr_auto_data_integ_mgr"></property><property name="namespace" value="itr"></property></bean><bean class="com.emc.xcp.services.core.domain.Role"><property name="name" value="mtg_premium_mgr"></property><property name="id" value="itr_mtg_premium_mgr"></property><property name="namespace" value="itr"></property><property name="description" value="iTrak Mortgage Premium Manager"></property></bean><bean class="com.emc.xcp.services.core.domain.Role"><property name="name" value="mtg_premium_proc"></property><property name="id" value="itr_mtg_premium_proc"></property><property name="namespace" value="itr"></property><property name="description" value="iTrak Mortgage Premium Processor"></property></bean><bean class="com.emc.xcp.services.core.domain.Role"><property name="name" value="rule_admin"></property><property name="id" value="itr_rule_admin"></property><property name="namespace" value="itr"></property></bean><bean class="com.emc.xcp.services.core.domain.Role"><property name="name" value="pmc_fail_edit_proc"></property><property name="id" value="itr_pmc_fail_edit_proc"></property><property name="namespace" value="itr"></property></bean><bean class="com.emc.xcp.services.core.domain.Role"><property name="name" value="pmc_flood_proc"></property><property name="id" value="itr_pmc_flood_proc"></property><property name="namespace" value="itr"></property><property name="description" value="iTrak Pennymac Flood Processor"></property></bean><bean class="com.emc.xcp.services.core.domain.Role"><property name="name" value="pmc_basic_mgr"></property><property name="id" value="itr_pmc_basic_mgr"></property><property name="namespace" value="itr"></property></bean><bean class="com.emc.xcp.services.core.domain.Role"><property name="name" value="ocw_premium_proc"></property><property name="id" value="itr_ocw_premium_proc"></property><property name="namespace" value="itr"></property><property name="description" value="iTrak Ocwen Premium Processor"></property></bean><bean class="com.emc.xcp.services.core.domain.Role"><property name="name" value="auto_impair_proc"></property><property name="id" value="itr_auto_impair_proc"></property><property name="namespace" value="itr"></property></bean><bean class="com.emc.xcp.services.core.domain.Role"><property name="name" value="mtg_trans_search"></property><property name="id" value="itr_mtg_trans_search"></property><property name="namespace" value="itr"></property></bean><bean class="com.emc.xcp.services.core.domain.Role"><property name="name" value="dki_mgr"></property><property name="id" value="itk_dki_mgr"></property><property name="namespace" value="itk"></property></bean><bean class="com.emc.xcp.services.core.domain.Role"><property name="name" value="pmc_flood_mgr"></property><property name="id" value="itr_pmc_flood_mgr"></property><property name="namespace" value="itr"></property><property name="description" value="iTrak Pennymac Flood Manager"></property></bean><bean class="com.emc.xcp.services.core.domain.Role"><property name="name" value="pmc_cancel_proc"></property><property name="id" value="itr_pmc_cancel_proc"></property><property name="namespace" value="itr"></property></bean><bean class="com.emc.xcp.services.core.domain.Role"><property name="name" value="ocw_data_integ_proc"></property><property name="id" value="itr_ocw_data_integ_proc"></property><property name="namespace" value="itr"></property><property name="description" value="iTrak Ocwen Data Integrity Processor"></property></bean><bean class="com.emc.xcp.services.core.domain.Role"><property name="name" value="ocw_match_proc"></property><property name="id" value="itr_ocw_match_proc"></property><property name="namespace" value="itr"></property><property name="description" value="iTrak Ocwen Match Processor"></property></bean><bean class="com.emc.xcp.services.core.domain.Role"><property name="name" value="mtg_impair_mgr"></property><property name="id" value="itr_mtg_impair_mgr"></property><property name="namespace" value="itr"></property></bean><bean class="com.emc.xcp.services.core.domain.Role"><property name="name" value="pmc_escrow_proc"></property><property name="id" value="itr_pmc_escrow_proc"></property><property name="namespace" value="itr"></property><property name="description" value="iTrak Pennymac Escrow Processor"></property></bean><bean class="com.emc.xcp.services.core.domain.Role"><property name="name" value="pmc_match_mgr"></property><property name="id" value="itr_pmc_match_mgr"></property><property name="namespace" value="itr"></property></bean><bean class="com.emc.xcp.services.core.domain.Role"><property name="name" value="mtg_fail_edit_mgr"></property><property name="id" value="itr_mtg_fail_edit_mgr"></property><property name="namespace" value="itr"></property></bean><bean class="com.emc.xcp.services.core.domain.Role"><property name="name" value="pmc_fail_edit_mgr"></property><property name="id" value="itr_pmc_fail_edit_mgr"></property><property name="namespace" value="itr"></property></bean><bean class="com.emc.xcp.services.core.domain.Role"><property name="name" value="mtg_stale_chk_mgr"></property><property name="id" value="itr_mtg_stale_chk_mgr"></property><property name="namespace" value="itr"></property></bean><bean class="com.emc.xcp.services.core.domain.Role"><property name="name" value="workforce_admin"></property><property name="id" value="itr_workforce_admin"></property><property name="namespace" value="itr"></property></bean><bean class="com.emc.xcp.services.core.domain.Role"><property name="name" value="mtg_bill_edit_mgr"></property><property name="id" value="itr_mtg_bill_edit_mgr"></property><property name="namespace" value="itr"></property></bean><bean class="com.emc.xcp.services.core.domain.Role"><property name="name" value="pmc_data_integ_mgr"></property><property name="id" value="itr_pmc_data_integ_mgr"></property><property name="namespace" value="itr"></property></bean><bean class="com.emc.xcp.services.core.domain.Role"><property name="name" value="ocw_flood_mgr"></property><property name="id" value="itr_ocw_flood_mgr"></property><property name="namespace" value="itr"></property><property name="description" value="iTrak Ocwen Flood Manager"></property></bean><bean class="com.emc.xcp.services.core.domain.Role"><property name="name" value="ocw_condo_mgr"></property><property name="id" value="itr_ocw_condo_mgr"></property><property name="namespace" value="itr"></property><property name="description" value="iTrak Ocwen Condo Manager"></property></bean><bean class="com.emc.xcp.services.core.domain.Role"><property name="name" value="mtg_basic_mgr"></property><property name="id" value="itr_mtg_basic_mgr"></property><property name="namespace" value="itr"></property><property name="description" value="iTrak Mortgage Basic Manager"></property></bean><bean class="com.emc.xcp.services.core.domain.Role"><property name="name" value="ocw_condo_proc"></property><property name="id" value="itr_ocw_condo_proc"></property><property name="namespace" value="itr"></property><property name="description" value="iTrak Ocwen Condo Processor"></property></bean><bean class="com.emc.xcp.services.core.domain.Role"><property name="name" value="ocw_cancel_mgr"></property><property name="id" value="itr_ocw_cancel_mgr"></property><property name="namespace" value="itr"></property></bean><bean class="com.emc.xcp.services.core.domain.Role"><property name="name" value="auto_stale_chk_proc"></property><property name="id" value="itr_auto_stale_chk_proc"></property><property name="namespace" value="itr"></property></bean><bean class="com.emc.xcp.services.core.domain.Role"><property name="name" value="mtg_refund_proc"></property><property name="id" value="itr_mtg_refund_proc"></property><property name="namespace" value="itr"></property></bean><bean class="com.emc.xcp.services.core.domain.Role"><property name="name" value="ocw_premium_mgr"></property><property name="id" value="itr_ocw_premium_mgr"></property><property name="namespace" value="itr"></property><property name="description" value="iTrak Ocwen Premium Manager"></property></bean><bean class="com.emc.xcp.services.core.domain.Role"><property name="name" value="pmc_bill_edit_mgr"></property><property name="id" value="itr_pmc_bill_edit_mgr"></property><property name="namespace" value="itr"></property></bean><bean class="com.emc.xcp.services.core.domain.Role"><property name="name" value="ocw_bill_edit_proc"></property><property name="id" value="itr_ocw_bill_edit_proc"></property><property name="namespace" value="itr"></property></bean><bean class="com.emc.xcp.services.core.domain.Role"><property name="name" value="mtg_escrow_mgr"></property><property name="id" value="itr_mtg_escrow_mgr"></property><property name="namespace" value="itr"></property><property name="description" value="iTrak Mortgage Escrow Manager"></property></bean><bean class="com.emc.xcp.services.core.domain.Role"><property name="name" value="mtg_miss_info_proc"></property><property name="id" value="itr_mtg_miss_info_proc"></property><property name="namespace" value="itr"></property></bean><bean class="com.emc.xcp.services.core.domain.Role"><property name="name" value="pmc_miss_info_mgr"></property><property name="id" value="itr_pmc_miss_info_mgr"></property><property name="namespace" value="itr"></property></bean><bean class="com.emc.xcp.services.core.domain.Role"><property name="name" value="mtg_bill_edit_proc"></property><property name="id" value="itr_mtg_bill_edit_proc"></property><property name="namespace" value="itr"></property></bean><bean class="com.emc.xcp.services.core.domain.Role"><property name="name" value="mtg_follow_up_mgr"></property><property name="id" value="itr_mtg_follow_up_mgr"></property><property name="namespace" value="itr"></property><property name="description" value="iTrak Matching Manager"></property></bean><bean class="com.emc.xcp.services.core.domain.Role"><property name="name" value="mtg_cancel_proc"></property><property name="id" value="itr_mtg_cancel_proc"></property><property name="namespace" value="itr"></property></bean><bean class="com.emc.xcp.services.core.domain.Role"><property name="name" value="ocw_payee_mgr"></property><property name="id" value="itr_ocw_payee_mgr"></property><property name="namespace" value="itr"></property></bean><bean class="com.emc.xcp.services.core.domain.Role"><property name="name" value="auto_fail_edit_mgr"></property><property name="id" value="itr_auto_fail_edit_mgr"></property><property name="namespace" value="itr"></property></bean><bean class="com.emc.xcp.services.core.domain.Role"><property name="name" value="mtg_follow_up _proc"></property><property name="id" value="itr_mtg_follow_up_proc"></property><property name="namespace" value="itr"></property></bean><bean class="com.emc.xcp.services.core.domain.Role"><property name="name" value="pmc_data_integ_proc"></property><property name="id" value="itr_pmc_data_integ_proc"></property><property name="namespace" value="itr"></property><property name="description" value="iTrak Pennymac Data Integrity Processor"></property></bean><bean class="com.emc.xcp.services.core.domain.Role"><property name="name" value="ocw_fail_edit_proc"></property><property name="id" value="itr_ocw_fail_edit_proc"></property><property name="namespace" value="itr"></property></bean><bean class="com.emc.xcp.services.core.domain.Role"><property name="name" value="ocw_impair_proc"></property><property name="id" value="itr_ocw_impair_proc"></property><property name="namespace" value="itr"></property></bean><bean class="com.emc.xcp.services.core.domain.Role"><property name="name" value="pmc_impair_proc"></property><property name="id" value="itr_pmc_impair_proc"></property><property name="namespace" value="itr"></property></bean><bean class="com.emc.xcp.services.core.domain.Role"><property name="name" value="pmc_impair_mgr"></property><property name="id" value="itr_pmc_impair_mgr"></property><property name="namespace" value="itr"></property></bean><bean class="com.emc.xcp.services.core.domain.Role"><property name="name" value="pmc_trans_search"></property><property name="id" value="itr_pmc_trans_search"></property><property name="namespace" value="itr"></property></bean><bean class="com.emc.xcp.services.core.domain.Role"><property name="name" value="auto_follow_up_mgr"></property><property name="id" value="itr_auto_follow_up_mgr"></property><property name="namespace" value="itr"></property></bean><bean class="com.emc.xcp.services.core.domain.Role"><property name="name" value="pmc_stale_chk_mgr"></property><property name="id" value="itr_pmc_stale_chk_mgr"></property><property name="namespace" value="itr"></property><property name="description" value="iTrak Pennymac Stale check Manager"></property></bean><bean class="com.emc.xcp.services.core.domain.Role"><property name="name" value="auto_cancel_mgr"></property><property name="id" value="itr_auto_cancel_mgr"></property><property name="namespace" value="itr"></property></bean><bean class="com.emc.xcp.services.core.domain.Role"><property name="name" value="ocw_refund_proc"></property><property name="id" value="itr_ocw_refund_proc"></property><property name="namespace" value="itr"></property><property name="description" value="iTrak Ocwen Refund Processor"></property></bean></list></property></bean></beans>