{
  "name" : "process-type",
  "type" : "itk_submitfollowup",
  "label" : "SubmitFollowUp",
  "runnable-stateless" : true,
  "urn" : "urn:itk:com.emc.ide.artifact.process:Artifacts/Processes/submitfollowup.process",
  "properties" : [ {
    "name" : "process_id",
    "label" : "process_id",
    "type" : "string",
    "length" : 64
  }, {
    "name" : "status",
    "label" : "status",
    "type" : "string",
    "length" : 64
  }, {
    "name" : "id",
    "label" : "id",
    "type" : "string",
    "length" : 64
  }, {
    "name" : "r_runtime_state",
    "label" : "r_runtime_state",
    "type" : "integer"
  }, {
    "name" : "correlation_identifier",
    "label" : "correlation_identifier",
    "type" : "string",
    "length" : 64
  }, {
    "name" : "object_name",
    "label" : "object_name",
    "type" : "string",
    "length" : 64
  }, {
    "name" : "r_creator_name",
    "label" : "r_creator_name",
    "type" : "string",
    "length" : 64
  }, {
    "name" : "r_start_date",
    "label" : "r_start_date",
    "type" : "datetime"
  }, {
    "name" : "supervisor_name",
    "label" : "supervisor_name",
    "type" : "string",
    "length" : 64
  }, {
    "name" : "supervisor_address",
    "label" : "supervisor_address",
    "type" : "string",
    "length" : 64
  } ],
  "tasks" : [ {
    "rel" : "http://identifiers.emc.com/linkrel/task",
    "href" : "${contextPath}types/processes/itk_submitfollowup/tasks/itk_initiate"
  }, {
    "rel" : "http://identifiers.emc.com/linkrel/task",
    "href" : "${contextPath}types/processes/itk_submitfollowup/tasks/itk_submit_to_follow_up"
  }, {
    "rel" : "http://identifiers.emc.com/linkrel/task",
    "href" : "${contextPath}types/processes/itk_submitfollowup/tasks/itk_call_get_processor_"
  }, {
    "rel" : "http://identifiers.emc.com/linkrel/task",
    "href" : "${contextPath}types/processes/itk_submitfollowup/tasks/itk_are_there_more_item"
  }, {
    "rel" : "http://identifiers.emc.com/linkrel/task",
    "href" : "${contextPath}types/processes/itk_submitfollowup/tasks/itk_join"
  }, {
    "rel" : "http://identifiers.emc.com/linkrel/task",
    "href" : "${contextPath}types/processes/itk_submitfollowup/tasks/itk_no_more_loan_except"
  }, {
    "rel" : "http://identifiers.emc.com/linkrel/task",
    "href" : "${contextPath}types/processes/itk_submitfollowup/tasks/itk_is_processor_role"
  }, {
    "rel" : "http://identifiers.emc.com/linkrel/task",
    "href" : "${contextPath}types/processes/itk_submitfollowup/tasks/itk_set_bypass_flag"
  } ],
  "flows" : [ {
    "source" : "${contextPath}types/processes/itk_submitfollowup/tasks/itk_initiate",
    "target" : "${contextPath}types/processes/itk_submitfollowup/tasks/itk_submit_to_follow_up",
    "flow-type" : "regular"
  }, {
    "source" : "${contextPath}types/processes/itk_submitfollowup/tasks/itk_call_get_processor_",
    "target" : "${contextPath}types/processes/itk_submitfollowup/tasks/itk_are_there_more_item",
    "flow-type" : "regular"
  }, {
    "source" : "${contextPath}types/processes/itk_submitfollowup/tasks/itk_are_there_more_item",
    "target" : "${contextPath}types/processes/itk_submitfollowup/tasks/itk_join",
    "flow-type" : "regular"
  }, {
    "source" : "${contextPath}types/processes/itk_submitfollowup/tasks/itk_are_there_more_item",
    "target" : "${contextPath}types/processes/itk_submitfollowup/tasks/itk_no_more_loan_except",
    "flow-type" : "regular"
  }, {
    "source" : "${contextPath}types/processes/itk_submitfollowup/tasks/itk_no_more_loan_except",
    "target" : "${contextPath}types/processes/itk_submitfollowup/tasks/itk_join",
    "flow-type" : "regular"
  }, {
    "source" : "${contextPath}types/processes/itk_submitfollowup/tasks/itk_submit_to_follow_up",
    "target" : "${contextPath}types/processes/itk_submitfollowup/tasks/itk_is_processor_role",
    "flow-type" : "regular"
  }, {
    "source" : "${contextPath}types/processes/itk_submitfollowup/tasks/itk_is_processor_role",
    "target" : "${contextPath}types/processes/itk_submitfollowup/tasks/itk_set_bypass_flag",
    "flow-type" : "regular"
  }, {
    "source" : "${contextPath}types/processes/itk_submitfollowup/tasks/itk_set_bypass_flag",
    "target" : "${contextPath}types/processes/itk_submitfollowup/tasks/itk_call_get_processor_",
    "flow-type" : "regular"
  }, {
    "source" : "${contextPath}types/processes/itk_submitfollowup/tasks/itk_is_processor_role",
    "target" : "${contextPath}types/processes/itk_submitfollowup/tasks/itk_call_get_processor_",
    "flow-type" : "regular"
  } ],
  "data" : {
    "packages" : [ {
      "name" : "package0",
      "label" : "package0",
      "mandatory" : true,
      "visible" : true,
      "version-label" : "CURRENT",
      "type" : "${contextPath}types/contents/itk_transaction",
      "input" : true,
      "output" : false
    }, {
      "name" : "package1",
      "label" : "package1",
      "mandatory" : true,
      "visible" : true,
      "version-label" : "CURRENT",
      "type" : "${contextPath}types/business-objects/itk_trans_exception",
      "input" : true,
      "output" : false
    } ],
    "variables" : [ {
      "name" : "p_follow_up_reason",
      "label" : "p_follow_up_reason",
      "type" : "string",
      "repeating" : false,
      "default-value" : null,
      "mandatory" : false,
      "input" : true,
      "output" : false
    }, {
      "name" : "p_follow_up_date",
      "label" : "p_follow_up_date",
      "type" : "datetime",
      "repeating" : false,
      "default-value" : null,
      "mandatory" : false,
      "input" : true,
      "output" : false
    }, {
      "name" : "p_task_id",
      "label" : "p_task_id",
      "type" : "string",
      "repeating" : false,
      "default-value" : null,
      "mandatory" : false,
      "input" : true,
      "output" : false
    }, {
      "name" : "p_page_rediret",
      "label" : "p_page_rediret",
      "type" : "string",
      "repeating" : false,
      "default-value" : null,
      "mandatory" : false,
      "input" : false,
      "output" : true
    }, {
      "name" : "p_is_get_last_item",
      "label" : "p_is_get_last_item",
      "type" : "boolean",
      "repeating" : false,
      "default-value" : "true",
      "mandatory" : false,
      "input" : true,
      "output" : false
    }, {
      "name" : "p_cur_work_queue",
      "label" : "p_cur_work_queue",
      "type" : "string",
      "repeating" : false,
      "default-value" : null,
      "mandatory" : false,
      "input" : true,
      "output" : false
    }, {
      "name" : "p_are_there_more_items",
      "label" : "p_are_there_more_items",
      "type" : "boolean",
      "repeating" : false,
      "default-value" : "true",
      "mandatory" : false,
      "input" : true,
      "output" : false
    }, {
      "name" : "p_pre_follow_up_exception_date",
      "label" : "p_pre_follow_up_exception_date",
      "type" : "datetime",
      "repeating" : false,
      "default-value" : null,
      "mandatory" : false,
      "input" : true,
      "output" : false
    }, {
      "name" : "p_current_role",
      "label" : "p_current_role",
      "type" : "string",
      "repeating" : false,
      "default-value" : "",
      "mandatory" : false,
      "input" : true,
      "output" : false
    } ]
  },
  "links" : [ {
    "rel" : "self",
    "href" : "${contextPath}types/processes/itk_submitfollowup"
  }, {
    "rel" : "http://identifiers.emc.com/linkrel/instances",
    "href" : "${contextPath}processes/itk_submitfollowup"
  }, {
    "rel" : "http://identifiers.emc.com/linkrel/halt"
  }, {
    "rel" : "http://identifiers.emc.com/linkrel/resume"
  }, {
    "rel" : "http://identifiers.emc.com/linkrel/terminate"
  }, {
    "rel" : "http://identifiers.emc.com/linkrel/tasks"
  }, {
    "rel" : "http://identifiers.emc.com/linkrel/attachments"
  } ]
}