{
  "name" : "process-type",
  "type" : "itk_getprocessornexttask",
  "label" : "GetProcessorNextTask",
  "runnable-stateless" : true,
  "urn" : "urn:itk:com.emc.ide.artifact.process:Artifacts/Processes/getprocessornexttask.process",
  "properties" : [ {
    "name" : "process_id",
    "label" : "process_id",
    "type" : "string",
    "length" : 64
  }, {
    "name" : "status",
    "label" : "status",
    "type" : "string",
    "length" : 64
  }, {
    "name" : "id",
    "label" : "id",
    "type" : "string",
    "length" : 64
  }, {
    "name" : "r_runtime_state",
    "label" : "r_runtime_state",
    "type" : "integer"
  }, {
    "name" : "correlation_identifier",
    "label" : "correlation_identifier",
    "type" : "string",
    "length" : 64
  }, {
    "name" : "object_name",
    "label" : "object_name",
    "type" : "string",
    "length" : 64
  }, {
    "name" : "r_creator_name",
    "label" : "r_creator_name",
    "type" : "string",
    "length" : 64
  }, {
    "name" : "r_start_date",
    "label" : "r_start_date",
    "type" : "datetime"
  }, {
    "name" : "supervisor_name",
    "label" : "supervisor_name",
    "type" : "string",
    "length" : 64
  }, {
    "name" : "supervisor_address",
    "label" : "supervisor_address",
    "type" : "string",
    "length" : 64
  } ],
  "tasks" : [ {
    "rel" : "http://identifiers.emc.com/linkrel/task",
    "href" : "${contextPath}types/processes/itk_getprocessornexttask/tasks/itk_initiate"
  }, {
    "rel" : "http://identifiers.emc.com/linkrel/task",
    "href" : "${contextPath}types/processes/itk_getprocessornexttask/tasks/itk_detemine_which_exce"
  }, {
    "rel" : "http://identifiers.emc.com/linkrel/task",
    "href" : "${contextPath}types/processes/itk_getprocessornexttask/tasks/itk_set_matching_except"
  }, {
    "rel" : "http://identifiers.emc.com/linkrel/task",
    "href" : "${contextPath}types/processes/itk_getprocessornexttask/tasks/itk_set_exception_page"
  }, {
    "rel" : "http://identifiers.emc.com/linkrel/task",
    "href" : "${contextPath}types/processes/itk_getprocessornexttask/tasks/itk_what_type_of_except"
  }, {
    "rel" : "http://identifiers.emc.com/linkrel/task",
    "href" : "${contextPath}types/processes/itk_getprocessornexttask/tasks/itk_get_processor_assig"
  }, {
    "rel" : "http://identifiers.emc.com/linkrel/task",
    "href" : "${contextPath}types/processes/itk_getprocessornexttask/tasks/itk_was_there_queue_a_s"
  }, {
    "rel" : "http://identifiers.emc.com/linkrel/task",
    "href" : "${contextPath}types/processes/itk_getprocessornexttask/tasks/itk_are_we_getting_the_"
  }, {
    "rel" : "http://identifiers.emc.com/linkrel/task",
    "href" : "${contextPath}types/processes/itk_getprocessornexttask/tasks/itk_get_existing_work_i"
  }, {
    "rel" : "http://identifiers.emc.com/linkrel/task",
    "href" : "${contextPath}types/processes/itk_getprocessornexttask/tasks/itk_join"
  }, {
    "rel" : "http://identifiers.emc.com/linkrel/task",
    "href" : "${contextPath}types/processes/itk_getprocessornexttask/tasks/itk_are_there_more_work"
  }, {
    "rel" : "http://identifiers.emc.com/linkrel/task",
    "href" : "${contextPath}types/processes/itk_getprocessornexttask/tasks/itk_set_not_more_items_"
  }, {
    "rel" : "http://identifiers.emc.com/linkrel/task",
    "href" : "${contextPath}types/processes/itk_getprocessornexttask/tasks/itk_is_bypass_set"
  }, {
    "rel" : "http://identifiers.emc.com/linkrel/task",
    "href" : "${contextPath}types/processes/itk_getprocessornexttask/tasks/itk_a_follow_up_queue"
  }, {
    "rel" : "http://identifiers.emc.com/linkrel/task",
    "href" : "${contextPath}types/processes/itk_getprocessornexttask/tasks/itk_get_work_item_for_p"
  }, {
    "rel" : "http://identifiers.emc.com/linkrel/task",
    "href" : "${contextPath}types/processes/itk_getprocessornexttask/tasks/itk_decision_split"
  }, {
    "rel" : "http://identifiers.emc.com/linkrel/task",
    "href" : "${contextPath}types/processes/itk_getprocessornexttask/tasks/itk_auto_acquire_matchi"
  }, {
    "rel" : "http://identifiers.emc.com/linkrel/task",
    "href" : "${contextPath}types/processes/itk_getprocessornexttask/tasks/itk_auto_acquire_task"
  }, {
    "rel" : "http://identifiers.emc.com/linkrel/task",
    "href" : "${contextPath}types/processes/itk_getprocessornexttask/tasks/itk_obtain_any_prior_pr"
  }, {
    "rel" : "http://identifiers.emc.com/linkrel/task",
    "href" : "${contextPath}types/processes/itk_getprocessornexttask/tasks/itk_are_we_getting_th_1"
  }, {
    "rel" : "http://identifiers.emc.com/linkrel/task",
    "href" : "${contextPath}types/processes/itk_getprocessornexttask/tasks/itk_get_work_item_for_1"
  }, {
    "rel" : "http://identifiers.emc.com/linkrel/task",
    "href" : "${contextPath}types/processes/itk_getprocessornexttask/tasks/itk_clear_current_work_"
  }, {
    "rel" : "http://identifiers.emc.com/linkrel/task",
    "href" : "${contextPath}types/processes/itk_getprocessornexttask/tasks/itk_emc_concurrency_wor"
  }, {
    "rel" : "http://identifiers.emc.com/linkrel/task",
    "href" : "${contextPath}types/processes/itk_getprocessornexttask/tasks/itk_emc_concurrency_w_1"
  } ],
  "flows" : [ {
    "source" : "${contextPath}types/processes/itk_getprocessornexttask/tasks/itk_what_type_of_except",
    "target" : "${contextPath}types/processes/itk_getprocessornexttask/tasks/itk_set_matching_except",
    "flow-type" : "regular"
  }, {
    "source" : "${contextPath}types/processes/itk_getprocessornexttask/tasks/itk_what_type_of_except",
    "target" : "${contextPath}types/processes/itk_getprocessornexttask/tasks/itk_set_exception_page",
    "flow-type" : "regular"
  }, {
    "source" : "${contextPath}types/processes/itk_getprocessornexttask/tasks/itk_was_there_queue_a_s",
    "target" : "${contextPath}types/processes/itk_getprocessornexttask/tasks/itk_get_processor_assig",
    "flow-type" : "regular"
  }, {
    "source" : "${contextPath}types/processes/itk_getprocessornexttask/tasks/itk_was_there_queue_a_s",
    "target" : "${contextPath}types/processes/itk_getprocessornexttask/tasks/itk_are_we_getting_the_",
    "flow-type" : "regular"
  }, {
    "source" : "${contextPath}types/processes/itk_getprocessornexttask/tasks/itk_are_we_getting_the_",
    "target" : "${contextPath}types/processes/itk_getprocessornexttask/tasks/itk_get_existing_work_i",
    "flow-type" : "regular"
  }, {
    "source" : "${contextPath}types/processes/itk_getprocessornexttask/tasks/itk_are_there_more_work",
    "target" : "${contextPath}types/processes/itk_getprocessornexttask/tasks/itk_detemine_which_exce",
    "flow-type" : "regular"
  }, {
    "source" : "${contextPath}types/processes/itk_getprocessornexttask/tasks/itk_are_there_more_work",
    "target" : "${contextPath}types/processes/itk_getprocessornexttask/tasks/itk_set_not_more_items_",
    "flow-type" : "regular"
  }, {
    "source" : "${contextPath}types/processes/itk_getprocessornexttask/tasks/itk_set_not_more_items_",
    "target" : "${contextPath}types/processes/itk_getprocessornexttask/tasks/itk_join",
    "flow-type" : "regular"
  }, {
    "source" : "${contextPath}types/processes/itk_getprocessornexttask/tasks/itk_initiate",
    "target" : "${contextPath}types/processes/itk_getprocessornexttask/tasks/itk_is_bypass_set",
    "flow-type" : "regular"
  }, {
    "source" : "${contextPath}types/processes/itk_getprocessornexttask/tasks/itk_is_bypass_set",
    "target" : "${contextPath}types/processes/itk_getprocessornexttask/tasks/itk_set_not_more_items_",
    "flow-type" : "regular"
  }, {
    "source" : "${contextPath}types/processes/itk_getprocessornexttask/tasks/itk_is_bypass_set",
    "target" : "${contextPath}types/processes/itk_getprocessornexttask/tasks/itk_was_there_queue_a_s",
    "flow-type" : "regular"
  }, {
    "source" : "${contextPath}types/processes/itk_getprocessornexttask/tasks/itk_a_follow_up_queue",
    "target" : "${contextPath}types/processes/itk_getprocessornexttask/tasks/itk_get_work_item_for_p",
    "flow-type" : "regular"
  }, {
    "source" : "${contextPath}types/processes/itk_getprocessornexttask/tasks/itk_get_work_item_for_p",
    "target" : "${contextPath}types/processes/itk_getprocessornexttask/tasks/itk_are_there_more_work",
    "flow-type" : "regular"
  }, {
    "source" : "${contextPath}types/processes/itk_getprocessornexttask/tasks/itk_decision_split",
    "target" : "${contextPath}types/processes/itk_getprocessornexttask/tasks/itk_join",
    "flow-type" : "regular"
  }, {
    "source" : "${contextPath}types/processes/itk_getprocessornexttask/tasks/itk_set_matching_except",
    "target" : "${contextPath}types/processes/itk_getprocessornexttask/tasks/itk_auto_acquire_matchi",
    "flow-type" : "regular"
  }, {
    "source" : "${contextPath}types/processes/itk_getprocessornexttask/tasks/itk_set_exception_page",
    "target" : "${contextPath}types/processes/itk_getprocessornexttask/tasks/itk_auto_acquire_task",
    "flow-type" : "regular"
  }, {
    "source" : "${contextPath}types/processes/itk_getprocessornexttask/tasks/itk_detemine_which_exce",
    "target" : "${contextPath}types/processes/itk_getprocessornexttask/tasks/itk_what_type_of_except",
    "flow-type" : "regular"
  }, {
    "source" : "${contextPath}types/processes/itk_getprocessornexttask/tasks/itk_are_we_getting_th_1",
    "target" : "${contextPath}types/processes/itk_getprocessornexttask/tasks/itk_get_existing_work_i",
    "flow-type" : "regular"
  }, {
    "source" : "${contextPath}types/processes/itk_getprocessornexttask/tasks/itk_get_processor_assig",
    "target" : "${contextPath}types/processes/itk_getprocessornexttask/tasks/itk_a_follow_up_queue",
    "flow-type" : "regular"
  }, {
    "source" : "${contextPath}types/processes/itk_getprocessornexttask/tasks/itk_are_we_getting_the_",
    "target" : "${contextPath}types/processes/itk_getprocessornexttask/tasks/itk_a_follow_up_queue",
    "flow-type" : "regular"
  }, {
    "source" : "${contextPath}types/processes/itk_getprocessornexttask/tasks/itk_a_follow_up_queue",
    "target" : "${contextPath}types/processes/itk_getprocessornexttask/tasks/itk_obtain_any_prior_pr",
    "flow-type" : "regular"
  }, {
    "source" : "${contextPath}types/processes/itk_getprocessornexttask/tasks/itk_obtain_any_prior_pr",
    "target" : "${contextPath}types/processes/itk_getprocessornexttask/tasks/itk_are_we_getting_th_1",
    "flow-type" : "regular"
  }, {
    "source" : "${contextPath}types/processes/itk_getprocessornexttask/tasks/itk_are_we_getting_th_1",
    "target" : "${contextPath}types/processes/itk_getprocessornexttask/tasks/itk_get_work_item_for_1",
    "flow-type" : "regular"
  }, {
    "source" : "${contextPath}types/processes/itk_getprocessornexttask/tasks/itk_auto_acquire_matchi",
    "target" : "${contextPath}types/processes/itk_getprocessornexttask/tasks/itk_decision_split",
    "flow-type" : "regular"
  }, {
    "source" : "${contextPath}types/processes/itk_getprocessornexttask/tasks/itk_auto_acquire_task",
    "target" : "${contextPath}types/processes/itk_getprocessornexttask/tasks/itk_decision_split",
    "flow-type" : "regular"
  }, {
    "source" : "${contextPath}types/processes/itk_getprocessornexttask/tasks/itk_decision_split",
    "target" : "${contextPath}types/processes/itk_getprocessornexttask/tasks/itk_clear_current_work_",
    "flow-type" : "regular"
  }, {
    "source" : "${contextPath}types/processes/itk_getprocessornexttask/tasks/itk_clear_current_work_",
    "target" : "${contextPath}types/processes/itk_getprocessornexttask/tasks/itk_a_follow_up_queue",
    "flow-type" : "regular"
  }, {
    "source" : "${contextPath}types/processes/itk_getprocessornexttask/tasks/itk_get_work_item_for_1",
    "target" : "${contextPath}types/processes/itk_getprocessornexttask/tasks/itk_emc_concurrency_wor",
    "flow-type" : "regular"
  }, {
    "source" : "${contextPath}types/processes/itk_getprocessornexttask/tasks/itk_emc_concurrency_wor",
    "target" : "${contextPath}types/processes/itk_getprocessornexttask/tasks/itk_are_there_more_work",
    "flow-type" : "regular"
  }, {
    "source" : "${contextPath}types/processes/itk_getprocessornexttask/tasks/itk_get_existing_work_i",
    "target" : "${contextPath}types/processes/itk_getprocessornexttask/tasks/itk_emc_concurrency_w_1",
    "flow-type" : "regular"
  }, {
    "source" : "${contextPath}types/processes/itk_getprocessornexttask/tasks/itk_emc_concurrency_w_1",
    "target" : "${contextPath}types/processes/itk_getprocessornexttask/tasks/itk_detemine_which_exce",
    "flow-type" : "regular"
  } ],
  "data" : {
    "packages" : [ {
      "name" : "package0",
      "label" : "package0",
      "mandatory" : false,
      "visible" : false,
      "version-label" : "CURRENT",
      "type" : "${contextPath}types/contents/xcp_dm_document",
      "input" : false,
      "output" : false
    } ],
    "variables" : [ {
      "name" : "p_current_work_task_id",
      "label" : "p_current_work_task_id",
      "type" : "string",
      "repeating" : false,
      "default-value" : null,
      "mandatory" : false,
      "input" : false,
      "output" : true
    }, {
      "name" : "p_task_page",
      "label" : "p_task_page",
      "type" : "string",
      "repeating" : false,
      "default-value" : null,
      "mandatory" : false,
      "input" : false,
      "output" : true
    }, {
      "name" : "p_current_workflow_id",
      "label" : "p_current_workflow_id",
      "type" : "string",
      "repeating" : false,
      "default-value" : null,
      "mandatory" : false,
      "input" : false,
      "output" : true
    }, {
      "name" : "p_performer_id",
      "label" : "p_performer_id",
      "type" : "string",
      "repeating" : false,
      "default-value" : null,
      "mandatory" : false,
      "input" : true,
      "output" : true
    }, {
      "name" : "p_cur_exception_type",
      "label" : "p_cur_exception_type",
      "type" : "string",
      "repeating" : false,
      "default-value" : null,
      "mandatory" : false,
      "input" : false,
      "output" : false
    }, {
      "name" : "p_selected_work_queue",
      "label" : "p_selected_work_queue",
      "type" : "string",
      "repeating" : false,
      "default-value" : null,
      "mandatory" : false,
      "input" : true,
      "output" : true
    }, {
      "name" : "p_cur_workitem_id",
      "label" : "p_cur_workitem_id",
      "type" : "string",
      "repeating" : false,
      "default-value" : null,
      "mandatory" : false,
      "input" : true,
      "output" : false
    }, {
      "name" : "p_trans_obj_id",
      "label" : "p_trans_obj_id",
      "type" : "string",
      "repeating" : false,
      "default-value" : null,
      "mandatory" : false,
      "input" : false,
      "output" : false
    }, {
      "name" : "p_is_there_item",
      "label" : "p_is_there_item",
      "type" : "boolean",
      "repeating" : false,
      "default-value" : "true",
      "mandatory" : false,
      "input" : false,
      "output" : true
    }, {
      "name" : "p_bypass_getnext",
      "label" : "p_bypass_getnext",
      "type" : "boolean",
      "repeating" : false,
      "default-value" : "false",
      "mandatory" : false,
      "input" : true,
      "output" : false
    }, {
      "name" : "p_aquire_status",
      "label" : "p_aquire_status",
      "type" : "integer",
      "repeating" : false,
      "default-value" : "",
      "mandatory" : false,
      "input" : false,
      "output" : false
    } ]
  },
  "links" : [ {
    "rel" : "self",
    "href" : "${contextPath}types/processes/itk_getprocessornexttask"
  }, {
    "rel" : "http://identifiers.emc.com/linkrel/instances",
    "href" : "${contextPath}processes/itk_getprocessornexttask"
  }, {
    "rel" : "http://identifiers.emc.com/linkrel/halt"
  }, {
    "rel" : "http://identifiers.emc.com/linkrel/resume"
  }, {
    "rel" : "http://identifiers.emc.com/linkrel/terminate"
  }, {
    "rel" : "http://identifiers.emc.com/linkrel/tasks"
  }, {
    "rel" : "http://identifiers.emc.com/linkrel/attachments"
  } ]
}