<?xml version="1.0" encoding="UTF-8" standalone="no"?>

<config version="1.0">
   <scope role="idocs_member">
      <component id="foldersynccontainer" extends="dialogcontainer:wdk/config/dialogcontainer_component.xml">
         <desc>
            Extends the container component, making a single set of arguments 
            available to a single contained component and providing a set of 
            dialog buttons and behavior for OK, Cancel, Close, and Help. 
         </desc>
         <params>
            <param name="component" required="false" />
            <param name="title" required="false" />
            <param name="subTitle" required="false" />
         </params>
        <pages>
        	 <start>/custom/jsps/foldersync/folderSyncContainer.jsp</start>
         </pages>
 		<class>org.ifc.idocs.foldersync.FolderSyncContainer</class>
        <nlsbundle>org.ifc.idocs.foldersync.folderSyncNlsProp</nlsbundle>
         <failoverenabled>true</failoverenabled>
       </component>
   </scope>
</config>
