<?xml version="1.0" encoding="UTF-8"?>

<config version="1.0">
	<scope type="dm_folder" location="/IFCDocs">
		<component id="foldersynccomponent">
			<desc>
            	This component the list of country folder which are not in sync.
        	 </desc>
			 <params>
	            <param name="objectId" required="false"/>
	         </params>
			 <pages>
	            <start>/custom/jsps/foldersync/foldersynccomponent.jsp</start>
	         </pages>
	         <class>org.ifc.idocs.foldersync.FolderSyncMethod</class>
	         <nlsbundle>org.ifc.idocs.foldersync.folderSyncNlsProp</nlsbundle>
	         <helpcontextid>foldersynccomponent</helpcontextid>
		</component>	
	</scope>
</config>
