<?xml version="1.0" encoding="UTF-8" standalone="no"?>
<!-- **************************************************************************         -->
<!-- Module Name: import_component            	                                        -->
<!-- Module Description: Import document component is customized to provide custom 
						 attribute fields while importing the document to the ECM system -->
<!-- Author name: Parag Doshi											   		        -->
<!-- Date:	8-Sep-2010															        -->
<!-- Module Version No: 1.0                                                             -->
<!--****************************************************************************-->

<config version="1.0">
   <scope type='idocs_sub_folder,idocs_project_folder,idocs_institution_folder,idocs_country_folder,idocs_folder' role="idocs_member">
      <component modifies="import:webcomponent/config/library/contenttransfer/importcontent/import_component.xml">
	  <replace path="pages.start">
		 <start>/custom/jsps/contenttransfer/importcontent/importContent.jsp</start>
	  </replace>
	  <replace path="class">
         <class>org.ifc.idocs.contenttransfer.importcontent.ImportContent</class>
	  </replace>
	  <replace path="nlsbundle">
         <nlsbundle>org.ifc.idocs.contenttransfer.importcontent.ImportContentNlsProp</nlsbundle>
	  </replace>
	  <replace path="desc">
	  	<desc>Custom import component with attributes and draft or released version</desc></replace>
      </component>
	</scope>
</config>
