<?xml version="1.0" encoding="UTF-8" standalone="no"?>
<!-- **************************************************************************         -->
<!-- Module Name: import_help_actions            	                                        -->
<!-- Module Description: This action is used to call custom component to provide suggestion 
						for document name selection while importing the document        -->
<!-- Author name: Parag Doshi											   		        -->
<!-- Date:	8-Sep-2010															        -->
<!-- Module Version No: 1.0                                                             -->
<!--****************************************************************************-->
<config version="1.0">
   <scope role="idocs_member">

<!--Import document help-->

	  <action id="import_doc_type_help">
         <desc>Provides list of document type and path for helping users while importing a document</desc>
         <preconditions>
         </preconditions>
         <execution class="com.documentum.web.formext.action.LaunchComponent">
            <component>import_doc_type_help</component>
         </execution>
		 <invocation>
            <modalpopup>
               <windowsize>large</windowsize>
               <refreshparentwindow>onok</refreshparentwindow>
            </modalpopup>
         </invocation>
      </action>	
<!--Import document help-->

   </scope>
</config>