<?xml version="1.0" encoding="UTF-8" standalone="no"?>
<!-- **************************************************************************         -->
<!-- Module Name: importcontainer_component		                                        -->
<!-- Module Description: Importdocument container is customized to use custom component -->
<!-- Author name: Parag Doshi											   		        -->
<!-- Date:	8-Sep-2010															        -->
<!-- Module Version No: 1.0                                                             -->
<!--****************************************************************************-->

<config version="1.0">
   <scope type='idocs_sub_folder,idocs_project_folder,idocs_institution_folder,idocs_country_folder,idocs_folder' role="idocs_member">
      <component modifies="importcontainer:webcomponent/config/library/contenttransfer/importcontent/importcontainer_component.xml">
	  <replace path="pages.fileselection">
            <fileselection>/custom/jsps/contenttransfer/importcontent/fileselection.jsp</fileselection>
	  </replace>
	  <replace path="class">
         <class>org.ifc.idocs.contenttransfer.importcontent.UcfImportContainer</class>
	  </replace>
	  <replace path="desc">
	  	<desc>Custom import container for removing add folders from file selection page</desc></replace>
      </component>
      <replace path="nlsbundle">
	  <nlsbundle>org.ifc.idocs.contenttransfer.importcontent.ImportContentContainerNlsProp</nlsbundle>
	  </replace>
   </scope>
</config>
