<?xml version="1.0" encoding="UTF-8" standalone="no"?>
<!-- **************************************************************************         -->
<!-- Module Name: import_help_component            	                                        -->
<!-- Module Description: This component is used to provide suggestion page for document name 
						 selection while importing the document                         -->
<!-- Author name: Parag Doshi											   		        -->
<!-- Date:	8-Sep-2010															        -->
<!-- Module Version No: 1.0                                                             -->
<!--****************************************************************************-->
<config version="1.0">
   <scope role="idocs_member">
      <component id="import_doc_type_help">
         <desc>This component provides list of document type and according path to import ifc document</desc>
         <pages>
            <start>/custom/jsps/contenttransfer/importcontent/import_doc_type_help.jsp</start>
         </pages>
             <class>org.ifc.idocs.contenttransfer.importcontent.ImportDocTypeHelp</class>
          <nlsbundle>org.ifc.idocs.contenttransfer.importcontent.ImportContentNlsProp</nlsbundle>
         <helpcontextid>import_doc_type_help</helpcontextid>
      </component>
   </scope>
</config>