<?xml version="1.0" encoding="UTF-8" standalone="no"?>
<!-- **************************************************************************         -->
<!-- Module Name: admin_get_workflow_info             	                                -->
<!-- Module Description: Shows the workflow details of a document.						-->
<!-- This will be used as a tool by administrators to restart paused workflows.			-->
<!-- Author name: Sleeba Kurian											   		        -->
<!-- Date:	21-Nov-2011															        -->
<!-- Module Version No: 1.0                                                             -->
<!--****************************************************************************-->
<config version="1.0">
	<scope role="ifcdocs_administrator">
		<action id="documentworkflowdetails">
			<desc>
				Shows the workflow details of a document.
				This will be used as a tool by administrators to restart paused
				workflows.
         </desc>
			<params>
				<param name="objectId" required="true" />
			</params>
			<execution class="com.documentum.web.formext.action.LaunchComponent">
				<component>documentworkflowdetails</component>
				<container>dialogcontainer</container>
			</execution>
			<invocation>
				<modalpopup>
					<windowsize>medium</windowsize>
					<refreshparentwindow>never</refreshparentwindow>
				</modalpopup>
			</invocation>
		</action>
		<component id="documentworkflowdetails">
			<desc>
				This component give the workflow ids for the selected document.
			</desc>
			<params>
				<param name="objectId" required="true" />
			</params>
			<pages>
				<start>/custom/jsps/admin/documentworkflowdetails/documentworkflowdetails.jsp</start>
			</pages>
			<class>org.ifc.idocs.workflow.IDocsDocumentWorkflowDetails</class>
			<nlsbundle>org.ifc.idocs.workflow.DocumentWorkflowDetailsNlsProp</nlsbundle>
			<helpcontextid>admin_get_workflow_info</helpcontextid>
		</component>
	</scope>
</config>