<?xml version="1.0" encoding="UTF-8" standalone="no"?>

<!--***********************************************************************-->
<!--                                                                       -->
<!-- Project        IDOCS                                                  -->
<!-- Module         Main                                                   -->
<!-- File           mainex_component.xml                                   -->
<!-- Description    Main View Launcher Component Definition                -->
<!-- Tab width      3                                                      -->
<!--                                                                       -->
<!--***********************************************************************-->
<!--                                                                       -->
<!-- Modified on    $Date: 12/03/2009                                      -->
<!--                                                                       -->
<!-- Log at EOF                                                            -->
<!--                                                                       -->
<!--***********************************************************************-->

<config >
     <scope role="idocs_member,ifc pnp parent role">
      <component id="main" extends="main:webtop/config/mainex_component.xml">
         <desc>
            Entry point component for IDOCS, showing only classic views.
         </desc>
        <params>
            <param name="entryPage" required="false"/>
            <param name="entrySection" required="false"/>
            <param name="objectId" required="false"/>
            <param name="callerClientId" required="false"/>
            <param name="type" required="false"/>
            <param name="projectId" required="false"/>
            <param name="country_code" required="false"/>
            <param name="partnerId" required="false"/>
            <param name="institution_nbr" required="false"/>
			<param name="resource_nme" required="false"/>
			<param name="resource_entity_id" required="false"/>
			<param name="resource_key" required="false"/>
			<param name="folderContext" required="false"/>
         </params>
         <class>org.ifc.idocs.main.MainEx</class>
         <nlsbundle>
            org.ifc.idocs.main.MainNlsProp
         </nlsbundle>
         <pages>
            <start>/custom/jsps/main/mainex.jsp</start>
            <classic>/custom/jsps/main/mainex.jsp</classic>
            <streamline>/custom/jsps/main/mainex.jsp</streamline>
         </pages>
         <entrypage>classic</entrypage>
      </component>
   </scope>
   
</config>
<!--~~~~~~~~~~~~~~~~~~~~~~~~~~~~~~~~~~~~~~~~~~~~~~~~~~~~~~~ Developer's Comments
# Parameters
/* entryPage                            Specifies the entry view. Supported 
                                        values: classic and streamline. If 
                                        entryPage is not specified, the user's 
                                        preference is used. If no preference, 
                                        the default view specified in the 
                                        &lt;entrypage> element is used. 
*/
/* entrySection                         Determines the browsertree node (classic 
                                        view) or tab (streamline view) to start 
                                        in. If entrySection is not specified, 
                                        the cabinets view is displayed by 
                                        default for both classic and streamline 
                                        views. The section values are described 
                                        below:
 
                                        Classic view: The section is the 
                                        Docbase tree node. Valid values are 
                                        homecabinet_classic, cabinets, 
                                        inboxclassic, subscriptions_classic, 
                                        myfiles_classic, and administration. 
                                        These values correspond to node IDs in 
                                        the browsertree component definition 
                                        file. 

                                        Streamline view: The section 
                                        determines the start tab. Valid values 
                                        are homecabinet_drilldown, 
                                        streamlineview, inboxstreamline, 
                                        myfiles_streamline, and 
                                        subscriptions_streamline. These values 
                                        are specified as tab component IDs in 
                                        the tabbar component definition file. 
*/

#
# Elements
/* <entrypage>                          Specifies the default entry view if the 
                                        entryPage parameter is not supplied in 
                                        the request 
*/
#
~~~~~~~~~~~~~~~~~~~~~~~~~~~~~~~~~~~~~~~~~~~~~~~~~~~~~~~~~~~~~~~~~~~~~~~~~~~~~-->

