<?xml version="1.0" encoding="UTF-8" standalone="no"?>

<config>
	<scope>
		<application extends="webtop/app.xml">
			<authentication>
				<domain></domain>
				<docbase>ifcecmdevidocs</docbase>
				<service_class>com.documentum.web.formext.session.AuthenticationService
				</service_class>
				<sso_config>
					<ecs_plug_in>dm_netegrity</ecs_plug_in>
					<ticket_cookie>SMSESSION</ticket_cookie>
					<user_header>sm_universalid</user_header>
				</sso_config>
			</authentication>

			<collaboration-support>
				<enabled>true</enabled>
			</collaboration-support>

			<contentxfer>
				<default-mechanism>ucf</default-mechanism>
				<accelerated-read>
					<enabled>true</enabled>
					<attemptsurrogateget>true</attemptsurrogateget>
					<maintainvirtuallinks>true</maintainvirtuallinks>
				</accelerated-read>
				<accelerated-write>
					<enabled>true</enabled>
					<bocs-write-mode>default-async</bocs-write-mode>
					<allow-override-bocs-write-mode>false
					</allow-override-bocs-write-mode>
				</accelerated-write>
				<embedded-links-scan>
					<enabled>false</enabled>
				</embedded-links-scan>
				<suppress-error-for-locked-content>
					<enabled>false</enabled>
				</suppress-error-for-locked-content>
				<server>
					<contentlocationwindows>C:\Documentum\contentXfer
					</contentlocationwindows>
					<contentlocationunix>/tmp/documentum/contentXfer
					</contentlocationunix>
					<debug>false</debug>
				</server>
				<requestinput-timeout>0</requestinput-timeout>
			</contentxfer>

			<custom_attribute_data_handlers>
				<custom_attribute_data_handler>com.documentum.web.formext.docbase.DFCQueryCustomAttributeDataHandler
				</custom_attribute_data_handler>
				<custom_attribute_data_handler>com.documentum.webcomponent.library.subscription.NotificationsDataHandler
				</custom_attribute_data_handler>
				<custom_attribute_data_handler>com.documentum.webcomponent.library.subscription.SubscribedByAttributeHandler
				</custom_attribute_data_handler>
				<custom_attribute_data_handler>com.documentum.web.formext.control.discussion.TopicStatusAttributeDataHandler
				</custom_attribute_data_handler>
				<custom_attribute_data_handler>com.documentum.web.formext.control.rooms.RoomAttributeDataHandler
				</custom_attribute_data_handler>
				<custom_attribute_data_handler>org.ifc.idocs.navigation.inbox.IFCDocsInboxAttributeDataHandler
				</custom_attribute_data_handler>
				<custom_attribute_data_handler>com.documentum.webcomponent.library.rooms.ViaGroupAttributeHandler
				</custom_attribute_data_handler>
				<custom_attribute_data_handler>com.documentum.web.formext.control.attachments.AttachmentAttributeDataHandler
				</custom_attribute_data_handler>
				<custom_attribute_data_handler>com.documentum.webcomponent.library.applylifecycle.CurrentStateDataHandler
				</custom_attribute_data_handler>
				<custom_attribute_data_handler>com.documentum.webcomponent.library.applylifecycle.LifecycleNameDataHandler
				</custom_attribute_data_handler>
				<custom_attribute_data_handler>com.documentum.webcomponent.library.applylifecycle.PolicyStatesDataHandler
				</custom_attribute_data_handler>
				<custom_attribute_data_handler>com.documentum.webcomponent.library.applylifecycle.PolicyAliasSetDataHandler
				</custom_attribute_data_handler>
				<custom_attribute_data_handler>com.documentum.webcomponent.library.messagearchive.MessageArchiveAddrAttributeDataHandler
				</custom_attribute_data_handler>
				<custom_attribute_data_handler>org.ifc.pnp.objectlist.datahandlers.ExpiryDateDataHandler
				</custom_attribute_data_handler>
				<custom_attribute_data_handler>org.ifc.pnp.objectlist.datahandlers.PnPDateFormatter
				</custom_attribute_data_handler>
			</custom_attribute_data_handlers>

			<menu>
				<nlsbundle>org.ifc.pnp.library.menubar.PnPMenuitem</nlsbundle>
			</menu>

			<!-- BOCS Configuration -->
			<clientinfo>
				<proxyclientipheader>client-ip</proxyclientipheader>
			</clientinfo>

			<bpm-support>
				<checkout-form-package>true</checkout-form-package>
			</bpm-support>

			<client_timezone_awareness>
				<enabled>true</enabled>
			</client_timezone_awareness>

			<!--<plugins>
				 Documentum drag and drop and spell checkin active X plugin 
				<enhanced_plugin>
					 plugins are turned on by default 
					<enabled>true</enabled>
					<classid>759FD3DE-F0EF-4A76-909C-88CF840D4173</classid>
					<classid_x64>311C1772-ED67-4fdf-BC5C-7EF1342FE9A5</classid_x64>
					<min_version>6,7,0,001</min_version>
					<initial_user_state>true</initial_user_state>
				</enhanced_plugin>
			</plugins>-->
			
			<plugins>
				<!--Documentum drag and drop and spell checkin active X plugin -->
				<enhanced_plugin>
					<!-- plugins are turned on by default -->
					<enabled>true</enabled>
					<classid>759FD3DE-F0EF-4A76-909C-88CF840D4173</classid>
					<min_version>6,5,0,218</min_version>
					<initial_user_state>true</initial_user_state>
				</enhanced_plugin>
			</plugins>

			<!-- Enabling Drag n Drop By Default -->
			<dragdrop>
				<enabled>true</enabled>
			</dragdrop>

			<presets>
				<filter clientenv='not portal'>
					<enabled>false</enabled>
				</filter>
				<filter clientenv='portal'>
					<enabled>false</enabled>
				</filter>
				<version>1.4</version>
				<repository_path>/Resources/Registry/Presets/Webtop
				</repository_path>
				<repository></repository>
				<password></password>
				<refresh_period_seconds>3600</refresh_period_seconds>
				<scope_name_mappings>
					<scope_name_mapping>
						<preset_scope_definition_name>group</preset_scope_definition_name>
						<qualifier_scope_name>role</qualifier_scope_name>
					</scope_name_mapping>
				</scope_name_mappings>
				<location-scope-cascading>false</location-scope-cascading>
			</presets>
		</application>
	</scope>
</config>
