{
  "name" : "process-type",
  "type" : "itk_imqccompletequalityreview",
  "label" : "IMQCCompleteQualityReview",
  "runnable-stateless" : true,
  "urn" : "urn:itk:com.emc.ide.artifact.process:Artifacts/Processes/imqccompletequalityreview.process",
  "properties" : [ {
    "name" : "process_id",
    "label" : "process_id",
    "type" : "string",
    "length" : 64
  }, {
    "name" : "status",
    "label" : "status",
    "type" : "string",
    "length" : 64
  }, {
    "name" : "id",
    "label" : "id",
    "type" : "string",
    "length" : 64
  }, {
    "name" : "r_runtime_state",
    "label" : "r_runtime_state",
    "type" : "integer"
  }, {
    "name" : "correlation_identifier",
    "label" : "correlation_identifier",
    "type" : "string",
    "length" : 64
  }, {
    "name" : "object_name",
    "label" : "object_name",
    "type" : "string",
    "length" : 64
  }, {
    "name" : "r_creator_name",
    "label" : "r_creator_name",
    "type" : "string",
    "length" : 64
  }, {
    "name" : "r_start_date",
    "label" : "r_start_date",
    "type" : "datetime"
  }, {
    "name" : "supervisor_name",
    "label" : "supervisor_name",
    "type" : "string",
    "length" : 64
  }, {
    "name" : "supervisor_address",
    "label" : "supervisor_address",
    "type" : "string",
    "length" : 64
  } ],
  "tasks" : [ {
    "rel" : "http://identifiers.emc.com/linkrel/task",
    "href" : "${contextPath}types/processes/itk_imqccompletequalityreview/tasks/itk_initiate"
  }, {
    "rel" : "http://identifiers.emc.com/linkrel/task",
    "href" : "${contextPath}types/processes/itk_imqccompletequalityreview/tasks/itk_update_transaction_"
  }, {
    "rel" : "http://identifiers.emc.com/linkrel/task",
    "href" : "${contextPath}types/processes/itk_imqccompletequalityreview/tasks/itk_decision_split"
  }, {
    "rel" : "http://identifiers.emc.com/linkrel/task",
    "href" : "${contextPath}types/processes/itk_imqccompletequalityreview/tasks/itk_set_status_to_repro"
  }, {
    "rel" : "http://identifiers.emc.com/linkrel/task",
    "href" : "${contextPath}types/processes/itk_imqccompletequalityreview/tasks/itk_join"
  }, {
    "rel" : "http://identifiers.emc.com/linkrel/task",
    "href" : "${contextPath}types/processes/itk_imqccompletequalityreview/tasks/itk_noop_logging_1"
  }, {
    "rel" : "http://identifiers.emc.com/linkrel/task",
    "href" : "${contextPath}types/processes/itk_imqccompletequalityreview/tasks/itk_create_imqc_audit_e"
  }, {
    "rel" : "http://identifiers.emc.com/linkrel/task",
    "href" : "${contextPath}types/processes/itk_imqccompletequalityreview/tasks/itk_set_transaction_sta"
  }, {
    "rel" : "http://identifiers.emc.com/linkrel/task",
    "href" : "${contextPath}types/processes/itk_imqccompletequalityreview/tasks/itk_update_status"
  }, {
    "rel" : "http://identifiers.emc.com/linkrel/task",
    "href" : "${contextPath}types/processes/itk_imqccompletequalityreview/tasks/itk_send_to_reprocess"
  }, {
    "rel" : "http://identifiers.emc.com/linkrel/task",
    "href" : "${contextPath}types/processes/itk_imqccompletequalityreview/tasks/itk_update_for_followup"
  } ],
  "flows" : [ {
    "source" : "${contextPath}types/processes/itk_imqccompletequalityreview/tasks/itk_update_transaction_",
    "target" : "${contextPath}types/processes/itk_imqccompletequalityreview/tasks/itk_join",
    "flow-type" : "regular"
  }, {
    "source" : "${contextPath}types/processes/itk_imqccompletequalityreview/tasks/itk_initiate",
    "target" : "${contextPath}types/processes/itk_imqccompletequalityreview/tasks/itk_noop_logging_1",
    "flow-type" : "regular"
  }, {
    "source" : "${contextPath}types/processes/itk_imqccompletequalityreview/tasks/itk_set_status_to_repro",
    "target" : "${contextPath}types/processes/itk_imqccompletequalityreview/tasks/itk_join",
    "flow-type" : "regular"
  }, {
    "source" : "${contextPath}types/processes/itk_imqccompletequalityreview/tasks/itk_decision_split",
    "target" : "${contextPath}types/processes/itk_imqccompletequalityreview/tasks/itk_create_imqc_audit_e",
    "flow-type" : "regular"
  }, {
    "source" : "${contextPath}types/processes/itk_imqccompletequalityreview/tasks/itk_create_imqc_audit_e",
    "target" : "${contextPath}types/processes/itk_imqccompletequalityreview/tasks/itk_update_transaction_",
    "flow-type" : "regular"
  }, {
    "source" : "${contextPath}types/processes/itk_imqccompletequalityreview/tasks/itk_set_transaction_sta",
    "target" : "${contextPath}types/processes/itk_imqccompletequalityreview/tasks/itk_join",
    "flow-type" : "regular"
  }, {
    "source" : "${contextPath}types/processes/itk_imqccompletequalityreview/tasks/itk_decision_split",
    "target" : "${contextPath}types/processes/itk_imqccompletequalityreview/tasks/itk_update_status",
    "flow-type" : "regular"
  }, {
    "source" : "${contextPath}types/processes/itk_imqccompletequalityreview/tasks/itk_update_status",
    "target" : "${contextPath}types/processes/itk_imqccompletequalityreview/tasks/itk_set_transaction_sta",
    "flow-type" : "regular"
  }, {
    "source" : "${contextPath}types/processes/itk_imqccompletequalityreview/tasks/itk_decision_split",
    "target" : "${contextPath}types/processes/itk_imqccompletequalityreview/tasks/itk_send_to_reprocess",
    "flow-type" : "regular"
  }, {
    "source" : "${contextPath}types/processes/itk_imqccompletequalityreview/tasks/itk_send_to_reprocess",
    "target" : "${contextPath}types/processes/itk_imqccompletequalityreview/tasks/itk_set_status_to_repro",
    "flow-type" : "regular"
  }, {
    "source" : "${contextPath}types/processes/itk_imqccompletequalityreview/tasks/itk_noop_logging_1",
    "target" : "${contextPath}types/processes/itk_imqccompletequalityreview/tasks/itk_decision_split",
    "flow-type" : "regular"
  }, {
    "source" : "${contextPath}types/processes/itk_imqccompletequalityreview/tasks/itk_decision_split",
    "target" : "${contextPath}types/processes/itk_imqccompletequalityreview/tasks/itk_update_for_followup",
    "flow-type" : "regular"
  }, {
    "source" : "${contextPath}types/processes/itk_imqccompletequalityreview/tasks/itk_update_for_followup",
    "target" : "${contextPath}types/processes/itk_imqccompletequalityreview/tasks/itk_join",
    "flow-type" : "regular"
  } ],
  "data" : {
    "packages" : [ {
      "name" : "package0",
      "label" : "package0",
      "mandatory" : true,
      "visible" : true,
      "version-label" : "CURRENT",
      "type" : "${contextPath}types/contents/itk_imcovered_auto",
      "input" : true,
      "output" : false
    } ],
    "variables" : [ {
      "name" : "p_selected_action",
      "label" : "p_selected_action",
      "type" : "string",
      "repeating" : false,
      "default-value" : null,
      "mandatory" : false,
      "input" : true,
      "output" : false
    }, {
      "name" : "p_selected_queue",
      "label" : "p_selected_queue",
      "type" : "string",
      "repeating" : false,
      "default-value" : null,
      "mandatory" : false,
      "input" : true,
      "output" : false
    }, {
      "name" : "p_user_login",
      "label" : "p_user_login",
      "type" : "string",
      "repeating" : false,
      "default-value" : null,
      "mandatory" : false,
      "input" : true,
      "output" : false
    }, {
      "name" : "p_transaction_id",
      "label" : "p_transaction_id",
      "type" : "string",
      "repeating" : false,
      "default-value" : null,
      "mandatory" : false,
      "input" : true,
      "output" : false
    }, {
      "name" : "p_qc_date",
      "label" : "p_qc_date",
      "type" : "datetime",
      "repeating" : false,
      "default-value" : null,
      "mandatory" : false,
      "input" : true,
      "output" : false
    }, {
      "name" : "p_hold_for_followup",
      "label" : "p_hold_for_followup",
      "type" : "boolean",
      "repeating" : false,
      "default-value" : "false",
      "mandatory" : false,
      "input" : true,
      "output" : false
    }, {
      "name" : "p_followup_reason",
      "label" : "p_followup_reason",
      "type" : "string",
      "repeating" : false,
      "default-value" : null,
      "mandatory" : false,
      "input" : true,
      "output" : false
    }, {
      "name" : "p_followup_date",
      "label" : "p_followup_date",
      "type" : "datetime",
      "repeating" : false,
      "default-value" : null,
      "mandatory" : false,
      "input" : true,
      "output" : false
    }, {
      "name" : "p_reset_mgrselectedtask",
      "label" : "p_reset_mgrselectedtask",
      "type" : "string",
      "repeating" : false,
      "default-value" : null,
      "mandatory" : false,
      "input" : false,
      "output" : false
    } ]
  },
  "links" : [ {
    "rel" : "self",
    "href" : "${contextPath}types/processes/itk_imqccompletequalityreview"
  }, {
    "rel" : "http://identifiers.emc.com/linkrel/instances",
    "href" : "${contextPath}processes/itk_imqccompletequalityreview"
  }, {
    "rel" : "http://identifiers.emc.com/linkrel/halt"
  }, {
    "rel" : "http://identifiers.emc.com/linkrel/resume"
  }, {
    "rel" : "http://identifiers.emc.com/linkrel/terminate"
  }, {
    "rel" : "http://identifiers.emc.com/linkrel/tasks"
  }, {
    "rel" : "http://identifiers.emc.com/linkrel/attachments"
  } ]
}