<config version="1.0">
	<scope type="idocs_project_doc">
		<action id="editiomperformers">
			<desc>
				refreshes IOM workflow performers
        	 </desc>
			<params>
				<param name="objectId" required="true" />
			</params>
			<execution class="com.documentum.web.formext.action.LaunchComponent">
				<component>editiomperformerscomponent</component>
				<container>dialogcontainer</container>
			</execution>
			<invocation>
            <modalpopup>
               <windowsize>large</windowsize>
               <refreshparentwindow>never</refreshparentwindow>
            </modalpopup>
         </invocation>
		</action>

		<component id="editiomperformerscomponent">
			<desc>
				refresh IOM performers
         	</desc>
			<params>
				<param name="objectId" required="true" />
			</params>
			<pages>
				<start>/custom/jsps/editiomperformers/editiomperformers.jsp</start>
			</pages>
			<class>org.ifc.idocs.editiomperformers.EditIOMPerformers</class>
			<nlsbundle>org.ifc.idocs.editiomperformers.EditIOMPerformersNlsProp</nlsbundle>
			<failoverenabled>true</failoverenabled>
		</component>
	</scope>
</config>