{
  "name" : "process-type",
  "type" : "itk_dkigettransactionsf",
  "label" : "DKIGetTransactionsFromQueue",
  "runnable-stateless" : true,
  "urn" : "urn:itk:com.emc.ide.artifact.process:Artifacts/Processes/dkigettransactionsf.process",
  "properties" : [ {
    "name" : "process_id",
    "label" : "process_id",
    "type" : "string",
    "length" : 64
  }, {
    "name" : "status",
    "label" : "status",
    "type" : "string",
    "length" : 64
  }, {
    "name" : "id",
    "label" : "id",
    "type" : "string",
    "length" : 64
  }, {
    "name" : "r_runtime_state",
    "label" : "r_runtime_state",
    "type" : "integer"
  }, {
    "name" : "correlation_identifier",
    "label" : "correlation_identifier",
    "type" : "string",
    "length" : 64
  }, {
    "name" : "object_name",
    "label" : "object_name",
    "type" : "string",
    "length" : 64
  }, {
    "name" : "r_creator_name",
    "label" : "r_creator_name",
    "type" : "string",
    "length" : 64
  }, {
    "name" : "r_start_date",
    "label" : "r_start_date",
    "type" : "datetime"
  }, {
    "name" : "supervisor_name",
    "label" : "supervisor_name",
    "type" : "string",
    "length" : 64
  }, {
    "name" : "supervisor_address",
    "label" : "supervisor_address",
    "type" : "string",
    "length" : 64
  } ],
  "tasks" : [ {
    "rel" : "http://identifiers.emc.com/linkrel/task",
    "href" : "${contextPath}types/processes/itk_dkigettransactionsf/tasks/itk_initiate"
  }, {
    "rel" : "http://identifiers.emc.com/linkrel/task",
    "href" : "${contextPath}types/processes/itk_dkigettransactionsf/tasks/itk_select_transactions"
  }, {
    "rel" : "http://identifiers.emc.com/linkrel/task",
    "href" : "${contextPath}types/processes/itk_dkigettransactionsf/tasks/itk_join"
  }, {
    "rel" : "http://identifiers.emc.com/linkrel/task",
    "href" : "${contextPath}types/processes/itk_dkigettransactionsf/tasks/itk_verify_q_and_last_t"
  }, {
    "rel" : "http://identifiers.emc.com/linkrel/task",
    "href" : "${contextPath}types/processes/itk_dkigettransactionsf/tasks/itk_noop1"
  }, {
    "rel" : "http://identifiers.emc.com/linkrel/task",
    "href" : "${contextPath}types/processes/itk_dkigettransactionsf/tasks/itk_do_nothing_for_last"
  }, {
    "rel" : "http://identifiers.emc.com/linkrel/task",
    "href" : "${contextPath}types/processes/itk_dkigettransactionsf/tasks/itk_noop2"
  }, {
    "rel" : "http://identifiers.emc.com/linkrel/task",
    "href" : "${contextPath}types/processes/itk_dkigettransactionsf/tasks/itk_check_count_of_resu"
  }, {
    "rel" : "http://identifiers.emc.com/linkrel/task",
    "href" : "${contextPath}types/processes/itk_dkigettransactionsf/tasks/itk_set_dkipulled_statu"
  }, {
    "rel" : "http://identifiers.emc.com/linkrel/task",
    "href" : "${contextPath}types/processes/itk_dkigettransactionsf/tasks/itk_check_transaction_s"
  }, {
    "rel" : "http://identifiers.emc.com/linkrel/task",
    "href" : "${contextPath}types/processes/itk_dkigettransactionsf/tasks/itk_status_reset_to_for"
  }, {
    "rel" : "http://identifiers.emc.com/linkrel/task",
    "href" : "${contextPath}types/processes/itk_dkigettransactionsf/tasks/itk_check_scan_id"
  }, {
    "rel" : "http://identifiers.emc.com/linkrel/task",
    "href" : "${contextPath}types/processes/itk_dkigettransactionsf/tasks/itk_select_transactio_1"
  }, {
    "rel" : "http://identifiers.emc.com/linkrel/task",
    "href" : "${contextPath}types/processes/itk_dkigettransactionsf/tasks/itk_select_transactio_2"
  }, {
    "rel" : "http://identifiers.emc.com/linkrel/task",
    "href" : "${contextPath}types/processes/itk_dkigettransactionsf/tasks/itk_select_transactio_3"
  } ],
  "flows" : [ {
    "source" : "${contextPath}types/processes/itk_dkigettransactionsf/tasks/itk_verify_q_and_last_t",
    "target" : "${contextPath}types/processes/itk_dkigettransactionsf/tasks/itk_noop1",
    "flow-type" : "regular"
  }, {
    "source" : "${contextPath}types/processes/itk_dkigettransactionsf/tasks/itk_verify_q_and_last_t",
    "target" : "${contextPath}types/processes/itk_dkigettransactionsf/tasks/itk_do_nothing_for_last",
    "flow-type" : "regular"
  }, {
    "source" : "${contextPath}types/processes/itk_dkigettransactionsf/tasks/itk_noop2",
    "target" : "${contextPath}types/processes/itk_dkigettransactionsf/tasks/itk_check_count_of_resu",
    "flow-type" : "regular"
  }, {
    "source" : "${contextPath}types/processes/itk_dkigettransactionsf/tasks/itk_check_count_of_resu",
    "target" : "${contextPath}types/processes/itk_dkigettransactionsf/tasks/itk_join",
    "flow-type" : "regular"
  }, {
    "source" : "${contextPath}types/processes/itk_dkigettransactionsf/tasks/itk_do_nothing_for_last",
    "target" : "${contextPath}types/processes/itk_dkigettransactionsf/tasks/itk_join",
    "flow-type" : "regular"
  }, {
    "source" : "${contextPath}types/processes/itk_dkigettransactionsf/tasks/itk_status_reset_to_for",
    "target" : "${contextPath}types/processes/itk_dkigettransactionsf/tasks/itk_set_dkipulled_statu",
    "flow-type" : "regular"
  }, {
    "source" : "${contextPath}types/processes/itk_dkigettransactionsf/tasks/itk_check_transaction_s",
    "target" : "${contextPath}types/processes/itk_dkigettransactionsf/tasks/itk_status_reset_to_for",
    "flow-type" : "regular"
  }, {
    "source" : "${contextPath}types/processes/itk_dkigettransactionsf/tasks/itk_check_count_of_resu",
    "target" : "${contextPath}types/processes/itk_dkigettransactionsf/tasks/itk_check_transaction_s",
    "flow-type" : "regular"
  }, {
    "source" : "${contextPath}types/processes/itk_dkigettransactionsf/tasks/itk_check_transaction_s",
    "target" : "${contextPath}types/processes/itk_dkigettransactionsf/tasks/itk_set_dkipulled_statu",
    "flow-type" : "regular"
  }, {
    "source" : "${contextPath}types/processes/itk_dkigettransactionsf/tasks/itk_noop1",
    "target" : "${contextPath}types/processes/itk_dkigettransactionsf/tasks/itk_check_scan_id",
    "flow-type" : "regular"
  }, {
    "source" : "${contextPath}types/processes/itk_dkigettransactionsf/tasks/itk_check_scan_id",
    "target" : "${contextPath}types/processes/itk_dkigettransactionsf/tasks/itk_select_transactio_1",
    "flow-type" : "regular"
  }, {
    "source" : "${contextPath}types/processes/itk_dkigettransactionsf/tasks/itk_select_transactio_1",
    "target" : "${contextPath}types/processes/itk_dkigettransactionsf/tasks/itk_noop2",
    "flow-type" : "regular"
  }, {
    "source" : "${contextPath}types/processes/itk_dkigettransactionsf/tasks/itk_check_scan_id",
    "target" : "${contextPath}types/processes/itk_dkigettransactionsf/tasks/itk_select_transactions",
    "flow-type" : "regular"
  }, {
    "source" : "${contextPath}types/processes/itk_dkigettransactionsf/tasks/itk_set_dkipulled_statu",
    "target" : "${contextPath}types/processes/itk_dkigettransactionsf/tasks/itk_join",
    "flow-type" : "regular"
  }, {
    "source" : "${contextPath}types/processes/itk_dkigettransactionsf/tasks/itk_initiate",
    "target" : "${contextPath}types/processes/itk_dkigettransactionsf/tasks/itk_verify_q_and_last_t",
    "flow-type" : "regular"
  }, {
    "source" : "${contextPath}types/processes/itk_dkigettransactionsf/tasks/itk_check_scan_id",
    "target" : "${contextPath}types/processes/itk_dkigettransactionsf/tasks/itk_select_transactio_2",
    "flow-type" : "regular"
  }, {
    "source" : "${contextPath}types/processes/itk_dkigettransactionsf/tasks/itk_select_transactio_2",
    "target" : "${contextPath}types/processes/itk_dkigettransactionsf/tasks/itk_noop2",
    "flow-type" : "regular"
  }, {
    "source" : "${contextPath}types/processes/itk_dkigettransactionsf/tasks/itk_check_scan_id",
    "target" : "${contextPath}types/processes/itk_dkigettransactionsf/tasks/itk_select_transactio_3",
    "flow-type" : "regular"
  }, {
    "source" : "${contextPath}types/processes/itk_dkigettransactionsf/tasks/itk_select_transactions",
    "target" : "${contextPath}types/processes/itk_dkigettransactionsf/tasks/itk_noop2",
    "flow-type" : "regular"
  }, {
    "source" : "${contextPath}types/processes/itk_dkigettransactionsf/tasks/itk_select_transactio_3",
    "target" : "${contextPath}types/processes/itk_dkigettransactionsf/tasks/itk_noop2",
    "flow-type" : "regular"
  } ],
  "data" : {
    "packages" : [ {
      "name" : "package0",
      "label" : "package0",
      "mandatory" : false,
      "visible" : true,
      "version-label" : "CURRENT",
      "type" : "${contextPath}types/contents/itk_cognasys_auto",
      "input" : false,
      "output" : false
    } ],
    "variables" : [ {
      "name" : "p_selected_queue",
      "label" : "p_selected_queue",
      "type" : "string",
      "repeating" : false,
      "default-value" : null,
      "mandatory" : false,
      "input" : true,
      "output" : false
    }, {
      "name" : "p_r_object_id",
      "label" : "p_r_object_id",
      "type" : "string",
      "repeating" : true,
      "default-value" : null,
      "mandatory" : false,
      "input" : false,
      "output" : true
    }, {
      "name" : "p_transaction_id",
      "label" : "p_transaction_id",
      "type" : "string",
      "repeating" : true,
      "default-value" : null,
      "mandatory" : false,
      "input" : false,
      "output" : true
    }, {
      "name" : "p_object_name",
      "label" : "p_object_name",
      "type" : "string",
      "repeating" : true,
      "default-value" : null,
      "mandatory" : false,
      "input" : false,
      "output" : true
    }, {
      "name" : "p_record_count",
      "label" : "p_record_count",
      "type" : "integer",
      "repeating" : false,
      "default-value" : null,
      "mandatory" : false,
      "input" : false,
      "output" : true
    }, {
      "name" : "is_last_transaction",
      "label" : "is_last_transaction",
      "type" : "boolean",
      "repeating" : false,
      "default-value" : "false",
      "mandatory" : false,
      "input" : true,
      "output" : false
    }, {
      "name" : "p_transaction_status",
      "label" : "p_transaction_status",
      "type" : "string",
      "repeating" : true,
      "default-value" : null,
      "mandatory" : false,
      "input" : false,
      "output" : false
    }, {
      "name" : "p_scan_id",
      "label" : "p_scan_id",
      "type" : "string",
      "repeating" : false,
      "default-value" : null,
      "mandatory" : false,
      "input" : true,
      "output" : false
    }, {
      "name" : "p_curernt_user",
      "label" : "p_curernt_user",
      "type" : "string",
      "repeating" : false,
      "default-value" : null,
      "mandatory" : false,
      "input" : true,
      "output" : false
    }, {
      "name" : "p_source",
      "label" : "p_source",
      "type" : "string",
      "repeating" : false,
      "default-value" : "",
      "mandatory" : false,
      "input" : true,
      "output" : false
    } ]
  },
  "links" : [ {
    "rel" : "self",
    "href" : "${contextPath}types/processes/itk_dkigettransactionsf"
  }, {
    "rel" : "http://identifiers.emc.com/linkrel/instances",
    "href" : "${contextPath}processes/itk_dkigettransactionsf"
  }, {
    "rel" : "http://identifiers.emc.com/linkrel/halt"
  }, {
    "rel" : "http://identifiers.emc.com/linkrel/resume"
  }, {
    "rel" : "http://identifiers.emc.com/linkrel/terminate"
  }, {
    "rel" : "http://identifiers.emc.com/linkrel/tasks"
  }, {
    "rel" : "http://identifiers.emc.com/linkrel/attachments"
  } ]
}