<?xml version="1.0" encoding="UTF-8" standalone="no"?>
<!-- **************************************************************************         -->
<!-- Module Name: help_action 		                                        -->
<!-- Module Description: The help action is used to call workflow design help component
						 from menubar													-->
<!-- Author name: Parag Doshi											   		        -->
<!-- Date:	8-Sep-2010															        -->
<!-- Module Version No: 1.0                                                             -->
<!--****************************************************************************-->
<config version="1.0">
   <scope role="idocs_member">

<!-- Start Workflow Design -->

	  <action id="workflow_design">
         <desc>
            Shows workflow design.
         </desc>
         <preconditions>
         </preconditions>
         <execution class="com.documentum.web.formext.action.LaunchComponent">
            <component>workflow_design</component>
         </execution>
		 <invocation>
          <modalpopup>
               <windowsize>medium</windowsize>
               <refreshparentwindow>never</refreshparentwindow>
            </modalpopup>
		         </invocation>
      </action>

<!-- Start Workflow Design -->

   </scope>
</config>

