<?xml version="1.0" encoding="UTF-8" standalone="no"?>
<!-- **************************************************************************         -->
<!-- Module Name: workflow_design_component 		                                        -->
<!-- Module Description: Workflow design component is called from help action to 
						 provide workflow design jsp with list of workflows and its design	-->
<!-- Author name: Parag Doshi											   		        -->
<!-- Date:	8-Sep-2010															        -->
<!-- Module Version No: 1.0                                                             -->
<!--****************************************************************************-->

<config version="1.0">
   <scope role="idocs_member">
      <component id="workflow_design">
         <desc>
            
         </desc>
         <pages>
            <start>/custom/jsps/help/WorkflowDesign.jsp</start>
         </pages>
             <class>org.ifc.idocs.help.WorkflowDesign</class>
          <nlsbundle>org.ifc.idocs.workflow.startworkflow.StartCustomWorkflowTaskNlsProp</nlsbundle>
         <helpcontextid>workflow_design</helpcontextid>
      </component>
   </scope>
</config>