{
  "name" : "process-type",
  "type" : "itk_recognitiondecisioningprocess",
  "label" : "RecognitionDecisioningProcess",
  "runnable-stateless" : true,
  "urn" : "urn:itk:com.emc.ide.artifact.process:Artifacts/Processes/recognitiondecisioningprocess.process",
  "properties" : [ {
    "name" : "process_id",
    "label" : "process_id",
    "type" : "string",
    "length" : 64
  }, {
    "name" : "status",
    "label" : "status",
    "type" : "string",
    "length" : 64
  }, {
    "name" : "id",
    "label" : "id",
    "type" : "string",
    "length" : 64
  }, {
    "name" : "r_runtime_state",
    "label" : "r_runtime_state",
    "type" : "integer"
  }, {
    "name" : "correlation_identifier",
    "label" : "correlation_identifier",
    "type" : "string",
    "length" : 64
  }, {
    "name" : "object_name",
    "label" : "object_name",
    "type" : "string",
    "length" : 64
  }, {
    "name" : "r_creator_name",
    "label" : "r_creator_name",
    "type" : "string",
    "length" : 64
  }, {
    "name" : "r_start_date",
    "label" : "r_start_date",
    "type" : "datetime"
  }, {
    "name" : "supervisor_name",
    "label" : "supervisor_name",
    "type" : "string",
    "length" : 64
  }, {
    "name" : "supervisor_address",
    "label" : "supervisor_address",
    "type" : "string",
    "length" : 64
  } ],
  "tasks" : [ {
    "rel" : "http://identifiers.emc.com/linkrel/task",
    "href" : "${contextPath}types/processes/itk_recognitiondecisioningprocess/tasks/itk_need_iir"
  }, {
    "rel" : "http://identifiers.emc.com/linkrel/task",
    "href" : "${contextPath}types/processes/itk_recognitiondecisioningprocess/tasks/itk_iir"
  }, {
    "rel" : "http://identifiers.emc.com/linkrel/task",
    "href" : "${contextPath}types/processes/itk_recognitiondecisioningprocess/tasks/itk_decisioning"
  }, {
    "rel" : "http://identifiers.emc.com/linkrel/task",
    "href" : "${contextPath}types/processes/itk_recognitiondecisioningprocess/tasks/itk_join"
  }, {
    "rel" : "http://identifiers.emc.com/linkrel/task",
    "href" : "${contextPath}types/processes/itk_recognitiondecisioningprocess/tasks/itk_edits"
  }, {
    "rel" : "http://identifiers.emc.com/linkrel/task",
    "href" : "${contextPath}types/processes/itk_recognitiondecisioningprocess/tasks/itk_initiate"
  }, {
    "rel" : "http://identifiers.emc.com/linkrel/task",
    "href" : "${contextPath}types/processes/itk_recognitiondecisioningprocess/tasks/itk_is_utl_or_killed"
  } ],
  "flows" : [ {
    "source" : "${contextPath}types/processes/itk_recognitiondecisioningprocess/tasks/itk_need_iir",
    "target" : "${contextPath}types/processes/itk_recognitiondecisioningprocess/tasks/itk_iir",
    "flow-type" : "regular"
  }, {
    "source" : "${contextPath}types/processes/itk_recognitiondecisioningprocess/tasks/itk_need_iir",
    "target" : "${contextPath}types/processes/itk_recognitiondecisioningprocess/tasks/itk_decisioning",
    "flow-type" : "regular"
  }, {
    "source" : "${contextPath}types/processes/itk_recognitiondecisioningprocess/tasks/itk_iir",
    "target" : "${contextPath}types/processes/itk_recognitiondecisioningprocess/tasks/itk_decisioning",
    "flow-type" : "regular"
  }, {
    "source" : "${contextPath}types/processes/itk_recognitiondecisioningprocess/tasks/itk_decisioning",
    "target" : "${contextPath}types/processes/itk_recognitiondecisioningprocess/tasks/itk_join",
    "flow-type" : "regular"
  }, {
    "source" : "${contextPath}types/processes/itk_recognitiondecisioningprocess/tasks/itk_edits",
    "target" : "${contextPath}types/processes/itk_recognitiondecisioningprocess/tasks/itk_need_iir",
    "flow-type" : "regular"
  }, {
    "source" : "${contextPath}types/processes/itk_recognitiondecisioningprocess/tasks/itk_need_iir",
    "target" : "${contextPath}types/processes/itk_recognitiondecisioningprocess/tasks/itk_join",
    "flow-type" : "regular"
  }, {
    "source" : "${contextPath}types/processes/itk_recognitiondecisioningprocess/tasks/itk_initiate",
    "target" : "${contextPath}types/processes/itk_recognitiondecisioningprocess/tasks/itk_is_utl_or_killed",
    "flow-type" : "regular"
  }, {
    "source" : "${contextPath}types/processes/itk_recognitiondecisioningprocess/tasks/itk_is_utl_or_killed",
    "target" : "${contextPath}types/processes/itk_recognitiondecisioningprocess/tasks/itk_edits",
    "flow-type" : "regular"
  }, {
    "source" : "${contextPath}types/processes/itk_recognitiondecisioningprocess/tasks/itk_is_utl_or_killed",
    "target" : "${contextPath}types/processes/itk_recognitiondecisioningprocess/tasks/itk_join",
    "flow-type" : "regular"
  } ],
  "data" : {
    "packages" : [ {
      "name" : "package3",
      "label" : "package3",
      "mandatory" : true,
      "visible" : true,
      "version-label" : "CURRENT",
      "type" : "${contextPath}types/business-objects/itk_trans_decision",
      "input" : false,
      "output" : false
    }, {
      "name" : "package4",
      "label" : "package4",
      "mandatory" : true,
      "visible" : true,
      "version-label" : "CURRENT",
      "type" : "${contextPath}types/business-objects/itk_as400_output",
      "input" : false,
      "output" : false
    }, {
      "name" : "package1",
      "label" : "package1",
      "mandatory" : true,
      "visible" : true,
      "version-label" : "CURRENT",
      "type" : "${contextPath}types/business-objects/itk_trans_edit",
      "input" : false,
      "output" : false
    }, {
      "name" : "package0",
      "label" : "package0",
      "mandatory" : true,
      "visible" : true,
      "version-label" : "CURRENT",
      "type" : "${contextPath}types/contents/itk_transaction",
      "input" : false,
      "output" : false
    }, {
      "name" : "package2",
      "label" : "package2",
      "mandatory" : true,
      "visible" : true,
      "version-label" : "CURRENT",
      "type" : "${contextPath}types/business-objects/itk_trans_exception",
      "input" : false,
      "output" : false
    } ],
    "variables" : [ {
      "name" : "p_requires_iir",
      "label" : "p_requires_iir",
      "type" : "boolean",
      "repeating" : false,
      "default-value" : "true",
      "mandatory" : false,
      "input" : false,
      "output" : false
    }, {
      "name" : "p_trans_exception_objid",
      "label" : "p_trans_exception_objid",
      "type" : "string",
      "repeating" : false,
      "default-value" : null,
      "mandatory" : false,
      "input" : false,
      "output" : false
    }, {
      "name" : "p_trans_match_objid",
      "label" : "p_trans_match_objid",
      "type" : "string",
      "repeating" : false,
      "default-value" : null,
      "mandatory" : false,
      "input" : false,
      "output" : false
    }, {
      "name" : "p_trans_decision_objid",
      "label" : "p_trans_decision_objid",
      "type" : "string",
      "repeating" : false,
      "default-value" : null,
      "mandatory" : false,
      "input" : false,
      "output" : false
    } ]
  },
  "links" : [ {
    "rel" : "self",
    "href" : "${contextPath}types/processes/itk_recognitiondecisioningprocess"
  }, {
    "rel" : "http://identifiers.emc.com/linkrel/instances",
    "href" : "${contextPath}processes/itk_recognitiondecisioningprocess"
  }, {
    "rel" : "http://identifiers.emc.com/linkrel/halt"
  }, {
    "rel" : "http://identifiers.emc.com/linkrel/resume"
  }, {
    "rel" : "http://identifiers.emc.com/linkrel/terminate"
  }, {
    "rel" : "http://identifiers.emc.com/linkrel/tasks"
  }, {
    "rel" : "http://identifiers.emc.com/linkrel/attachments"
  } ]
}