<?xml version="1.0" encoding="UTF-8" standalone="no"?>
<!--***********************************************************************-->
<!-- Copyright (c) 2001 - 2007. EMC Corporation.  All Rights Reserved.     -->
<!--***********************************************************************-->
<!--***********************************************************************-->
<!--                                                                       -->
<!--                                                                       -->
<!-- Revision       $Revision: 8$                                          -->
<!-- Modified on    $Date: 07/16/2012                                      -->
<!--                                                                       -->
<!-- Log at EOF                                                            -->
<!--                                                                       -->
<!--***********************************************************************-->
<config version="1.0">
  <scope role="idocs_member" location="/IFCDocs">
      <component id="navigationcontainer" extends="/webcomponent/config/navigation/navigationcontainer/navigationcontainer_component.xml">
         <desc>
            Displays a breadcrumb, title, and drop-down list above an included 
            component to support navigation to an object from the included 
            component. This container component is a base component and must 
            be extended in order to add components. 
         </desc>
        <params>
            <param name="component" required="true"/>
            <param name="objectId" required="true"/>
            <param name="folderPath" required="false"/>
            <param name="folderId" required="false"/>
            <param name="objectNamePrefix" required="false"/>
            <param name="vdmRootObject" required="false"/>
			<param name="callerComponent" required="false"/>
         </params>
         <pages>
            <filter clientenv="not appintg">
               <start>/webcomponent/navigation/navigationcontainer/navigationcontainer_streamline.jsp</start>
            </filter>
            <filter clientenv="appintg">
               <start>/webcomponent/navigation/navigationcontainer/navigationcontainer_classic.jsp</start>
            </filter>
            <streamline>/webcomponent/navigation/navigationcontainer/navigationcontainer_streamline.jsp</streamline>
            <classic>/webcomponent/navigation/navigationcontainer/navigationcontainer_classic.jsp</classic>
         </pages>
         <class>org.ifc.idocs.navigation.navigationcontainer.IDocsNavigationContainer</class>
         <nlsbundle>com.documentum.webcomponent.navigation.navigationcontainer.NavigationContainerNlsProp</nlsbundle>
      </component>
   </scope>
</config>