{
  "name" : "relationship-type",
  "type" : "itk_event_relationship",
  "label" : "event_relationship",
  "properties" : [ {
    "name" : "source",
    "label" : "source",
    "length" : 16,
    "type" : "string",
    "readOnly" : true,
    "description" : "This is a relationship source"
  }, {
    "name" : "target",
    "label" : "target",
    "length" : 16,
    "type" : "string",
    "readOnly" : true,
    "description" : "This is a relationship target"
  }, {
    "name" : "r_object_id",
    "label" : "Object ID",
    "length" : 16,
    "type" : "string",
    "readOnly" : true,
    "description" : "This is system generated unique id for the object. This is set by the system"
  } ],
  "source" : {
    "name" : "itk_transaction",
    "role-label" : "transaction",
    "role-name" : "transaction",
    "minOccurs" : "1",
    "maxOccurs" : "1",
    "href" : "${contextPath}types/contents/itk_transaction"
  },
  "target" : {
    "name" : "itk_transaction_event",
    "role-label" : "Transaction Event",
    "role-name" : "transaction_event",
    "minOccurs" : "1",
    "maxOccurs" : "unbounded",
    "href" : "${contextPath}types/business-objects/itk_transaction_event"
  },
  "links" : [ {
    "rel" : "self",
    "href" : "${contextPath}types/relationships/itk_event_relationship"
  }, {
    "rel" : "http://identifiers.emc.com/linkrel/instances",
    "href" : "${contextPath}relationships/itk_event_relationship"
  }, {
    "rel" : "http://identifiers.emc.com/linkrel/defaults",
    "href" : "${contextPath}types/relationships/itk_event_relationship/defaults"
  }, {
    "rel" : "type"
  }, {
    "rel" : "edit"
  }, {
    "rel" : "http://identifiers.emc.com/linkrel/delete"
  }, {
    "rel" : "http://identifiers.emc.com/linkrel/source"
  }, {
    "rel" : "http://identifiers.emc.com/linkrel/target"
  } ]
}