<?xml version="1.0" encoding="UTF-8" standalone="no"?>
<!-- Confidential Property of Documentum, Inc.                             -->
<!-- (c) Copyright Documentum, Inc. 2001.                                  -->
<!-- All Rights reserved.                                                  -->
<!-- May not be used without prior written agreement                       -->
<!-- signed by a Documentum corporate officer.                             -->
<!--                                                                       -->
<!-- Component: task progress                                              -->
<!-- Scope: None                                                           -->
<!-- Revision    $Revision: 5$                                              -->
<!-- Modified on $Date: 2/27/2007 7:15:14 AM$                               -->
<config version="1.0">
   <scope>
      <component modifies="taskprogress:webcomponent/config/library/workflow/taskprogress/taskprogress_component.xml">
		 <replace path='pages.start'>
            <start>
				/custom/jsps/taskprogress/taskProgress.jsp
			</start>
         </replace>
      </component>
   </scope>
</config>
<!--~~~~~~~~~~~~~~~~~~~~~~~~~~~~~~~~~~~~~~~~~~~~~~~~~~~~~~~ Developer's Comments
# Parameters
/* objectId                             (Required) ID of the workflow process 
*/
#
~~~~~~~~~~~~~~~~~~~~~~~~~~~~~~~~~~~~~~~~~~~~~~~~~~~~~~~~~~~~~~~~~~~~~~~~~~~~~-->
