<?xml version="1.0" encoding="UTF-8" standalone="no"?>
<!--***********************************************************************-->
<!--                                                                       -->
<!-- Confidential Property of Documentum, Inc.                             -->
<!-- (c) Copyright Documentum, Inc. 2001.                                  -->
<!-- All Rights reserved.                                                  -->
<!-- May not be used without prior written agreement                       -->
<!-- signed by a Documentum corporate officer.                             -->
<!--                                                                       -->
<!--***********************************************************************-->
<!--                                                                       -->
<!-- Project        Component Library                                      -->
<!-- Module         Attributes                                             -->
<!-- File           attributes_dm_document_component.xml                   -->
<!-- Description    dm_document Attributes Component Definition            -->
<!-- Created on     24 August 2001                                         -->
<!-- Tab width      3                                                      -->
<!--                                                                       -->
<!--***********************************************************************-->
<!--                                                                       -->
<!-- VCS Maintained Data                                                   -->
<!--                                                                       -->
<!-- Revision       $Revision: 7$                                          -->
<!-- Modified on    $Date: 2/27/2007 7:13:07 AM$                           -->
<!--                                                                       -->
<!-- Log at EOF                                                            -->
<!--                                                                       -->
<!--***********************************************************************-->
<config version="1.0">
   <scope type="idocs_document" role="idocs_member">
      <component modifies="attributes:webcomponent/config/library/attributes/attributes_dm_document_component.xml">
		 <replace path='pages.start'>
            <start>/custom/jsps/attributes/attributes_idocs_document.jsp</start>
         </replace>
      </component>
      <component modifies="attributes:webcomponent/config/library/attributes/attributes_dm_sysobject_component.xml">
          <replace path='class'>
            <class>org.ifc.idocs.attributes.Attributes</class>            
         </replace>
          <replace path='nlsbundle'>
            <nlsbundle>org.ifc.idocs.attributes.AttributesNlsProp</nlsbundle>            
         </replace>
      </component>
   </scope>
</config>
