{
  "name" : "content-type",
  "type" : "itk_edi_auto",
  "label" : "edi_auto",
  "parent" : "${contextPath}types/contents/itk_transaction",
  "properties" : [ {
    "name" : "account_info",
    "label" : "Account Information",
    "type" : "string",
    "length" : 64
  }, {
    "name" : "isa_transmit_date",
    "label" : "Transmit Date",
    "type" : "datetime"
  }, {
    "name" : "tran_set_id",
    "label" : "Transmit Set ID",
    "type" : "string",
    "length" : 64
  }, {
    "name" : "edi_hd_version",
    "label" : "EDI HD Version",
    "type" : "string",
    "length" : 64
  }, {
    "name" : "account_tax_id",
    "label" : "Account Tax ID",
    "type" : "string",
    "length" : 64
  }, {
    "name" : "tp_taxpayer_id",
    "label" : "Taxpayer ID",
    "type" : "string",
    "length" : 64
  }, {
    "name" : "inst_name",
    "label" : "Institution Name",
    "type" : "string",
    "length" : 64
  }, {
    "name" : "sequence_number",
    "label" : "Sequence Number",
    "type" : "integer"
  }, {
    "name" : "bor_name_first",
    "label" : "Borrower First Name",
    "type" : "string",
    "length" : 64
  }, {
    "name" : "bor_name_last",
    "label" : "Borrower Last Name",
    "type" : "string",
    "length" : 64
  }, {
    "name" : "bor_name_middle",
    "label" : "Borrower Middle Name",
    "type" : "string",
    "length" : 64
  }, {
    "name" : "bor_name_prefix",
    "label" : "Borrower Prefix",
    "type" : "string",
    "length" : 64
  }, {
    "name" : "bor_name_suffix",
    "label" : "Borrower Suffix",
    "type" : "string",
    "length" : 64
  }, {
    "name" : "address_1",
    "label" : "Address 1",
    "type" : "string",
    "length" : 64
  }, {
    "name" : "address_2",
    "label" : "Address 2",
    "type" : "string",
    "length" : 64
  }, {
    "name" : "city",
    "label" : "City",
    "type" : "string",
    "length" : 64
  }, {
    "name" : "zip",
    "label" : "Zip",
    "type" : "string",
    "length" : 64
  }, {
    "name" : "policy_eff_date",
    "label" : "Effective Date",
    "type" : "datetime"
  }, {
    "name" : "policy_expire_date",
    "label" : "Expiration Date",
    "type" : "datetime"
  }, {
    "name" : "policy_change_date",
    "label" : "Change Date",
    "type" : "datetime"
  }, {
    "name" : "cancel_date",
    "label" : "Cancel Date",
    "type" : "datetime"
  }, {
    "name" : "trans_type",
    "label" : "trans_type",
    "type" : "string",
    "length" : 64
  }, {
    "name" : "insurance_type",
    "label" : "Insurance Type",
    "type" : "string",
    "length" : 64
  }, {
    "name" : "company",
    "label" : "Company",
    "type" : "string",
    "length" : 64
  }, {
    "name" : "coll_deduct",
    "label" : "Collision Deductible",
    "type" : "float"
  }, {
    "name" : "comp_deduct",
    "label" : "Comprehensive Deductible",
    "type" : "float"
  }, {
    "name" : "collateral_id",
    "label" : "Collateral ID",
    "type" : "string",
    "length" : 64
  }, {
    "name" : "collateral_year",
    "label" : "Collateral Year",
    "type" : "string",
    "length" : 64
  }, {
    "name" : "collateral_make",
    "label" : "Collateral Make",
    "type" : "string",
    "length" : 64
  }, {
    "name" : "collateral_model",
    "label" : "Collateral Model",
    "type" : "string",
    "length" : 64
  }, {
    "name" : "agent_name",
    "label" : "Agent Name",
    "type" : "string",
    "length" : 64
  }, {
    "name" : "agent_address_1",
    "label" : "Agent Address 1",
    "type" : "string",
    "length" : 64
  }, {
    "name" : "agent_address_2",
    "label" : "Agent Address 2",
    "type" : "string",
    "length" : 64
  }, {
    "name" : "agent_city",
    "label" : "Agent City",
    "type" : "string",
    "length" : 64
  }, {
    "name" : "agent_state",
    "label" : "Agent State",
    "type" : "string",
    "length" : 64
  }, {
    "name" : "agent_zip",
    "label" : "Agent Zip",
    "type" : "string",
    "length" : 64
  }, {
    "name" : "agent_phone",
    "label" : "Agent Phone",
    "type" : "string",
    "length" : 64
  }, {
    "name" : "agent_ext",
    "label" : "Agent Ext",
    "type" : "string",
    "length" : 64
  }, {
    "name" : "agent_fax",
    "label" : "Agent Fax",
    "type" : "string",
    "length" : 64
  }, {
    "name" : "tran_date",
    "label" : "Transaction Date",
    "type" : "datetime"
  }, {
    "name" : "policy_process_date",
    "label" : "Process Date",
    "type" : "datetime"
  }, {
    "name" : "operator_id",
    "label" : "Operator ID",
    "type" : "string",
    "length" : 64
  }, {
    "name" : "edi_auto_comment",
    "label" : "EDI Auto Comment",
    "type" : "string",
    "length" : 64
  }, {
    "name" : "spare_amt_1",
    "label" : "Spare Amount 1",
    "type" : "string",
    "length" : 64
  }, {
    "name" : "spare_amt_2",
    "label" : "Spare Amount 2",
    "type" : "string",
    "length" : 64
  }, {
    "name" : "spare_date_1",
    "label" : "Spare Date 1",
    "type" : "datetime"
  }, {
    "name" : "spare_date_2",
    "label" : "Spare Date 2",
    "type" : "datetime"
  }, {
    "name" : "add_insured",
    "label" : "Add Insured",
    "type" : "string",
    "length" : 64
  }, {
    "name" : "spare_text_2",
    "label" : "Spare Text 2",
    "type" : "string",
    "length" : 64
  }, {
    "name" : "coll_deduct_type",
    "label" : "Collision Deductible Type",
    "type" : "string",
    "length" : 64
  }, {
    "name" : "coll_cvg",
    "label" : "Collision Coverage",
    "type" : "string",
    "length" : 64
  }, {
    "name" : "comp_cvg",
    "label" : "Comprehensive Coverage",
    "type" : "string",
    "length" : 64
  }, {
    "name" : "state_name",
    "label" : "State",
    "type" : "string",
    "length" : 64
  }, {
    "name" : "bor_full_name",
    "label" : "Borrower Full Name",
    "type" : "string",
    "length" : 64
  }, {
    "name" : "impairment_code",
    "label" : "Impairment Code",
    "type" : "string",
    "length" : 64
  }, {
    "name" : "proc_date",
    "label" : "Proc Date",
    "type" : "datetime"
  }, {
    "name" : "bodily_injury_per_occ",
    "label" : "Bodily Injury per Occurrence",
    "type" : "float"
  }, {
    "name" : "bodily_injury_per_person",
    "label" : "Bodily Injury per Person",
    "type" : "float"
  }, {
    "name" : "property_damage_per_occ",
    "label" : "Property Damage per Occurrence",
    "type" : "float"
  }, {
    "name" : "unins_motor_per_occ",
    "label" : "Uninsured Motorist per Occurrence",
    "type" : "float"
  }, {
    "name" : "unins_motor_per_person",
    "label" : "Uninsured Motorist per Person",
    "type" : "float"
  }, {
    "name" : "second_name",
    "label" : "Second Name",
    "type" : "string",
    "length" : 64
  } ],
  "events" : [ {
    "label" : "TransactionUpdated",
    "trigger" : "UPDATED"
  } ],
  "links" : [ {
    "rel" : "self",
    "href" : "${contextPath}types/contents/itk_edi_auto"
  }, {
    "rel" : "http://identifiers.emc.com/linkrel/instances",
    "href" : "${contextPath}contents/itk_edi_auto"
  }, {
    "rel" : "http://identifiers.emc.com/linkrel/defaults",
    "href" : "${contextPath}types/contents/itk_edi_auto/defaults"
  }, {
    "rel" : "type"
  }, {
    "rel" : "edit"
  }, {
    "rel" : "canonical"
  }, {
    "rel" : "http://identifiers.emc.com/linkrel/delete"
  }, {
    "rel" : "http://identifiers.emc.com/linkrel/relations"
  }, {
    "rel" : "http://identifiers.emc.com/linkrel/checkin-current-version"
  }, {
    "rel" : "http://identifiers.emc.com/linkrel/checkin-next-minor"
  }, {
    "rel" : "http://identifiers.emc.com/linkrel/checkin-next-major"
  }, {
    "rel" : "http://identifiers.emc.com/linkrel/checkin-branch-version"
  }, {
    "rel" : "http://identifiers.emc.com/linkrel/download-media"
  }, {
    "rel" : "http://identifiers.emc.com/linkrel/checkout"
  }, {
    "rel" : "http://identifiers.emc.com/linkrel/cancel-checkout"
  }, {
    "rel" : "version-history"
  } ]
}