{
  "name" : "content-type",
  "type" : "itk_openspan_auto",
  "label" : "openspan_auto",
  "parent" : "${contextPath}types/contents/itk_transaction",
  "properties" : [ {
    "name" : "begin_date",
    "label" : "Begin Date",
    "type" : "datetime"
  }, {
    "name" : "expiration_date",
    "label" : "Policy Expiration Date",
    "type" : "datetime"
  }, {
    "name" : "insurance_status",
    "label" : "Insurance Status",
    "type" : "string",
    "length" : 64
  }, {
    "name" : "company_name",
    "label" : "COMPANY Name",
    "type" : "string",
    "length" : 64
  }, {
    "name" : "coll_deduct",
    "label" : "Collision Deductible",
    "type" : "float"
  }, {
    "name" : "comp_deduct",
    "label" : "Comprehensive Deductible",
    "type" : "float"
  }, {
    "name" : "rein_eff_date",
    "label" : "Reinstatement Date",
    "type" : "datetime"
  }, {
    "name" : "cancel_date",
    "label" : "Cancellation Date",
    "type" : "datetime"
  }, {
    "name" : "agent_name",
    "label" : "Agent Name",
    "type" : "string",
    "length" : 64
  }, {
    "name" : "operator_id",
    "label" : "Operator ID",
    "type" : "string",
    "length" : 64
  }, {
    "name" : "lienholder_name",
    "label" : "LIENHOLDER NAME",
    "type" : "string",
    "length" : 64
  }, {
    "name" : "bodily_injury_per_person",
    "label" : "Bodily Injury Per Person",
    "type" : "float"
  }, {
    "name" : "property_damage_per_occ",
    "label" : "Property Damage Per Occurrence",
    "type" : "float"
  }, {
    "name" : "bodily_injury_per_occurance",
    "label" : "Bodily Injury Per Occurance",
    "type" : "float"
  }, {
    "name" : "add_insured",
    "label" : "Additional Insured",
    "type" : "string",
    "length" : 64
  }, {
    "name" : "agent_phone",
    "label" : "Agent Phone Number",
    "type" : "string",
    "length" : 64
  }, {
    "name" : "agent_fax",
    "label" : "Agent Fax Number",
    "type" : "string",
    "length" : 64
  }, {
    "name" : "impairment_code",
    "label" : "Impairment Code",
    "type" : "string",
    "length" : 64
  }, {
    "name" : "trans_type",
    "label" : "Trans Type",
    "type" : "string",
    "length" : 64
  }, {
    "name" : "refund_date",
    "label" : "Refund Date",
    "type" : "datetime"
  } ],
  "events" : [ {
    "label" : "TransactionUpdated",
    "trigger" : "UPDATED"
  } ],
  "links" : [ {
    "rel" : "self",
    "href" : "${contextPath}types/contents/itk_openspan_auto"
  }, {
    "rel" : "http://identifiers.emc.com/linkrel/instances",
    "href" : "${contextPath}contents/itk_openspan_auto"
  }, {
    "rel" : "http://identifiers.emc.com/linkrel/defaults",
    "href" : "${contextPath}types/contents/itk_openspan_auto/defaults"
  }, {
    "rel" : "type"
  }, {
    "rel" : "edit"
  }, {
    "rel" : "canonical"
  }, {
    "rel" : "http://identifiers.emc.com/linkrel/delete"
  }, {
    "rel" : "http://identifiers.emc.com/linkrel/relations"
  }, {
    "rel" : "http://identifiers.emc.com/linkrel/checkin-current-version"
  }, {
    "rel" : "http://identifiers.emc.com/linkrel/checkin-next-minor"
  }, {
    "rel" : "http://identifiers.emc.com/linkrel/checkin-next-major"
  }, {
    "rel" : "http://identifiers.emc.com/linkrel/checkin-branch-version"
  }, {
    "rel" : "http://identifiers.emc.com/linkrel/download-media"
  }, {
    "rel" : "http://identifiers.emc.com/linkrel/checkout"
  }, {
    "rel" : "http://identifiers.emc.com/linkrel/cancel-checkout"
  }, {
    "rel" : "version-history"
  } ]
}