{
  "name" : "content-type",
  "type" : "itk_unity_auto",
  "label" : "unity_auto",
  "parent" : "${contextPath}types/contents/itk_transaction",
  "properties" : [ {
    "name" : "agent_name",
    "label" : "Agent Name",
    "type" : "string",
    "length" : 64
  }, {
    "name" : "agent_phone",
    "label" : "Agent Phone",
    "type" : "string",
    "length" : 64
  }, {
    "name" : "last_name",
    "label" : "Last Name",
    "type" : "string",
    "length" : 64
  }, {
    "name" : "first_name",
    "label" : "First Name",
    "type" : "string",
    "length" : 64
  }, {
    "name" : "address_1",
    "label" : "Address 1",
    "type" : "string",
    "length" : 64
  }, {
    "name" : "address_2",
    "label" : "Address 2",
    "type" : "string",
    "length" : 64
  }, {
    "name" : "city",
    "label" : "City",
    "type" : "string",
    "length" : 64
  }, {
    "name" : "state_name",
    "label" : "State",
    "type" : "string",
    "length" : 64
  }, {
    "name" : "zip",
    "label" : "Zip",
    "type" : "string",
    "length" : 64
  }, {
    "name" : "collateral_year",
    "label" : "Collateral Year",
    "type" : "string",
    "length" : 64
  }, {
    "name" : "collateral_make",
    "label" : "Collateral Make",
    "type" : "string",
    "length" : 64
  }, {
    "name" : "collateral_model",
    "label" : "Collateral Model",
    "type" : "string",
    "length" : 64
  }, {
    "name" : "collateral_id",
    "label" : "Collateral ID",
    "type" : "string",
    "length" : 64
  }, {
    "name" : "company",
    "label" : "Company",
    "type" : "string",
    "length" : 64
  }, {
    "name" : "full_name",
    "label" : "Full Name",
    "type" : "string",
    "length" : 64
  }, {
    "name" : "effective_date",
    "label" : "Effective Date",
    "type" : "datetime"
  }, {
    "name" : "expiration_date",
    "label" : "Expiration Date",
    "type" : "datetime"
  } ],
  "events" : [ {
    "label" : "TransactionUpdated",
    "trigger" : "UPDATED"
  } ],
  "links" : [ {
    "rel" : "self",
    "href" : "${contextPath}types/contents/itk_unity_auto"
  }, {
    "rel" : "http://identifiers.emc.com/linkrel/instances",
    "href" : "${contextPath}contents/itk_unity_auto"
  }, {
    "rel" : "http://identifiers.emc.com/linkrel/defaults",
    "href" : "${contextPath}types/contents/itk_unity_auto/defaults"
  }, {
    "rel" : "type"
  }, {
    "rel" : "edit"
  }, {
    "rel" : "canonical"
  }, {
    "rel" : "http://identifiers.emc.com/linkrel/delete"
  }, {
    "rel" : "http://identifiers.emc.com/linkrel/relations"
  }, {
    "rel" : "http://identifiers.emc.com/linkrel/checkin-current-version"
  }, {
    "rel" : "http://identifiers.emc.com/linkrel/checkin-next-minor"
  }, {
    "rel" : "http://identifiers.emc.com/linkrel/checkin-next-major"
  }, {
    "rel" : "http://identifiers.emc.com/linkrel/checkin-branch-version"
  }, {
    "rel" : "http://identifiers.emc.com/linkrel/download-media"
  }, {
    "rel" : "http://identifiers.emc.com/linkrel/checkout"
  }, {
    "rel" : "http://identifiers.emc.com/linkrel/cancel-checkout"
  }, {
    "rel" : "version-history"
  } ]
}