{
  "name" : "content-type",
  "type" : "itk_imcovered_mortgage",
  "label" : "imcovered_mortgage",
  "parent" : "${contextPath}types/contents/itk_transaction",
  "properties" : [ {
    "name" : "reference_number",
    "label" : "reference_number",
    "type" : "string",
    "length" : 64
  }, {
    "name" : "pol_type",
    "label" : "pol_type",
    "type" : "string",
    "length" : 64
  }, {
    "name" : "insurer",
    "label" : "insurer",
    "type" : "string",
    "length" : 64
  }, {
    "name" : "mortgage_company",
    "label" : "mortgage_company",
    "type" : "string",
    "length" : 64
  }, {
    "name" : "servicing_agent",
    "label" : "servicing_agent",
    "type" : "string",
    "length" : 64
  }, {
    "name" : "agent_no",
    "label" : "agent_no",
    "type" : "string",
    "length" : 64
  }, {
    "name" : "agent_phone",
    "label" : "agent_phone",
    "type" : "string",
    "length" : 64
  }, {
    "name" : "insured_name",
    "label" : "insured_name",
    "type" : "string",
    "length" : 64
  }, {
    "name" : "prop_addr_1",
    "label" : "prop_addr_1",
    "type" : "string",
    "length" : 64
  }, {
    "name" : "prop_addr_2",
    "label" : "prop_addr_2",
    "type" : "string",
    "length" : 64
  }, {
    "name" : "prop_city",
    "label" : "prop_city",
    "type" : "string",
    "length" : 64
  }, {
    "name" : "prop_state",
    "label" : "prop_state",
    "type" : "string",
    "length" : 64
  }, {
    "name" : "prop_zip",
    "label" : "prop_zip",
    "type" : "string",
    "length" : 64
  }, {
    "name" : "effective_date",
    "label" : "effective_date",
    "type" : "datetime"
  }, {
    "name" : "expiration_date",
    "label" : "expiration_date",
    "type" : "datetime"
  }, {
    "name" : "cov_amt",
    "label" : "cov_amt",
    "type" : "float"
  }, {
    "name" : "tran_date",
    "label" : "tran_date",
    "type" : "datetime"
  }, {
    "name" : "pol_prem",
    "label" : "pol_prem",
    "type" : "float"
  }, {
    "name" : "cov_type",
    "label" : "cov_type",
    "type" : "string",
    "length" : 64
  }, {
    "name" : "payee_cd",
    "label" : "payee_cd",
    "type" : "string",
    "length" : 64
  }, {
    "name" : "deductible",
    "label" : "deductible",
    "type" : "float"
  }, {
    "name" : "additional_premium_flag",
    "label" : "additional_premium_flag",
    "type" : "string",
    "length" : 64
  } ],
  "links" : [ {
    "rel" : "self",
    "href" : "${contextPath}types/contents/itk_imcovered_mortgage"
  }, {
    "rel" : "http://identifiers.emc.com/linkrel/instances",
    "href" : "${contextPath}contents/itk_imcovered_mortgage"
  }, {
    "rel" : "http://identifiers.emc.com/linkrel/defaults",
    "href" : "${contextPath}types/contents/itk_imcovered_mortgage/defaults"
  }, {
    "rel" : "type"
  }, {
    "rel" : "edit"
  }, {
    "rel" : "canonical"
  }, {
    "rel" : "http://identifiers.emc.com/linkrel/delete"
  }, {
    "rel" : "http://identifiers.emc.com/linkrel/relations"
  }, {
    "rel" : "http://identifiers.emc.com/linkrel/checkin-current-version"
  }, {
    "rel" : "http://identifiers.emc.com/linkrel/checkin-next-minor"
  }, {
    "rel" : "http://identifiers.emc.com/linkrel/checkin-next-major"
  }, {
    "rel" : "http://identifiers.emc.com/linkrel/checkin-branch-version"
  }, {
    "rel" : "http://identifiers.emc.com/linkrel/download-media"
  }, {
    "rel" : "http://identifiers.emc.com/linkrel/checkout"
  }, {
    "rel" : "http://identifiers.emc.com/linkrel/cancel-checkout"
  }, {
    "rel" : "version-history"
  } ]
}