{
  "name" : "content-type",
  "type" : "itk_ivr_auto",
  "label" : "ivr_auto",
  "parent" : "${contextPath}types/contents/itk_transaction",
  "properties" : [ {
    "name" : "company",
    "label" : "Company",
    "type" : "string",
    "length" : 64
  }, {
    "name" : "insur_type",
    "label" : "Insurance Type",
    "type" : "string",
    "length" : 64
  }, {
    "name" : "effective_date",
    "label" : "Effective Date",
    "type" : "datetime"
  }, {
    "name" : "expiration_date",
    "label" : "Expiration Date",
    "type" : "datetime"
  }, {
    "name" : "agent_name",
    "label" : "Agent Name",
    "type" : "string",
    "length" : 64
  }, {
    "name" : "agent_phone",
    "label" : "Agent Phone",
    "type" : "string",
    "length" : 64
  } ],
  "events" : [ {
    "label" : "TransactionUpdated",
    "trigger" : "UPDATED"
  } ],
  "links" : [ {
    "rel" : "self",
    "href" : "${contextPath}types/contents/itk_ivr_auto"
  }, {
    "rel" : "http://identifiers.emc.com/linkrel/instances",
    "href" : "${contextPath}contents/itk_ivr_auto"
  }, {
    "rel" : "http://identifiers.emc.com/linkrel/defaults",
    "href" : "${contextPath}types/contents/itk_ivr_auto/defaults"
  }, {
    "rel" : "type"
  }, {
    "rel" : "edit"
  }, {
    "rel" : "canonical"
  }, {
    "rel" : "http://identifiers.emc.com/linkrel/delete"
  }, {
    "rel" : "http://identifiers.emc.com/linkrel/relations"
  }, {
    "rel" : "http://identifiers.emc.com/linkrel/checkin-current-version"
  }, {
    "rel" : "http://identifiers.emc.com/linkrel/checkin-next-minor"
  }, {
    "rel" : "http://identifiers.emc.com/linkrel/checkin-next-major"
  }, {
    "rel" : "http://identifiers.emc.com/linkrel/checkin-branch-version"
  }, {
    "rel" : "http://identifiers.emc.com/linkrel/download-media"
  }, {
    "rel" : "http://identifiers.emc.com/linkrel/checkout"
  }, {
    "rel" : "http://identifiers.emc.com/linkrel/cancel-checkout"
  }, {
    "rel" : "version-history"
  } ]
}