{
  "name" : "content-type",
  "type" : "itk_transaction",
  "label" : "transaction",
  "parent" : "${contextPath}types/contents/itk_swbc_record",
  "properties" : [ {
    "name" : "trans_comments",
    "label" : "Transaction Comments",
    "type" : "string",
    "length" : 64,
    "repeating" : true
  }, {
    "name" : "transaction_id",
    "label" : "Transaction ID",
    "type" : "string",
    "length" : 64
  }, {
    "name" : "transaction_type",
    "label" : "Transaction Type",
    "type" : "string",
    "length" : 64
  }, {
    "name" : "transaction_channel",
    "label" : "Transaction Channel",
    "type" : "string",
    "length" : 64
  }, {
    "name" : "transaction_source",
    "label" : "Transaction Source",
    "type" : "string",
    "length" : 64
  }, {
    "name" : "loan_number",
    "label" : "Loan Number",
    "type" : "string",
    "length" : 64
  }, {
    "name" : "loan_suffix",
    "label" : "Loan Suffix",
    "type" : "string",
    "length" : 64
  }, {
    "name" : "business_type",
    "label" : "Business Type",
    "type" : "string",
    "length" : 64
  }, {
    "name" : "account_number",
    "label" : "Account Number",
    "type" : "string",
    "length" : 64
  }, {
    "name" : "agency_number",
    "label" : "Agency",
    "type" : "string",
    "length" : 64
  }, {
    "name" : "policy_no",
    "label" : "Policy Number",
    "type" : "string",
    "length" : 64
  }, {
    "name" : "matched_loan_number",
    "label" : "Matched Loan Number",
    "type" : "string",
    "length" : 64,
    "repeating" : true
  }, {
    "name" : "matched_loan_suffix",
    "label" : "Matched Loan Suffix",
    "type" : "string",
    "length" : 64,
    "repeating" : true
  }, {
    "name" : "matched_loan_score",
    "label" : "Matched Loan Score",
    "type" : "string",
    "length" : 64,
    "repeating" : true
  }, {
    "name" : "institution_code",
    "label" : "Institution Code",
    "type" : "string",
    "length" : 64
  }, {
    "name" : "transaction_status",
    "label" : "Transaction Status",
    "type" : "string",
    "length" : 64
  }, {
    "name" : "matched_loan_status",
    "label" : "Matched Loan Status",
    "type" : "string",
    "length" : 64,
    "repeating" : true
  }, {
    "name" : "doc_delivery_date",
    "label" : "Delivery Date",
    "type" : "datetime"
  }, {
    "name" : "received_date",
    "label" : "Received Date",
    "type" : "datetime"
  }, {
    "name" : "current_event_group",
    "label" : "Current Event Group",
    "type" : "string",
    "length" : 64
  }, {
    "name" : "call_tag",
    "label" : "Call Tag",
    "type" : "string",
    "length" : 64
  }, {
    "name" : "overnight_flag",
    "label" : "Overnight Flag",
    "type" : "string",
    "length" : 64
  }, {
    "name" : "matched_loan_override",
    "label" : "Override",
    "type" : "boolean"
  }, {
    "name" : "posting_reject",
    "label" : "AS400 Post Rejected",
    "type" : "boolean"
  }, {
    "name" : "transaction_zip",
    "label" : "Transaction Zip",
    "type" : "string",
    "length" : 64
  }, {
    "name" : "call_date",
    "label" : "Call Date & Time",
    "type" : "datetime"
  }, {
    "name" : "escrow_ind",
    "label" : "Escrow Indicator",
    "type" : "string",
    "length" : 64
  }, {
    "name" : "line_escrow_flag",
    "label" : "Line Escrow Flag",
    "type" : "string",
    "length" : 64
  }, {
    "name" : "line_waive_initials",
    "label" : "Line Waive Initials",
    "type" : "string",
    "length" : 64
  }, {
    "name" : "line_del_counter",
    "label" : "Line Delete Counter",
    "type" : "integer"
  }, {
    "name" : "match_unique_id",
    "label" : "Match Unique Identifier",
    "type" : "string",
    "length" : 64
  }, {
    "name" : "transaction_state",
    "label" : "Transaction State",
    "type" : "string",
    "length" : 64
  }, {
    "name" : "account_name",
    "label" : "Institutionalized Account Name",
    "type" : "string",
    "length" : 64
  }, {
    "name" : "follow_up_reason",
    "label" : "Follow Up Reason",
    "type" : "string",
    "length" : 64
  }, {
    "name" : "follow_up_date",
    "label" : "Follow Up Date",
    "type" : "datetime"
  }, {
    "name" : "transaction_vin",
    "label" : "Transaction Vin",
    "type" : "string",
    "length" : 64
  }, {
    "name" : "transaction_address_1",
    "label" : "Transaction Address 1",
    "type" : "string",
    "length" : 64
  }, {
    "name" : "transaction_origin",
    "label" : "Transaction Origin",
    "type" : "string",
    "length" : 64
  }, {
    "name" : "sla_status",
    "label" : "SLA Status",
    "type" : "string",
    "length" : 64,
    "default-expression" : "'OK'"
  }, {
    "name" : "pre_followup_exception_date",
    "label" : "Pre-FollowUp Exception Date",
    "type" : "datetime"
  }, {
    "name" : "matched_loan_account_number",
    "label" : "Matched Loan Account Number",
    "type" : "string",
    "length" : 64,
    "repeating" : true
  }, {
    "name" : "mq_guid",
    "label" : "MQ GUID",
    "type" : "string",
    "length" : 64
  }, {
    "name" : "bypass_policy_decisioning",
    "label" : "Bypass Policy Decisioning",
    "type" : "string",
    "length" : 64,
    "default-expression" : "'N'"
  }, {
    "name" : "orig_file_name",
    "label" : "Orig. File Name",
    "type" : "string",
    "length" : 64
  }, {
    "name" : "scan_id",
    "label" : "Scan Id",
    "type" : "string",
    "length" : 64
  }, {
    "name" : "is_qc_candidate",
    "label" : "Is QC Candidate",
    "type" : "string",
    "length" : 64,
    "default-expression" : "'N'"
  }, {
    "name" : "document_type",
    "label" : "Document Type",
    "type" : "string",
    "length" : 64
  } ],
  "events" : [ {
    "label" : "OnCreateTrans",
    "trigger" : "CREATED"
  }, {
    "label" : "OnUpdateTrans",
    "trigger" : "UPDATED"
  }, {
    "label" : "OnTransEventRelated",
    "trigger" : "RELATED"
  }, {
    "label" : "OnUpdateSWBC",
    "trigger" : "UPDATED"
  } ],
  "relationships" : {
    "source" : [ {
      "rel" : "http://identifiers.emc.com/linkrel/source",
      "name" : "itk_split_relationship",
      "type" : "${contextPath}types/relationships/itk_split_relationship"
    }, {
      "rel" : "http://identifiers.emc.com/linkrel/source",
      "name" : "itk_event_relationship",
      "type" : "${contextPath}types/relationships/itk_event_relationship"
    } ]
  },
  "links" : [ {
    "rel" : "self",
    "href" : "${contextPath}types/contents/itk_transaction"
  }, {
    "rel" : "http://identifiers.emc.com/linkrel/instances",
    "href" : "${contextPath}contents/itk_transaction"
  }, {
    "rel" : "http://identifiers.emc.com/linkrel/defaults",
    "href" : "${contextPath}types/contents/itk_transaction/defaults"
  }, {
    "rel" : "type"
  }, {
    "rel" : "edit"
  }, {
    "rel" : "canonical"
  }, {
    "rel" : "http://identifiers.emc.com/linkrel/delete"
  }, {
    "rel" : "http://identifiers.emc.com/linkrel/relations"
  }, {
    "rel" : "http://identifiers.emc.com/linkrel/checkin-current-version"
  }, {
    "rel" : "http://identifiers.emc.com/linkrel/checkin-next-minor"
  }, {
    "rel" : "http://identifiers.emc.com/linkrel/checkin-next-major"
  }, {
    "rel" : "http://identifiers.emc.com/linkrel/checkin-branch-version"
  }, {
    "rel" : "http://identifiers.emc.com/linkrel/download-media"
  }, {
    "rel" : "http://identifiers.emc.com/linkrel/checkout"
  }, {
    "rel" : "http://identifiers.emc.com/linkrel/cancel-checkout"
  }, {
    "rel" : "version-history"
  } ]
}