{
  "name" : "content-type",
  "type" : "itk_imcovered_auto",
  "label" : "imcovered_auto",
  "parent" : "${contextPath}types/contents/itk_transaction",
  "properties" : [ {
    "name" : "borrower_name",
    "label" : "Borrower Name",
    "type" : "string",
    "length" : 64
  }, {
    "name" : "addr1",
    "label" : "Borrower Address 1",
    "type" : "string",
    "length" : 64
  }, {
    "name" : "addr2",
    "label" : "Borrower Address 2",
    "type" : "string",
    "length" : 64
  }, {
    "name" : "city",
    "label" : "Borrower City",
    "type" : "string",
    "length" : 64
  }, {
    "name" : "state_name",
    "label" : "Borrower State",
    "type" : "string",
    "length" : 64
  }, {
    "name" : "zip",
    "label" : "Borrower Zip",
    "type" : "string",
    "length" : 64
  }, {
    "name" : "begin_date",
    "label" : "Policy Effective Date",
    "type" : "datetime"
  }, {
    "name" : "issue_date",
    "label" : "Issue Date",
    "type" : "datetime"
  }, {
    "name" : "coll_deduct",
    "label" : "Collision Deductible",
    "type" : "float"
  }, {
    "name" : "comp_deduct",
    "label" : "Comprehensive Deductible",
    "type" : "float"
  }, {
    "name" : "collateral_id",
    "label" : "Collateral ID (VIN)",
    "type" : "string",
    "length" : 64
  }, {
    "name" : "collateral_year",
    "label" : "Collateral Year",
    "type" : "string",
    "length" : 64
  }, {
    "name" : "agent_name",
    "label" : "Agent Name",
    "type" : "string",
    "length" : 64
  }, {
    "name" : "agent_phone",
    "label" : "Agent Phone Number",
    "type" : "string",
    "length" : 64
  }, {
    "name" : "impairment_code",
    "label" : "Impairment Code",
    "type" : "string",
    "length" : 64
  }, {
    "name" : "tran_date",
    "label" : "Transaction Date",
    "type" : "datetime"
  }, {
    "name" : "lienholder_name",
    "label" : "LIENHOLDER NAME",
    "type" : "string",
    "length" : 64
  }, {
    "name" : "expiration_date",
    "label" : "Policy Expiration Date",
    "type" : "datetime"
  }, {
    "name" : "insurance_type",
    "label" : "Insurance Type",
    "type" : "string",
    "length" : 64
  }, {
    "name" : "company",
    "label" : "Company Name",
    "type" : "string",
    "length" : 64
  }, {
    "name" : "document_no",
    "label" : "Document Number",
    "type" : "string",
    "length" : 64
  }, {
    "name" : "sequence_number",
    "label" : "Sequence Number",
    "type" : "string",
    "length" : 64
  }, {
    "name" : "email_address",
    "label" : "Email Address",
    "type" : "string",
    "length" : 64
  }, {
    "name" : "email_notify_status",
    "label" : "Email Notify Status",
    "type" : "string",
    "length" : 64
  }, {
    "name" : "collateral_make",
    "label" : "Collateral Make",
    "type" : "string",
    "length" : 64
  }, {
    "name" : "collateral_model",
    "label" : "Collateral Model",
    "type" : "string",
    "length" : 64
  }, {
    "name" : "force_place",
    "label" : "Force Place",
    "type" : "string",
    "length" : 64,
    "default-expression" : "'N'"
  }, {
    "name" : "agent_email",
    "label" : "Agent Email",
    "type" : "string",
    "length" : 64
  } ],
  "events" : [ {
    "label" : "TransactionUpdated",
    "trigger" : "UPDATED"
  } ],
  "links" : [ {
    "rel" : "self",
    "href" : "${contextPath}types/contents/itk_imcovered_auto"
  }, {
    "rel" : "http://identifiers.emc.com/linkrel/instances",
    "href" : "${contextPath}contents/itk_imcovered_auto"
  }, {
    "rel" : "http://identifiers.emc.com/linkrel/defaults",
    "href" : "${contextPath}types/contents/itk_imcovered_auto/defaults"
  }, {
    "rel" : "type"
  }, {
    "rel" : "edit"
  }, {
    "rel" : "canonical"
  }, {
    "rel" : "http://identifiers.emc.com/linkrel/delete"
  }, {
    "rel" : "http://identifiers.emc.com/linkrel/relations"
  }, {
    "rel" : "http://identifiers.emc.com/linkrel/checkin-current-version"
  }, {
    "rel" : "http://identifiers.emc.com/linkrel/checkin-next-minor"
  }, {
    "rel" : "http://identifiers.emc.com/linkrel/checkin-next-major"
  }, {
    "rel" : "http://identifiers.emc.com/linkrel/checkin-branch-version"
  }, {
    "rel" : "http://identifiers.emc.com/linkrel/download-media"
  }, {
    "rel" : "http://identifiers.emc.com/linkrel/checkout"
  }, {
    "rel" : "http://identifiers.emc.com/linkrel/cancel-checkout"
  }, {
    "rel" : "version-history"
  } ]
}