{
  "name" : "content-type",
  "type" : "itk_cognasys_auto",
  "label" : "cognasys_auto",
  "parent" : "${contextPath}types/contents/itk_transaction",
  "properties" : [ {
    "name" : "sequence_number",
    "label" : "Sequence Number",
    "type" : "integer"
  }, {
    "name" : "batch_number",
    "label" : "Batch Number",
    "type" : "string",
    "length" : 64
  }, {
    "name" : "borrower_name",
    "label" : "Borrower Name",
    "type" : "string",
    "length" : 64
  }, {
    "name" : "second_name",
    "label" : "Second Name",
    "type" : "string",
    "length" : 64
  }, {
    "name" : "address_1",
    "label" : "Address 1",
    "type" : "string",
    "length" : 64
  }, {
    "name" : "address_2",
    "label" : "Address 2",
    "type" : "string",
    "length" : 64
  }, {
    "name" : "city",
    "label" : "City",
    "type" : "string",
    "length" : 64
  }, {
    "name" : "state_name",
    "label" : "State Name",
    "type" : "string",
    "length" : 64
  }, {
    "name" : "zip",
    "label" : "Zip",
    "type" : "string",
    "length" : 64
  }, {
    "name" : "scan_date",
    "label" : "Scan Date",
    "type" : "datetime"
  }, {
    "name" : "effective_date",
    "label" : "Effective Date",
    "type" : "datetime"
  }, {
    "name" : "expiration_date",
    "label" : "Expiration Date",
    "type" : "datetime"
  }, {
    "name" : "cancel_date",
    "label" : "Cancel Date",
    "type" : "datetime"
  }, {
    "name" : "insur_type",
    "label" : "Insurance Type",
    "type" : "string",
    "length" : 64
  }, {
    "name" : "company",
    "label" : "Company",
    "type" : "string",
    "length" : 64
  }, {
    "name" : "coll_deduct",
    "label" : "Collision Deductible",
    "type" : "integer"
  }, {
    "name" : "comp_deduct",
    "label" : "Comprehensive Deductible",
    "type" : "integer"
  }, {
    "name" : "rein_eff_date",
    "label" : "Reinstatement Effective Date",
    "type" : "datetime"
  }, {
    "name" : "collateral_id",
    "label" : "Collateral ID",
    "type" : "string",
    "length" : 64
  }, {
    "name" : "collateral_make",
    "label" : "Collateral Make",
    "type" : "string",
    "length" : 64
  }, {
    "name" : "collateral_model",
    "label" : "Collateral Model",
    "type" : "string",
    "length" : 64
  }, {
    "name" : "collateral_year",
    "label" : "Collateral Year",
    "type" : "string",
    "length" : 64
  }, {
    "name" : "agent_name",
    "label" : "Agent Name",
    "type" : "string",
    "length" : 64
  }, {
    "name" : "agent_address_1",
    "label" : "Agent Address 1",
    "type" : "string",
    "length" : 64
  }, {
    "name" : "agent_address_2",
    "label" : "Agent Address 2",
    "type" : "string",
    "length" : 64
  }, {
    "name" : "agent_city",
    "label" : "Agent City",
    "type" : "string",
    "length" : 64
  }, {
    "name" : "agent_state",
    "label" : "Agent State",
    "type" : "string",
    "length" : 64
  }, {
    "name" : "agent_zip",
    "label" : "Agent Zip",
    "type" : "string",
    "length" : 64
  }, {
    "name" : "agent_phone",
    "label" : "Agent Phone",
    "type" : "string",
    "length" : 64
  }, {
    "name" : "agent_phone_ext",
    "label" : "Agent Ext",
    "type" : "string",
    "length" : 64
  }, {
    "name" : "agent_fax",
    "label" : "Agent Fax",
    "type" : "string",
    "length" : 64
  }, {
    "name" : "agent_fax_ext",
    "label" : "Agent Fax Ext",
    "type" : "string",
    "length" : 64
  }, {
    "name" : "impairment_code",
    "label" : "Impairment Code",
    "type" : "string",
    "length" : 64
  }, {
    "name" : "tran_date",
    "label" : "Transaction Date",
    "type" : "datetime"
  }, {
    "name" : "proc_date",
    "label" : "Process Date",
    "type" : "datetime"
  }, {
    "name" : "operator_id",
    "label" : "Operator ID",
    "type" : "string",
    "length" : 64
  }, {
    "name" : "account_tax_id",
    "label" : "Account Tax ID",
    "type" : "string",
    "length" : 64
  }, {
    "name" : "lienholder_name",
    "label" : "Lienholder Name",
    "type" : "string",
    "length" : 64
  }, {
    "name" : "tp_taxpayer_id",
    "label" : "Taxpayer ID",
    "type" : "string",
    "length" : 64
  }, {
    "name" : "isa_transmit_date",
    "label" : "Transmit Date",
    "type" : "datetime"
  }, {
    "name" : "issue_date",
    "label" : "Issue Date",
    "type" : "datetime"
  }, {
    "name" : "straw_name",
    "label" : "Straw Purchase Name",
    "type" : "string",
    "length" : 64
  }, {
    "name" : "trans_code",
    "label" : "Transaction Code",
    "type" : "string",
    "length" : 64
  }, {
    "name" : "coll_cvg",
    "label" : "Collision Coverage",
    "type" : "string",
    "length" : 64
  }, {
    "name" : "comp_cvg",
    "label" : "Comprehensive Coverage",
    "type" : "string",
    "length" : 64
  }, {
    "name" : "doc_source",
    "label" : "Document Source",
    "type" : "string",
    "length" : 64
  }, {
    "name" : "delivery_date",
    "label" : "Cognasys Auto Delivery Date",
    "type" : "datetime"
  }, {
    "name" : "delivery_code",
    "label" : "Delivery Code",
    "type" : "string",
    "length" : 64
  }, {
    "name" : "abort_reason",
    "label" : "Abort Reason",
    "type" : "string",
    "length" : 64
  }, {
    "name" : "audit_flag",
    "label" : "Audit Flag",
    "type" : "integer"
  }, {
    "name" : "auditor",
    "label" : "Auditor",
    "type" : "string",
    "length" : 64
  }, {
    "name" : "audit_date",
    "label" : "Audit Date",
    "type" : "datetime"
  }, {
    "name" : "vfy_id",
    "label" : "Verifier ID",
    "type" : "string",
    "length" : 64
  }, {
    "name" : "qc_id",
    "label" : "QC ID",
    "type" : "string",
    "length" : 64
  }, {
    "name" : "mqc_id",
    "label" : "Manager QC ID",
    "type" : "string",
    "length" : 64
  }, {
    "name" : "process",
    "label" : "Process",
    "type" : "string",
    "length" : 64
  }, {
    "name" : "group_role",
    "label" : "Group Role",
    "type" : "string",
    "length" : 64
  }, {
    "name" : "form_desc",
    "label" : "Form Description",
    "type" : "string",
    "length" : 64
  }, {
    "name" : "cog_comment",
    "label" : "Cognasys Comment",
    "type" : "string",
    "length" : 64
  }, {
    "name" : "bodily_injury_per_occ",
    "label" : "Bodily Injury per Occurrence",
    "type" : "float"
  }, {
    "name" : "bodily_injury_per_person",
    "label" : "Bodily Injury per Person",
    "type" : "float"
  }, {
    "name" : "property_damage_per_occ",
    "label" : "Property Damage per Occurrence",
    "type" : "float"
  }, {
    "name" : "unins_motorist_per_occ",
    "label" : "Uninsured Motorist per Occurrence",
    "type" : "float"
  }, {
    "name" : "unins_motorist_per_person",
    "label" : "Uninsured Motorist per Person",
    "type" : "float"
  }, {
    "name" : "document_number",
    "label" : "Document Number",
    "type" : "string",
    "length" : 64
  }, {
    "name" : "doc_status",
    "label" : "Document Status",
    "type" : "integer"
  }, {
    "name" : "agent_email",
    "label" : "Agent Email",
    "type" : "string",
    "length" : 64
  } ],
  "events" : [ {
    "label" : "TransactionUpdated",
    "trigger" : "UPDATED"
  } ],
  "links" : [ {
    "rel" : "self",
    "href" : "${contextPath}types/contents/itk_cognasys_auto"
  }, {
    "rel" : "http://identifiers.emc.com/linkrel/instances",
    "href" : "${contextPath}contents/itk_cognasys_auto"
  }, {
    "rel" : "http://identifiers.emc.com/linkrel/defaults",
    "href" : "${contextPath}types/contents/itk_cognasys_auto/defaults"
  }, {
    "rel" : "type"
  }, {
    "rel" : "edit"
  }, {
    "rel" : "canonical"
  }, {
    "rel" : "http://identifiers.emc.com/linkrel/delete"
  }, {
    "rel" : "http://identifiers.emc.com/linkrel/relations"
  }, {
    "rel" : "http://identifiers.emc.com/linkrel/checkin-current-version"
  }, {
    "rel" : "http://identifiers.emc.com/linkrel/checkin-next-minor"
  }, {
    "rel" : "http://identifiers.emc.com/linkrel/checkin-next-major"
  }, {
    "rel" : "http://identifiers.emc.com/linkrel/checkin-branch-version"
  }, {
    "rel" : "http://identifiers.emc.com/linkrel/download-media"
  }, {
    "rel" : "http://identifiers.emc.com/linkrel/checkout"
  }, {
    "rel" : "http://identifiers.emc.com/linkrel/cancel-checkout"
  }, {
    "rel" : "version-history"
  } ]
}