{
  "name" : "content-type",
  "type" : "itk_dialer_mortgage",
  "label" : "dialer_mortgage",
  "parent" : "${contextPath}types/contents/itk_transaction",
  "properties" : [ {
    "name" : "insurer",
    "label" : "insurer",
    "type" : "string",
    "length" : 64
  }, {
    "name" : "mortgage_company",
    "label" : "mortgage_company",
    "type" : "string",
    "length" : 64
  }, {
    "name" : "mort_addr",
    "label" : "mort_addr",
    "type" : "string",
    "length" : 64
  }, {
    "name" : "mort_city",
    "label" : "mort_city",
    "type" : "string",
    "length" : 64
  }, {
    "name" : "mort_state",
    "label" : "mort_state",
    "type" : "string",
    "length" : 64
  }, {
    "name" : "mort_zip",
    "label" : "mort_zip",
    "type" : "string",
    "length" : 64
  }, {
    "name" : "agent_addr",
    "label" : "agent_addr",
    "type" : "string",
    "length" : 64
  }, {
    "name" : "agent_phone",
    "label" : "agent_phone",
    "type" : "string",
    "length" : 64
  }, {
    "name" : "insured_name",
    "label" : "insured_name",
    "type" : "string",
    "length" : 64
  }, {
    "name" : "prop_addr_1",
    "label" : "prop_addr_1",
    "type" : "string",
    "length" : 64
  }, {
    "name" : "prop_addr_2",
    "label" : "prop_addr_2",
    "type" : "string",
    "length" : 64
  }, {
    "name" : "prop_city",
    "label" : "prop_city",
    "type" : "string",
    "length" : 64
  }, {
    "name" : "prop_state",
    "label" : "prop_state",
    "type" : "string",
    "length" : 64
  }, {
    "name" : "prop_zip",
    "label" : "prop_zip",
    "type" : "string",
    "length" : 64
  }, {
    "name" : "prop_zip_4",
    "label" : "prop_zip_4",
    "type" : "string",
    "length" : 64
  }, {
    "name" : "tran_code",
    "label" : "tran_code",
    "type" : "string",
    "length" : 64
  }, {
    "name" : "effective_date",
    "label" : "effective_date",
    "type" : "datetime"
  }, {
    "name" : "expiration_date",
    "label" : "expiration_date",
    "type" : "datetime"
  }, {
    "name" : "deductible",
    "label" : "deductible",
    "type" : "float"
  }, {
    "name" : "pct_primary_cov",
    "label" : "pct_primary_cov",
    "type" : "float"
  }, {
    "name" : "cov_amt",
    "label" : "cov_amt",
    "type" : "float"
  }, {
    "name" : "operator_id",
    "label" : "operator_id",
    "type" : "string",
    "length" : 64
  }, {
    "name" : "pol_prem",
    "label" : "pol_prem",
    "type" : "float"
  }, {
    "name" : "pol_cancel_date",
    "label" : "pol_cancel_date",
    "type" : "datetime"
  }, {
    "name" : "pol_reinst_date",
    "label" : "pol_reinst_date",
    "type" : "datetime"
  }, {
    "name" : "cov_type",
    "label" : "cov_type",
    "type" : "string",
    "length" : 64
  }, {
    "name" : "insure_type",
    "label" : "insure_type",
    "type" : "string",
    "length" : 64
  }, {
    "name" : "doc_no",
    "label" : "doc_no",
    "type" : "string",
    "length" : 64
  }, {
    "name" : "doc_date",
    "label" : "doc_date",
    "type" : "datetime"
  }, {
    "name" : "flood_zone",
    "label" : "flood_zone",
    "type" : "string",
    "length" : 64
  }, {
    "name" : "payee_cd",
    "label" : "payee_cd",
    "type" : "string",
    "length" : 64
  }, {
    "name" : "impair_cd",
    "label" : "impair_cd",
    "type" : "string",
    "length" : 64
  }, {
    "name" : "prdue_date",
    "label" : "prdue_date",
    "type" : "datetime"
  }, {
    "name" : "agent_name",
    "label" : "agent_name",
    "type" : "string",
    "length" : 64
  }, {
    "name" : "additional_premium_flag",
    "label" : "additional_premium_flag",
    "type" : "string",
    "length" : 64
  } ],
  "links" : [ {
    "rel" : "self",
    "href" : "${contextPath}types/contents/itk_dialer_mortgage"
  }, {
    "rel" : "http://identifiers.emc.com/linkrel/instances",
    "href" : "${contextPath}contents/itk_dialer_mortgage"
  }, {
    "rel" : "http://identifiers.emc.com/linkrel/defaults",
    "href" : "${contextPath}types/contents/itk_dialer_mortgage/defaults"
  }, {
    "rel" : "type"
  }, {
    "rel" : "edit"
  }, {
    "rel" : "canonical"
  }, {
    "rel" : "http://identifiers.emc.com/linkrel/delete"
  }, {
    "rel" : "http://identifiers.emc.com/linkrel/relations"
  }, {
    "rel" : "http://identifiers.emc.com/linkrel/checkin-current-version"
  }, {
    "rel" : "http://identifiers.emc.com/linkrel/checkin-next-minor"
  }, {
    "rel" : "http://identifiers.emc.com/linkrel/checkin-next-major"
  }, {
    "rel" : "http://identifiers.emc.com/linkrel/checkin-branch-version"
  }, {
    "rel" : "http://identifiers.emc.com/linkrel/download-media"
  }, {
    "rel" : "http://identifiers.emc.com/linkrel/checkout"
  }, {
    "rel" : "http://identifiers.emc.com/linkrel/cancel-checkout"
  }, {
    "rel" : "version-history"
  } ]
}