{
  "name" : "content-type",
  "type" : "itk_edi_mortgage",
  "label" : "edi_mortgage",
  "parent" : "${contextPath}types/contents/itk_transaction",
  "properties" : [ {
    "name" : "taxpayer_id",
    "label" : "taxpayer_id",
    "type" : "string",
    "length" : 64
  }, {
    "name" : "mcb_date",
    "label" : "mcb_date",
    "type" : "datetime"
  }, {
    "name" : "file_date",
    "label" : "file_date",
    "type" : "datetime"
  }, {
    "name" : "file_number",
    "label" : "file_number",
    "type" : "string",
    "length" : 64
  }, {
    "name" : "account_tax_id",
    "label" : "account_tax_id",
    "type" : "string",
    "length" : 64
  }, {
    "name" : "service_bureau",
    "label" : "service_bureau",
    "type" : "string",
    "length" : 64
  }, {
    "name" : "pol_type",
    "label" : "pol_type",
    "type" : "string",
    "length" : 64
  }, {
    "name" : "insurer",
    "label" : "insurer",
    "type" : "string",
    "length" : 64
  }, {
    "name" : "mortgage_number",
    "label" : "mortgage_number",
    "type" : "string",
    "length" : 64
  }, {
    "name" : "mortgage_company",
    "label" : "mortgage_company",
    "type" : "string",
    "length" : 64
  }, {
    "name" : "mort_address",
    "label" : "mort_address",
    "type" : "string",
    "length" : 64
  }, {
    "name" : "mort_city",
    "label" : "mort_city",
    "type" : "string",
    "length" : 64
  }, {
    "name" : "mort_state",
    "label" : "mort_state",
    "type" : "string",
    "length" : 64
  }, {
    "name" : "mort_zip",
    "label" : "mort_zip",
    "type" : "string",
    "length" : 64
  }, {
    "name" : "servicing_agent",
    "label" : "servicing_agent",
    "type" : "string",
    "length" : 64
  }, {
    "name" : "agent_no",
    "label" : "agent_no",
    "type" : "string",
    "length" : 64
  }, {
    "name" : "agent_address",
    "label" : "agent_address",
    "type" : "string",
    "length" : 64
  }, {
    "name" : "agent_city",
    "label" : "agent_city",
    "type" : "string",
    "length" : 64
  }, {
    "name" : "agent_state",
    "label" : "agent_state",
    "type" : "string",
    "length" : 64
  }, {
    "name" : "agent_zip",
    "label" : "agent_zip",
    "type" : "string",
    "length" : 64
  }, {
    "name" : "agent_phone",
    "label" : "agent_phone",
    "type" : "string",
    "length" : 64
  }, {
    "name" : "insured_name",
    "label" : "insured_name",
    "type" : "string",
    "length" : 64
  }, {
    "name" : "prop_addr_1",
    "label" : "Property Address",
    "type" : "string",
    "length" : 64
  }, {
    "name" : "property_city",
    "label" : "property_city",
    "type" : "string",
    "length" : 64
  }, {
    "name" : "property_state",
    "label" : "property_state",
    "type" : "string",
    "length" : 64
  }, {
    "name" : "property_zip",
    "label" : "property_zip",
    "type" : "string",
    "length" : 64
  }, {
    "name" : "tran_code",
    "label" : "tran_code",
    "type" : "string",
    "length" : 64
  }, {
    "name" : "effective_date",
    "label" : "effective_date",
    "type" : "datetime"
  }, {
    "name" : "expiration_date",
    "label" : "expiration_date",
    "type" : "datetime"
  }, {
    "name" : "pol_process_date",
    "label" : "pol_process_date",
    "type" : "datetime"
  }, {
    "name" : "pol_change_date",
    "label" : "pol_change_date",
    "type" : "datetime"
  }, {
    "name" : "pct_deductible",
    "label" : "pct_deductible",
    "type" : "float"
  }, {
    "name" : "deductible",
    "label" : "deductible",
    "type" : "float"
  }, {
    "name" : "pct_primary_cov",
    "label" : "pct_primary_cov",
    "type" : "float"
  }, {
    "name" : "base_cov_dwell",
    "label" : "base_cov_dwell",
    "type" : "float"
  }, {
    "name" : "base_cov_os",
    "label" : "base_cov_os",
    "type" : "float"
  }, {
    "name" : "base_cov_os_pct",
    "label" : "base_cov_os_pct",
    "type" : "float"
  }, {
    "name" : "base_cov_aa",
    "label" : "base_cov_aa",
    "type" : "float"
  }, {
    "name" : "base_cov_aa_pct",
    "label" : "base_cov_aa_pct",
    "type" : "float"
  }, {
    "name" : "tran_date",
    "label" : "tran_date",
    "type" : "datetime"
  }, {
    "name" : "operator_id",
    "label" : "operator_id",
    "type" : "string",
    "length" : 64
  }, {
    "name" : "trans_setid",
    "label" : "trans_setid",
    "type" : "string",
    "length" : 64
  }, {
    "name" : "trans_no",
    "label" : "trans_no",
    "type" : "string",
    "length" : 64
  }, {
    "name" : "ins_bank_routing",
    "label" : "ins_bank_routing",
    "type" : "string",
    "length" : 64
  }, {
    "name" : "ins_bank_acct",
    "label" : "ins_bank_acct",
    "type" : "string",
    "length" : 64
  }, {
    "name" : "ins_cred_ref",
    "label" : "ins_cred_ref",
    "type" : "string",
    "length" : 64
  }, {
    "name" : "insco_taxid",
    "label" : "insco_taxid",
    "type" : "string",
    "length" : 64
  }, {
    "name" : "file_prem",
    "label" : "file_prem",
    "type" : "float"
  }, {
    "name" : "file_trns",
    "label" : "file_trns",
    "type" : "string",
    "length" : 64
  }, {
    "name" : "mtg_tax_id",
    "label" : "mtg_tax_id",
    "type" : "string",
    "length" : 64
  }, {
    "name" : "pol_tran_code",
    "label" : "pol_tran_code",
    "type" : "string",
    "length" : 64
  }, {
    "name" : "pol_cxl_rsn",
    "label" : "pol_cxl_rsn",
    "type" : "string",
    "length" : 64
  }, {
    "name" : "pol_paid_by",
    "label" : "pol_paid_by",
    "type" : "string",
    "length" : 64
  }, {
    "name" : "naic",
    "label" : "naic",
    "type" : "string",
    "length" : 64
  }, {
    "name" : "insco_ocn",
    "label" : "insco_ocn",
    "type" : "string",
    "length" : 64
  }, {
    "name" : "policy_form",
    "label" : "policy_form",
    "type" : "string",
    "length" : 64
  }, {
    "name" : "nbr_mtgs",
    "label" : "nbr_mtgs",
    "type" : "string",
    "length" : 64
  }, {
    "name" : "pol_prem",
    "label" : "pol_prem",
    "type" : "float"
  }, {
    "name" : "pol_cancel_date",
    "label" : "pol_cancel_date",
    "type" : "datetime"
  }, {
    "name" : "pol_extend_date",
    "label" : "pol_extend_date",
    "type" : "datetime"
  }, {
    "name" : "pol_reinst_date",
    "label" : "pol_reinst_date",
    "type" : "datetime"
  }, {
    "name" : "mail_address",
    "label" : "mail_address",
    "type" : "string",
    "length" : 64
  }, {
    "name" : "mail_city",
    "label" : "mail_city",
    "type" : "string",
    "length" : 64
  }, {
    "name" : "mail_state",
    "label" : "mail_state",
    "type" : "string",
    "length" : 64
  }, {
    "name" : "mail_zip",
    "label" : "mail_zip",
    "type" : "string",
    "length" : 64
  }, {
    "name" : "net_amt",
    "label" : "net_amt",
    "type" : "float"
  }, {
    "name" : "trans_tot",
    "label" : "trans_tot",
    "type" : "float"
  }, {
    "name" : "crdb_flag",
    "label" : "crdb_flag",
    "type" : "string",
    "length" : 64
  }, {
    "name" : "sent_date_820",
    "label" : "sent_date_820",
    "type" : "datetime"
  }, {
    "name" : "sent_inv_820",
    "label" : "sent_inv_820",
    "type" : "string",
    "length" : 64
  }, {
    "name" : "sent_code_820",
    "label" : "sent_code_820",
    "type" : "string",
    "length" : 64
  }, {
    "name" : "spcd_1",
    "label" : "spcd_1",
    "type" : "string",
    "length" : 64
  }, {
    "name" : "spcd_2",
    "label" : "spcd_2",
    "type" : "string",
    "length" : 64
  }, {
    "name" : "spcd_3",
    "label" : "spcd_3",
    "type" : "string",
    "length" : 64
  }, {
    "name" : "prem_due_date",
    "label" : "prem_due_date",
    "type" : "datetime"
  }, {
    "name" : "spdt_2",
    "label" : "spdt_2",
    "type" : "datetime"
  }, {
    "name" : "spdt_3",
    "label" : "spdt_3",
    "type" : "datetime"
  }, {
    "name" : "flood_map_ref",
    "label" : "flood_map_ref",
    "type" : "string",
    "length" : 64
  }, {
    "name" : "flood_map_number",
    "label" : "flood_map_number",
    "type" : "string",
    "length" : 64
  }, {
    "name" : "flood_zone",
    "label" : "flood_zone",
    "type" : "string",
    "length" : 64
  }, {
    "name" : "nfip_community_name",
    "label" : "nfip_community_name",
    "type" : "string",
    "length" : 64
  }, {
    "name" : "nfip_county",
    "label" : "nfip_county",
    "type" : "string",
    "length" : 64
  }, {
    "name" : "nfip_map_number",
    "label" : "nfip_map_number",
    "type" : "string",
    "length" : 64
  }, {
    "name" : "nfip_community_number",
    "label" : "nfip_community_number",
    "type" : "string",
    "length" : 64
  }, {
    "name" : "addtns",
    "label" : "addtns",
    "type" : "string",
    "length" : 64
  }, {
    "name" : "var_coverage",
    "label" : "var_coverage",
    "type" : "integer"
  }, {
    "name" : "var_deduct",
    "label" : "var_deduct",
    "type" : "integer"
  }, {
    "name" : "var_coverage_pct",
    "label" : "var_coverage_pct",
    "type" : "float"
  }, {
    "name" : "var_ded_pct",
    "label" : "var_ded_pct",
    "type" : "float"
  }, {
    "name" : "add02",
    "label" : "add02",
    "type" : "string",
    "length" : 64
  }, {
    "name" : "var_coverage02",
    "label" : "var_coverage02",
    "type" : "integer"
  }, {
    "name" : "var_deduct02",
    "label" : "var_deduct02",
    "type" : "integer"
  }, {
    "name" : "var_cov_pct02",
    "label" : "var_cov_pct02",
    "type" : "float"
  }, {
    "name" : "var_ded_pct02",
    "label" : "var_ded_pct02",
    "type" : "float"
  }, {
    "name" : "add03",
    "label" : "add03",
    "type" : "string",
    "length" : 64
  }, {
    "name" : "var_coverage03",
    "label" : "var_coverage03",
    "type" : "integer"
  }, {
    "name" : "var_deduct03",
    "label" : "var_deduct03",
    "type" : "integer"
  }, {
    "name" : "var_cov_pct03",
    "label" : "var_cov_pct03",
    "type" : "float"
  }, {
    "name" : "var_ded_pct03",
    "label" : "var_ded_pct03",
    "type" : "float"
  }, {
    "name" : "add04",
    "label" : "add04",
    "type" : "string",
    "length" : 64
  }, {
    "name" : "var_coverage04",
    "label" : "var_coverage04",
    "type" : "integer"
  }, {
    "name" : "var_deduct04",
    "label" : "var_deduct04",
    "type" : "integer"
  }, {
    "name" : "var_cov_pct04",
    "label" : "var_cov_pct04",
    "type" : "float"
  }, {
    "name" : "var_ded_pct04",
    "label" : "var_ded_pct04",
    "type" : "float"
  }, {
    "name" : "add05",
    "label" : "add05",
    "type" : "string",
    "length" : 64
  }, {
    "name" : "var_coverage05",
    "label" : "var_coverage05",
    "type" : "integer"
  }, {
    "name" : "var_deduct05",
    "label" : "var_deduct05",
    "type" : "integer"
  }, {
    "name" : "var_cov_pct05",
    "label" : "var_cov_pct05",
    "type" : "float"
  }, {
    "name" : "var_ded_pct05",
    "label" : "var_ded_pct05",
    "type" : "float"
  }, {
    "name" : "add06",
    "label" : "add06",
    "type" : "string",
    "length" : 64
  }, {
    "name" : "var_coverage06",
    "label" : "var_coverage06",
    "type" : "integer"
  }, {
    "name" : "var_deduct06",
    "label" : "var_deduct06",
    "type" : "integer"
  }, {
    "name" : "var_cov_pct06",
    "label" : "var_cov_pct06",
    "type" : "float"
  }, {
    "name" : "var_ded_pct06",
    "label" : "var_ded_pct06",
    "type" : "float"
  }, {
    "name" : "add07",
    "label" : "add07",
    "type" : "string",
    "length" : 64
  }, {
    "name" : "var_coverage07",
    "label" : "var_coverage07",
    "type" : "integer"
  }, {
    "name" : "var_deduct07",
    "label" : "var_deduct07",
    "type" : "integer"
  }, {
    "name" : "var_cov_pct07",
    "label" : "var_cov_pct07",
    "type" : "float"
  }, {
    "name" : "var_ded_pct07",
    "label" : "var_ded_pct07",
    "type" : "float"
  }, {
    "name" : "add08",
    "label" : "add08",
    "type" : "string",
    "length" : 64
  }, {
    "name" : "var_coverage08",
    "label" : "var_coverage08",
    "type" : "integer"
  }, {
    "name" : "var_deduct08",
    "label" : "var_deduct08",
    "type" : "integer"
  }, {
    "name" : "var_cov_pct08",
    "label" : "var_cov_pct08",
    "type" : "float"
  }, {
    "name" : "var_ded_pct08",
    "label" : "var_ded_pct08",
    "type" : "float"
  }, {
    "name" : "add09",
    "label" : "add09",
    "type" : "string",
    "length" : 64
  }, {
    "name" : "var_coverage09",
    "label" : "var_coverage09",
    "type" : "integer"
  }, {
    "name" : "var_deduct09",
    "label" : "var_deduct09",
    "type" : "integer"
  }, {
    "name" : "var_cov_pct09",
    "label" : "var_cov_pct09",
    "type" : "float"
  }, {
    "name" : "var_ded_pct09",
    "label" : "var_ded_pct09",
    "type" : "float"
  }, {
    "name" : "add10",
    "label" : "add10",
    "type" : "string",
    "length" : 64
  }, {
    "name" : "var_coverage10",
    "label" : "var_coverage10",
    "type" : "integer"
  }, {
    "name" : "var_deduct10",
    "label" : "var_deduct10",
    "type" : "integer"
  }, {
    "name" : "var_cov_pct10",
    "label" : "var_cov_pct10",
    "type" : "float"
  }, {
    "name" : "var_ded_pct10",
    "label" : "var_ded_pct10",
    "type" : "float"
  }, {
    "name" : "add30",
    "label" : "add30",
    "type" : "string",
    "length" : 64
  }, {
    "name" : "var_coverage30",
    "label" : "var_coverage30",
    "type" : "integer"
  }, {
    "name" : "var_deduct30",
    "label" : "var_deduct30",
    "type" : "integer"
  }, {
    "name" : "var_cov_pct30",
    "label" : "var_cov_pct30",
    "type" : "float"
  }, {
    "name" : "var_ded_pct30",
    "label" : "var_ded_pct30",
    "type" : "float"
  }, {
    "name" : "add31",
    "label" : "add31",
    "type" : "string",
    "length" : 64
  }, {
    "name" : "var_coverage31",
    "label" : "var_coverage31",
    "type" : "integer"
  }, {
    "name" : "var_deduct31",
    "label" : "var_deduct31",
    "type" : "integer"
  }, {
    "name" : "var_cov_pct31",
    "label" : "var_cov_pct31",
    "type" : "float"
  }, {
    "name" : "var_ded_pct31",
    "label" : "var_ded_pct31",
    "type" : "float"
  }, {
    "name" : "add32",
    "label" : "add32",
    "type" : "string",
    "length" : 64
  }, {
    "name" : "var_coverage32",
    "label" : "var_coverage32",
    "type" : "integer"
  }, {
    "name" : "var_deduct32",
    "label" : "var_deduct32",
    "type" : "integer"
  }, {
    "name" : "var_cov_pct32",
    "label" : "var_cov_pct32",
    "type" : "float"
  }, {
    "name" : "var_ded_pct32",
    "label" : "var_ded_pct32",
    "type" : "float"
  }, {
    "name" : "add33",
    "label" : "add33",
    "type" : "string",
    "length" : 64
  }, {
    "name" : "var_coverage33",
    "label" : "var_coverage33",
    "type" : "integer"
  }, {
    "name" : "var_deduct33",
    "label" : "var_deduct33",
    "type" : "integer"
  }, {
    "name" : "var_cov_pct33",
    "label" : "var_cov_pct33",
    "type" : "float"
  }, {
    "name" : "var_ded_pct33",
    "label" : "var_ded_pct33",
    "type" : "float"
  }, {
    "name" : "add34",
    "label" : "add34",
    "type" : "string",
    "length" : 64
  }, {
    "name" : "var_coverage34",
    "label" : "var_coverage34",
    "type" : "integer"
  }, {
    "name" : "var_deduct34",
    "label" : "var_deduct34",
    "type" : "integer"
  }, {
    "name" : "var_cov_pct34",
    "label" : "var_cov_pct34",
    "type" : "float"
  }, {
    "name" : "var_ded_pct34",
    "label" : "var_ded_pct34",
    "type" : "float"
  }, {
    "name" : "add35",
    "label" : "add35",
    "type" : "string",
    "length" : 64
  }, {
    "name" : "var_coverage35",
    "label" : "var_coverage35",
    "type" : "integer"
  }, {
    "name" : "var_deduct35",
    "label" : "var_deduct35",
    "type" : "integer"
  }, {
    "name" : "var_cov_pct35",
    "label" : "var_cov_pct35",
    "type" : "float"
  }, {
    "name" : "var_ded_pct35",
    "label" : "var_ded_pct35",
    "type" : "float"
  }, {
    "name" : "add36",
    "label" : "add36",
    "type" : "string",
    "length" : 64
  }, {
    "name" : "var_coverage36",
    "label" : "var_coverage36",
    "type" : "integer"
  }, {
    "name" : "var_deduct36",
    "label" : "var_deduct36",
    "type" : "integer"
  }, {
    "name" : "var_cov_pct36",
    "label" : "var_cov_pct36",
    "type" : "float"
  }, {
    "name" : "var_ded_pct36",
    "label" : "var_ded_pct36",
    "type" : "float"
  }, {
    "name" : "add37",
    "label" : "add37",
    "type" : "string",
    "length" : 64
  }, {
    "name" : "var_coverage37",
    "label" : "var_coverage37",
    "type" : "integer"
  }, {
    "name" : "var_deduct37",
    "label" : "var_deduct37",
    "type" : "integer"
  }, {
    "name" : "var_cov_pct37",
    "label" : "var_cov_pct37",
    "type" : "float"
  }, {
    "name" : "var_ded_pct37",
    "label" : "var_ded_pct37",
    "type" : "float"
  }, {
    "name" : "add90",
    "label" : "add90",
    "type" : "string",
    "length" : 64
  }, {
    "name" : "var_coverage90",
    "label" : "var_coverage90",
    "type" : "integer"
  }, {
    "name" : "var_deduct90",
    "label" : "var_deduct90",
    "type" : "integer"
  }, {
    "name" : "var_cov_pct90",
    "label" : "var_cov_pct90",
    "type" : "float"
  }, {
    "name" : "var_ded_pct90",
    "label" : "var_ded_pct90",
    "type" : "float"
  }, {
    "name" : "add91",
    "label" : "add91",
    "type" : "string",
    "length" : 64
  }, {
    "name" : "var_coverage91",
    "label" : "var_coverage91",
    "type" : "integer"
  }, {
    "name" : "var_deduct91",
    "label" : "var_deduct91",
    "type" : "integer"
  }, {
    "name" : "var_cov_pct91",
    "label" : "var_cov_pct91",
    "type" : "float"
  }, {
    "name" : "var_ded_pct91",
    "label" : "var_ded_pct91",
    "type" : "float"
  }, {
    "name" : "add97",
    "label" : "add97",
    "type" : "string",
    "length" : 64
  }, {
    "name" : "var_coverage97",
    "label" : "var_coverage97",
    "type" : "integer"
  }, {
    "name" : "var_deduct97",
    "label" : "var_deduct97",
    "type" : "integer"
  }, {
    "name" : "var_cov_pct97",
    "label" : "var_cov_pct97",
    "type" : "float"
  }, {
    "name" : "var_ded_pct97",
    "label" : "var_ded_pct97",
    "type" : "float"
  }, {
    "name" : "add98",
    "label" : "add98",
    "type" : "string",
    "length" : 64
  }, {
    "name" : "var_coverage98",
    "label" : "var_coverage98",
    "type" : "integer"
  }, {
    "name" : "var_deduct98",
    "label" : "var_deduct98",
    "type" : "integer"
  }, {
    "name" : "var_cov_pct98",
    "label" : "var_cov_pct98",
    "type" : "float"
  }, {
    "name" : "var_ded_pct98",
    "label" : "var_ded_pct98",
    "type" : "float"
  }, {
    "name" : "add99",
    "label" : "add99",
    "type" : "string",
    "length" : 64
  }, {
    "name" : "var_coverage99",
    "label" : "var_coverage99",
    "type" : "integer"
  }, {
    "name" : "var_deduct99",
    "label" : "var_deduct99",
    "type" : "integer"
  }, {
    "name" : "var_cov_pct99",
    "label" : "var_cov_pct99",
    "type" : "float"
  }, {
    "name" : "var_ded_pct99",
    "label" : "var_ded_pct99",
    "type" : "float"
  }, {
    "name" : "sequence_number",
    "label" : "sequence_number",
    "type" : "integer"
  }, {
    "name" : "sent_to",
    "label" : "sent_to",
    "type" : "string",
    "length" : 64
  }, {
    "name" : "rec_id",
    "label" : "rec_id",
    "type" : "string",
    "length" : 64
  }, {
    "name" : "parent_id",
    "label" : "parent_id",
    "type" : "string",
    "length" : 64
  }, {
    "name" : "level_cd",
    "label" : "level_cd",
    "type" : "string",
    "length" : 64
  }, {
    "name" : "child_cd",
    "label" : "child_cd",
    "type" : "string",
    "length" : 64
  }, {
    "name" : "insco_short_name",
    "label" : "insco_short_name",
    "type" : "string",
    "length" : 64
  }, {
    "name" : "cov_type",
    "label" : "cov_type",
    "type" : "string",
    "length" : 64
  }, {
    "name" : "payee_cd",
    "label" : "payee_cd",
    "type" : "string",
    "length" : 64
  }, {
    "name" : "impairment_cd",
    "label" : "impairment_cd",
    "type" : "string",
    "length" : 64
  }, {
    "name" : "additional_premium_flag",
    "label" : "additional_premium_flag",
    "type" : "string",
    "length" : 64
  }, {
    "name" : "second_name",
    "label" : "Second Name",
    "type" : "string",
    "length" : 64
  } ],
  "links" : [ {
    "rel" : "self",
    "href" : "${contextPath}types/contents/itk_edi_mortgage"
  }, {
    "rel" : "http://identifiers.emc.com/linkrel/instances",
    "href" : "${contextPath}contents/itk_edi_mortgage"
  }, {
    "rel" : "http://identifiers.emc.com/linkrel/defaults",
    "href" : "${contextPath}types/contents/itk_edi_mortgage/defaults"
  }, {
    "rel" : "type"
  }, {
    "rel" : "edit"
  }, {
    "rel" : "canonical"
  }, {
    "rel" : "http://identifiers.emc.com/linkrel/delete"
  }, {
    "rel" : "http://identifiers.emc.com/linkrel/relations"
  }, {
    "rel" : "http://identifiers.emc.com/linkrel/checkin-current-version"
  }, {
    "rel" : "http://identifiers.emc.com/linkrel/checkin-next-minor"
  }, {
    "rel" : "http://identifiers.emc.com/linkrel/checkin-next-major"
  }, {
    "rel" : "http://identifiers.emc.com/linkrel/checkin-branch-version"
  }, {
    "rel" : "http://identifiers.emc.com/linkrel/download-media"
  }, {
    "rel" : "http://identifiers.emc.com/linkrel/checkout"
  }, {
    "rel" : "http://identifiers.emc.com/linkrel/cancel-checkout"
  }, {
    "rel" : "version-history"
  } ]
}