{
  "name" : "content-type",
  "type" : "itk_dialer_auto",
  "label" : "dialer_auto",
  "parent" : "${contextPath}types/contents/itk_transaction",
  "properties" : [ {
    "name" : "borrower_name",
    "label" : "Borrower Name",
    "type" : "string",
    "length" : 64
  }, {
    "name" : "begin_date",
    "label" : "Begin date",
    "type" : "datetime"
  }, {
    "name" : "expiration_date",
    "label" : "Policy Expiration Date",
    "type" : "datetime"
  }, {
    "name" : "company_name",
    "label" : "COMPANY Name",
    "type" : "string",
    "length" : 64
  }, {
    "name" : "coll_deduct",
    "label" : "Collision Deductible",
    "type" : "float"
  }, {
    "name" : "comp_deduct",
    "label" : "Comprehensive Deductible",
    "type" : "float"
  }, {
    "name" : "insur_type",
    "label" : "Insurance type",
    "type" : "string",
    "length" : 64
  }, {
    "name" : "collateral_id",
    "label" : "Collateral ID (VIN)",
    "type" : "string",
    "length" : 64
  }, {
    "name" : "collateral_year",
    "label" : "Collateral Year",
    "type" : "string",
    "length" : 64
  }, {
    "name" : "collateral_make",
    "label" : "Collateral Make",
    "type" : "string",
    "length" : 64
  }, {
    "name" : "collateral_model",
    "label" : "Collateral Model",
    "type" : "string",
    "length" : 64
  }, {
    "name" : "agent_name",
    "label" : "Agent Name",
    "type" : "string",
    "length" : 64
  }, {
    "name" : "agent_address_1",
    "label" : "Agent Address 1",
    "type" : "string",
    "length" : 64
  }, {
    "name" : "agent_address_2",
    "label" : "Agent Address 2",
    "type" : "string",
    "length" : 64
  }, {
    "name" : "agent_phone",
    "label" : "Agent Phone Number",
    "type" : "string",
    "length" : 64
  }, {
    "name" : "tran_date",
    "label" : "Transaction Date",
    "type" : "datetime"
  }, {
    "name" : "lienholder_name",
    "label" : "LIENHOLDER NAME",
    "type" : "string",
    "length" : 64
  }, {
    "name" : "document_no",
    "label" : "Document Number",
    "type" : "string",
    "length" : 64
  }, {
    "name" : "agent_fax",
    "label" : "Agent Fax Number",
    "type" : "string",
    "length" : 64
  }, {
    "name" : "impairment_code",
    "label" : "Impairment Code",
    "type" : "string",
    "length" : 64
  }, {
    "name" : "dialer_code",
    "label" : "Dialer Code",
    "type" : "string",
    "length" : 64
  } ],
  "events" : [ {
    "label" : "TransactionUpdated",
    "trigger" : "UPDATED"
  } ],
  "links" : [ {
    "rel" : "self",
    "href" : "${contextPath}types/contents/itk_dialer_auto"
  }, {
    "rel" : "http://identifiers.emc.com/linkrel/instances",
    "href" : "${contextPath}contents/itk_dialer_auto"
  }, {
    "rel" : "http://identifiers.emc.com/linkrel/defaults",
    "href" : "${contextPath}types/contents/itk_dialer_auto/defaults"
  }, {
    "rel" : "type"
  }, {
    "rel" : "edit"
  }, {
    "rel" : "canonical"
  }, {
    "rel" : "http://identifiers.emc.com/linkrel/delete"
  }, {
    "rel" : "http://identifiers.emc.com/linkrel/relations"
  }, {
    "rel" : "http://identifiers.emc.com/linkrel/checkin-current-version"
  }, {
    "rel" : "http://identifiers.emc.com/linkrel/checkin-next-minor"
  }, {
    "rel" : "http://identifiers.emc.com/linkrel/checkin-next-major"
  }, {
    "rel" : "http://identifiers.emc.com/linkrel/checkin-branch-version"
  }, {
    "rel" : "http://identifiers.emc.com/linkrel/download-media"
  }, {
    "rel" : "http://identifiers.emc.com/linkrel/checkout"
  }, {
    "rel" : "http://identifiers.emc.com/linkrel/cancel-checkout"
  }, {
    "rel" : "version-history"
  } ]
}