{
  "name" : "content-type",
  "type" : "itk_cognasys_mortgage",
  "label" : "cognasys_mortgage",
  "parent" : "${contextPath}types/contents/itk_transaction",
  "properties" : [ {
    "name" : "batch_number",
    "label" : "batch_number",
    "type" : "string",
    "length" : 64
  }, {
    "name" : "document_number",
    "label" : "document_number",
    "type" : "string",
    "length" : 64
  }, {
    "name" : "sequence_number",
    "label" : "sequence_number",
    "type" : "integer"
  }, {
    "name" : "account_tax_id",
    "label" : "account_tax_id",
    "type" : "string",
    "length" : 64
  }, {
    "name" : "service_bureau",
    "label" : "service_bureau",
    "type" : "string",
    "length" : 64
  }, {
    "name" : "nsurer",
    "label" : "nsurer",
    "type" : "string",
    "length" : 64
  }, {
    "name" : "ins_co_address_1",
    "label" : "ins_co_address_1",
    "type" : "string",
    "length" : 64
  }, {
    "name" : "ins_co_address_2",
    "label" : "ins_co_address_2",
    "type" : "string",
    "length" : 64
  }, {
    "name" : "ins_co_city",
    "label" : "ins_co_city",
    "type" : "string",
    "length" : 64
  }, {
    "name" : "ins_co_state",
    "label" : "ins_co_state",
    "type" : "string",
    "length" : 64
  }, {
    "name" : "ins_co_zip",
    "label" : "ins_co_zip",
    "type" : "string",
    "length" : 64
  }, {
    "name" : "mortgage_company",
    "label" : "mortgage_company",
    "type" : "string",
    "length" : 64
  }, {
    "name" : "mort_address",
    "label" : "mort_address",
    "type" : "string",
    "length" : 64
  }, {
    "name" : "mort_city",
    "label" : "mort_city",
    "type" : "string",
    "length" : 64
  }, {
    "name" : "mort_state",
    "label" : "mort_state",
    "type" : "string",
    "length" : 64
  }, {
    "name" : "mort_zip",
    "label" : "mort_zip",
    "type" : "string",
    "length" : 64
  }, {
    "name" : "mortgagee_name",
    "label" : "mortgagee_name",
    "type" : "string",
    "length" : 64
  }, {
    "name" : "mortgagee_address_1",
    "label" : "mortgagee_address_1",
    "type" : "string",
    "length" : 64
  }, {
    "name" : "mortgagee_address_2",
    "label" : "mortgagee_address_2",
    "type" : "string",
    "length" : 64
  }, {
    "name" : "servicing_agent",
    "label" : "servicing_agent",
    "type" : "string",
    "length" : 64
  }, {
    "name" : "agent_address",
    "label" : "agent_address",
    "type" : "string",
    "length" : 64
  }, {
    "name" : "agent_city",
    "label" : "agent_city",
    "type" : "string",
    "length" : 64
  }, {
    "name" : "agent_state",
    "label" : "agent_state",
    "type" : "string",
    "length" : 64
  }, {
    "name" : "agent_zip",
    "label" : "agent_zip",
    "type" : "string",
    "length" : 64
  }, {
    "name" : "agent_phone",
    "label" : "agent_phone",
    "type" : "string",
    "length" : 64
  }, {
    "name" : "insured_name",
    "label" : "insured_name",
    "type" : "string",
    "length" : 64
  }, {
    "name" : "prop_addr_1",
    "label" : "Property Address 1",
    "type" : "string",
    "length" : 64
  }, {
    "name" : "prop_addr_2",
    "label" : "Property Address 2",
    "type" : "string",
    "length" : 64
  }, {
    "name" : "prop_city",
    "label" : "Property City",
    "type" : "string",
    "length" : 64
  }, {
    "name" : "prop_state",
    "label" : "Property State",
    "type" : "string",
    "length" : 64
  }, {
    "name" : "prop_zip",
    "label" : "Property Zip",
    "type" : "string",
    "length" : 64
  }, {
    "name" : "tran_code",
    "label" : "tran_code",
    "type" : "string",
    "length" : 64
  }, {
    "name" : "effective_date",
    "label" : "effective_date",
    "type" : "datetime"
  }, {
    "name" : "expiration_date",
    "label" : "expiration_date",
    "type" : "datetime"
  }, {
    "name" : "pol_process_date",
    "label" : "pol_process_date",
    "type" : "datetime"
  }, {
    "name" : "pol_change_date",
    "label" : "pol_change_date",
    "type" : "datetime"
  }, {
    "name" : "deductible",
    "label" : "deductible",
    "type" : "float"
  }, {
    "name" : "deductible_pct",
    "label" : "deductible_pct",
    "type" : "string",
    "length" : 64
  }, {
    "name" : "primary_cov_pct",
    "label" : "primary_cov_pct",
    "type" : "string",
    "length" : 64
  }, {
    "name" : "cov_amt",
    "label" : "cov_amt",
    "type" : "float"
  }, {
    "name" : "base_cov_os",
    "label" : "base_cov_os",
    "type" : "float"
  }, {
    "name" : "base_cov_aa",
    "label" : "base_cov_aa",
    "type" : "float"
  }, {
    "name" : "repl_cost_cov_pct",
    "label" : "repl_cost_cov_pct",
    "type" : "string",
    "length" : 64
  }, {
    "name" : "repl_cost_cov_amt",
    "label" : "repl_cost_cov_amt",
    "type" : "float"
  }, {
    "name" : "tran_date",
    "label" : "tran_date",
    "type" : "datetime"
  }, {
    "name" : "operator_id",
    "label" : "operator_id",
    "type" : "string",
    "length" : 64
  }, {
    "name" : "pol_cxl_rsn",
    "label" : "pol_cxl_rsn",
    "type" : "string",
    "length" : 64
  }, {
    "name" : "pol_prem",
    "label" : "pol_prem",
    "type" : "float"
  }, {
    "name" : "pol_cancel_date",
    "label" : "pol_cancel_date",
    "type" : "datetime"
  }, {
    "name" : "pol_reinst_date",
    "label" : "pol_reinst_date",
    "type" : "datetime"
  }, {
    "name" : "addtns",
    "label" : "addtns",
    "type" : "float"
  }, {
    "name" : "addtns_os_cov_pct",
    "label" : "addtns_os_cov_pct",
    "type" : "string",
    "length" : 64
  }, {
    "name" : "var_coverage",
    "label" : "var_coverage",
    "type" : "integer"
  }, {
    "name" : "var_deduct",
    "label" : "var_deduct",
    "type" : "float"
  }, {
    "name" : "var_coverage_pct",
    "label" : "var_coverage_pct",
    "type" : "string",
    "length" : 64
  }, {
    "name" : "var_deduct_pct",
    "label" : "var_deduct_pct",
    "type" : "string",
    "length" : 64
  }, {
    "name" : "net_amt",
    "label" : "net_amt",
    "type" : "float"
  }, {
    "name" : "cov_type",
    "label" : "cov_type",
    "type" : "string",
    "length" : 64
  }, {
    "name" : "insur_type",
    "label" : "insur_type",
    "type" : "string",
    "length" : 64
  }, {
    "name" : "flood_map_ref",
    "label" : "flood_map_ref",
    "type" : "string",
    "length" : 64
  }, {
    "name" : "flood_map_number",
    "label" : "flood_map_number",
    "type" : "string",
    "length" : 64
  }, {
    "name" : "flood_zone",
    "label" : "flood_zone",
    "type" : "string",
    "length" : 64
  }, {
    "name" : "nfip_community_name",
    "label" : "nfip_community_name",
    "type" : "string",
    "length" : 64
  }, {
    "name" : "nfip_county",
    "label" : "nfip_county",
    "type" : "string",
    "length" : 64
  }, {
    "name" : "nfip_map_number",
    "label" : "nfip_map_number",
    "type" : "string",
    "length" : 64
  }, {
    "name" : "nfip_community_number",
    "label" : "nfip_community_number",
    "type" : "string",
    "length" : 64
  }, {
    "name" : "nfip_state",
    "label" : "nfip_state",
    "type" : "string",
    "length" : 64
  }, {
    "name" : "non_tracking_flag",
    "label" : "non_tracking_flag",
    "type" : "string",
    "length" : 64
  }, {
    "name" : "replace_cost_ind",
    "label" : "replace_cost_ind",
    "type" : "string",
    "length" : 64
  }, {
    "name" : "excl_earthquake",
    "label" : "excl_earthquake",
    "type" : "string",
    "length" : 64
  }, {
    "name" : "excl_wind_hurricane",
    "label" : "excl_wind_hurricane",
    "type" : "string",
    "length" : 64
  }, {
    "name" : "impairment_cd",
    "label" : "impairment_cd",
    "type" : "string",
    "length" : 64
  }, {
    "name" : "no_condos",
    "label" : "no_condos",
    "type" : "integer"
  }, {
    "name" : "payee_cd",
    "label" : "payee_cd",
    "type" : "string",
    "length" : 64
  }, {
    "name" : "prem_due_date",
    "label" : "prem_due_date",
    "type" : "datetime"
  }, {
    "name" : "doc_source",
    "label" : "doc_source",
    "type" : "string",
    "length" : 64
  }, {
    "name" : "bill_ind",
    "label" : "bill_ind",
    "type" : "string",
    "length" : 64
  }, {
    "name" : "special_hand",
    "label" : "special_hand",
    "type" : "string",
    "length" : 64
  }, {
    "name" : "utl_flag",
    "label" : "utl_flag",
    "type" : "string",
    "length" : 64
  }, {
    "name" : "gf_flood_zone",
    "label" : "gf_flood_zone",
    "type" : "string",
    "length" : 64
  }, {
    "name" : "mobile_home_fl_inc",
    "label" : "mobile_home_fl_inc",
    "type" : "string",
    "length" : 64
  }, {
    "name" : "u_impairment_doc",
    "label" : "u_impairment_doc",
    "type" : "string",
    "length" : 64
  }, {
    "name" : "ho_6_flag",
    "label" : "ho-6_flag",
    "type" : "string",
    "length" : 64
  }, {
    "name" : "file_date",
    "label" : "file_date",
    "type" : "datetime"
  }, {
    "name" : "business_name",
    "label" : "business_name",
    "type" : "string",
    "length" : 64
  }, {
    "name" : "doc_status",
    "label" : "doc_status",
    "type" : "string",
    "length" : 64
  }, {
    "name" : "delivery_date",
    "label" : "delivery_date",
    "type" : "datetime"
  }, {
    "name" : "delivery_code",
    "label" : "delivery_code",
    "type" : "string",
    "length" : 64
  }, {
    "name" : "abort_reason",
    "label" : "abort_reason",
    "type" : "string",
    "length" : 64
  }, {
    "name" : "audit_flag",
    "label" : "audit_flag",
    "type" : "integer"
  }, {
    "name" : "scan_date",
    "label" : "scan_date",
    "type" : "datetime"
  }, {
    "name" : "auditor",
    "label" : "auditor",
    "type" : "string",
    "length" : 64
  }, {
    "name" : "audit_date",
    "label" : "audit_date",
    "type" : "datetime"
  }, {
    "name" : "vfy_id",
    "label" : "vfy_id",
    "type" : "string",
    "length" : 64
  }, {
    "name" : "qc_id",
    "label" : "qc_id",
    "type" : "string",
    "length" : 64
  }, {
    "name" : "mqc_id",
    "label" : "mqc_id",
    "type" : "string",
    "length" : 64
  }, {
    "name" : "process",
    "label" : "process",
    "type" : "string",
    "length" : 64
  }, {
    "name" : "group_role",
    "label" : "group_role",
    "type" : "string",
    "length" : 64
  }, {
    "name" : "form_desc",
    "label" : "form_desc",
    "type" : "string",
    "length" : 64
  }, {
    "name" : "insurer",
    "label" : "insurer",
    "type" : "string",
    "length" : 64
  }, {
    "name" : "pct_deductible",
    "label" : "pct_deductible",
    "type" : "string",
    "length" : 64
  }, {
    "name" : "additional_premium_flag",
    "label" : "additional_premium_flag",
    "type" : "string",
    "length" : 64
  }, {
    "name" : "remit_to_name",
    "label" : "Remit to Name",
    "type" : "string",
    "length" : 64
  }, {
    "name" : "remit_to_address_1",
    "label" : "Remit to Address 1",
    "type" : "string",
    "length" : 64
  }, {
    "name" : "remit_to_address_2",
    "label" : "Remit to Address 2",
    "type" : "string",
    "length" : 64
  }, {
    "name" : "remit_to_city",
    "label" : "Remit to City",
    "type" : "string",
    "length" : 64
  }, {
    "name" : "remit_to_state",
    "label" : "Remit to State",
    "type" : "string",
    "length" : 64
  }, {
    "name" : "remit_to_zip",
    "label" : "Remit to Zip",
    "type" : "string",
    "length" : 64
  }, {
    "name" : "second_name",
    "label" : "Second Name",
    "type" : "string",
    "length" : 64
  } ],
  "links" : [ {
    "rel" : "self",
    "href" : "${contextPath}types/contents/itk_cognasys_mortgage"
  }, {
    "rel" : "http://identifiers.emc.com/linkrel/instances",
    "href" : "${contextPath}contents/itk_cognasys_mortgage"
  }, {
    "rel" : "http://identifiers.emc.com/linkrel/defaults",
    "href" : "${contextPath}types/contents/itk_cognasys_mortgage/defaults"
  }, {
    "rel" : "type"
  }, {
    "rel" : "edit"
  }, {
    "rel" : "canonical"
  }, {
    "rel" : "http://identifiers.emc.com/linkrel/delete"
  }, {
    "rel" : "http://identifiers.emc.com/linkrel/relations"
  }, {
    "rel" : "http://identifiers.emc.com/linkrel/checkin-current-version"
  }, {
    "rel" : "http://identifiers.emc.com/linkrel/checkin-next-minor"
  }, {
    "rel" : "http://identifiers.emc.com/linkrel/checkin-next-major"
  }, {
    "rel" : "http://identifiers.emc.com/linkrel/checkin-branch-version"
  }, {
    "rel" : "http://identifiers.emc.com/linkrel/download-media"
  }, {
    "rel" : "http://identifiers.emc.com/linkrel/checkout"
  }, {
    "rel" : "http://identifiers.emc.com/linkrel/cancel-checkout"
  }, {
    "rel" : "version-history"
  } ]
}