{
  "name" : "content-type",
  "type" : "itk_openspan_mortgage",
  "label" : "openspan_mortgage",
  "parent" : "${contextPath}types/contents/itk_transaction",
  "properties" : [ {
    "name" : "insurance_status",
    "label" : "insurance_status",
    "type" : "string",
    "length" : 64
  }, {
    "name" : "insurer",
    "label" : "insurer",
    "type" : "string",
    "length" : 64
  }, {
    "name" : "mortgage_company",
    "label" : "mortgage_company",
    "type" : "string",
    "length" : 64
  }, {
    "name" : "agent_name",
    "label" : "agent_name",
    "type" : "string",
    "length" : 64
  }, {
    "name" : "agent_phone",
    "label" : "agent_phone",
    "type" : "string",
    "length" : 64
  }, {
    "name" : "agent_phone_ext",
    "label" : "agent_phone_ext",
    "type" : "string",
    "length" : 64
  }, {
    "name" : "effective_date",
    "label" : "effective_date",
    "type" : "datetime"
  }, {
    "name" : "expiration_date",
    "label" : "expiration_date",
    "type" : "datetime"
  }, {
    "name" : "deductible",
    "label" : "deductible",
    "type" : "float"
  }, {
    "name" : "cov_amt",
    "label" : "cov_amt",
    "type" : "float"
  }, {
    "name" : "base_cov_os",
    "label" : "base_cov_os",
    "type" : "float"
  }, {
    "name" : "operator_id",
    "label" : "operator_id",
    "type" : "string",
    "length" : 64
  }, {
    "name" : "premium",
    "label" : "premium",
    "type" : "float"
  }, {
    "name" : "cancel_date",
    "label" : "cancel_date",
    "type" : "datetime"
  }, {
    "name" : "rein_eff_date",
    "label" : "rein_eff_date",
    "type" : "datetime"
  }, {
    "name" : "cov_type",
    "label" : "cov_type",
    "type" : "string",
    "length" : 64
  }, {
    "name" : "insure_type",
    "label" : "insure_type",
    "type" : "string",
    "length" : 64
  }, {
    "name" : "payee_cd",
    "label" : "payee_cd",
    "type" : "string",
    "length" : 64
  }, {
    "name" : "agent_addr",
    "label" : "agent_addr",
    "type" : "string",
    "length" : 64
  }, {
    "name" : "additional_premium_flag",
    "label" : "additional_premium_flag",
    "type" : "string",
    "length" : 64
  }, {
    "name" : "trans_type",
    "label" : "Trans Type",
    "type" : "string",
    "length" : 64
  } ],
  "links" : [ {
    "rel" : "self",
    "href" : "${contextPath}types/contents/itk_openspan_mortgage"
  }, {
    "rel" : "http://identifiers.emc.com/linkrel/instances",
    "href" : "${contextPath}contents/itk_openspan_mortgage"
  }, {
    "rel" : "http://identifiers.emc.com/linkrel/defaults",
    "href" : "${contextPath}types/contents/itk_openspan_mortgage/defaults"
  }, {
    "rel" : "type"
  }, {
    "rel" : "edit"
  }, {
    "rel" : "canonical"
  }, {
    "rel" : "http://identifiers.emc.com/linkrel/delete"
  }, {
    "rel" : "http://identifiers.emc.com/linkrel/relations"
  }, {
    "rel" : "http://identifiers.emc.com/linkrel/checkin-current-version"
  }, {
    "rel" : "http://identifiers.emc.com/linkrel/checkin-next-minor"
  }, {
    "rel" : "http://identifiers.emc.com/linkrel/checkin-next-major"
  }, {
    "rel" : "http://identifiers.emc.com/linkrel/checkin-branch-version"
  }, {
    "rel" : "http://identifiers.emc.com/linkrel/download-media"
  }, {
    "rel" : "http://identifiers.emc.com/linkrel/checkout"
  }, {
    "rel" : "http://identifiers.emc.com/linkrel/cancel-checkout"
  }, {
    "rel" : "version-history"
  } ]
}