{
  "name" : "historical-query-type",
  "type" : "itk_audit_ivr",
  "label" : "Audit IVR",
  "description" : "",
  "calculation" : [ {
    "label" : "Basic step",
    "order" : "0",
    "property" : [ {
      "name" : "transaction_id",
      "label" : "Transaction ID",
      "mapping" : "event.ivr_auto.transaction_id",
      "type" : "string"
    }, {
      "name" : "a_r_modify_date",
      "label" : "Last changed",
      "mapping" : "event.ivr_auto.r_modify_date",
      "type" : "datetime"
    }, {
      "name" : "a_r_modifier",
      "label" : "Changed by",
      "mapping" : "event.ivr_auto.r_modifier",
      "type" : "string"
    }, {
      "name" : "account_no",
      "label" : "Acc't Number",
      "mapping" : "event.ivr_auto.account_number",
      "type" : "string"
    }, {
      "name" : "policy_no",
      "label" : "Policy Number",
      "mapping" : "event.ivr_auto.policy_no",
      "type" : "string"
    }, {
      "name" : "policy_eff_date",
      "label" : "Effective Date",
      "mapping" : "event.ivr_auto.effective_date",
      "type" : "datetime"
    }, {
      "name" : "policy_expire_date",
      "label" : "Expiration Date",
      "mapping" : "event.ivr_auto.expiration_date",
      "type" : "datetime"
    }, {
      "name" : "doc_issue_date",
      "label" : "Doc Issue Date",
      "mapping" : "event.ivr_auto.received_date",
      "type" : "datetime"
    }, {
      "name" : "insurance_co",
      "label" : "Insurance Co",
      "mapping" : "event.ivr_auto.company",
      "type" : "string"
    }, {
      "name" : "agent_name",
      "label" : "Agent Name",
      "mapping" : "event.ivr_auto.agent_name",
      "type" : "string"
    }, {
      "name" : "agent_phone",
      "label" : "Agent Phone",
      "mapping" : "event.ivr_auto.agent_phone",
      "type" : "string"
    }, {
      "name" : "transaction_vin",
      "label" : "Transaction Vin",
      "mapping" : "event.ivr_auto.transaction_vin",
      "type" : "string"
    } ]
  } ],
  "events" : [ {
    "label" : "TransactionUpdated",
    "type" : "${contextPath}types/contents/itk_ivr_auto"
  } ],
  "expression-set" : {
    "operator" : "AND",
    "properties" : [ {
      "name" : "transaction_id",
      "label" : "Transaction ID",
      "operator" : "CONTAINS",
      "type" : "${contextPath}types/contents/itk_transaction",
      "input-type" : "form-input",
      "input-name" : "input_transaction_id",
      "value" : ""
    }, {
      "name" : "a_r_modifier",
      "label" : "Changed by",
      "operator" : "DOES_NOT_CONTAIN",
      "type" : "${contextPath}types/business-objects/xcp_basetype",
      "input-type" : "form-input",
      "input-name" : "input_a_r_modifier",
      "value" : ""
    } ],
    "property-range" : [ ],
    "property-list" : [ ]
  },
  "links" : [ {
    "rel" : "self",
    "href" : "${contextPath}types/historical-queries/itk_audit_ivr"
  }, {
    "rel" : "http://identifiers.emc.com/linkrel/instances",
    "href" : "${contextPath}historical-queries/itk_audit_ivr"
  } ]
}