{
  "name" : "historical-query-type",
  "type" : "itk_audit_edi",
  "label" : "Audit EDI",
  "description" : "",
  "calculation" : [ {
    "label" : "Basic step",
    "order" : "0",
    "property" : [ {
      "name" : "transaction_id",
      "label" : "Transaction ID",
      "mapping" : "event.edi_auto.transaction_id",
      "type" : "string"
    }, {
      "name" : "account_no",
      "label" : "Account No",
      "mapping" : "event.edi_auto.account_number",
      "type" : "string"
    }, {
      "name" : "policy_no",
      "label" : "Policy No",
      "mapping" : "event.edi_auto.policy_no",
      "type" : "string"
    }, {
      "name" : "policy_holder",
      "label" : "Policy Holder",
      "mapping" : "event.edi_auto.bor_full_name",
      "type" : "string"
    }, {
      "name" : "policy_eff_date",
      "label" : "Effective Date",
      "mapping" : "event.edi_auto.policy_eff_date",
      "type" : "datetime"
    }, {
      "name" : "policy_expire_date",
      "label" : "Expiration Date",
      "mapping" : "event.edi_auto.policy_expire_date",
      "type" : "datetime"
    }, {
      "name" : "cancel_date",
      "label" : "Cancel Date",
      "mapping" : "event.edi_auto.cancel_date",
      "type" : "datetime"
    }, {
      "name" : "doc_issue_date",
      "label" : "Doc Issue Date",
      "mapping" : "event.edi_auto.proc_date",
      "type" : "datetime"
    }, {
      "name" : "insurance_co",
      "label" : "Insurance Co",
      "mapping" : "event.edi_auto.company",
      "type" : "string"
    }, {
      "name" : "reinstatement_date",
      "label" : "Reinstatement Date",
      "mapping" : "event.edi_auto.policy_change_date",
      "type" : "datetime"
    }, {
      "name" : "agent_name",
      "label" : "Agent Name",
      "mapping" : "event.edi_auto.agent_name",
      "type" : "string"
    }, {
      "name" : "agent_address_1",
      "label" : "Agent Address 1",
      "mapping" : "event.edi_auto.agent_address_1",
      "type" : "string"
    }, {
      "name" : "agent_address_2",
      "label" : "Agent Address 2",
      "mapping" : "event.edi_auto.agent_address_2",
      "type" : "string"
    }, {
      "name" : "agent_city",
      "label" : "Agent City",
      "mapping" : "event.edi_auto.agent_city",
      "type" : "string"
    }, {
      "name" : "agent_state",
      "label" : "Agent State",
      "mapping" : "event.edi_auto.agent_state",
      "type" : "string"
    }, {
      "name" : "agent_zip",
      "label" : "Agent Zip",
      "mapping" : "event.edi_auto.agent_zip",
      "type" : "string"
    }, {
      "name" : "agent_phone",
      "label" : "Agent Phone",
      "mapping" : "event.edi_auto.agent_phone",
      "type" : "string"
    }, {
      "name" : "comp_deductible",
      "label" : "Comp Deductible",
      "mapping" : "event.edi_auto.comp_deduct",
      "type" : "float"
    }, {
      "name" : "coll_deductible",
      "label" : "Coll Deductible",
      "mapping" : "event.edi_auto.coll_deduct",
      "type" : "float"
    }, {
      "name" : "bipp",
      "label" : "BIPP",
      "mapping" : "event.edi_auto.bodily_injury_per_person",
      "type" : "float"
    }, {
      "name" : "bipo",
      "label" : "BIPO",
      "mapping" : "event.edi_auto.bodily_injury_per_occ",
      "type" : "float"
    }, {
      "name" : "pdpo",
      "label" : "PDPO",
      "mapping" : "event.edi_auto.property_damage_per_occ",
      "type" : "float"
    }, {
      "name" : "uimpo",
      "label" : "UIMPO",
      "mapping" : "event.edi_auto.unins_motor_per_occ",
      "type" : "float"
    }, {
      "name" : "uimpp",
      "label" : "UIMPP",
      "mapping" : "event.edi_auto.unins_motor_per_person",
      "type" : "float"
    }, {
      "name" : "a_r_modify_date",
      "label" : "Last changed",
      "mapping" : "event.edi_auto.r_modify_date",
      "type" : "datetime"
    }, {
      "name" : "a_r_modifier",
      "label" : "Changed by",
      "mapping" : "event.edi_auto.r_modifier",
      "type" : "string"
    }, {
      "name" : "transaction_vin",
      "label" : "Transaction Vin",
      "mapping" : "event.edi_auto.transaction_vin",
      "type" : "string"
    } ]
  } ],
  "events" : [ {
    "label" : "TransactionUpdated",
    "type" : "${contextPath}types/contents/itk_edi_auto"
  } ],
  "expression-set" : {
    "operator" : "AND",
    "properties" : [ {
      "name" : "transaction_id",
      "label" : "Transaction ID",
      "operator" : "CONTAINS",
      "type" : "${contextPath}types/contents/itk_transaction",
      "input-type" : "form-input",
      "input-name" : "input_transaction_id",
      "value" : ""
    }, {
      "name" : "a_r_modifier",
      "label" : "Changed by",
      "operator" : "DOES_NOT_CONTAIN",
      "type" : "${contextPath}types/business-objects/xcp_basetype",
      "input-type" : "form-input",
      "input-name" : "input_a_r_modifier",
      "value" : ""
    } ],
    "property-range" : [ ],
    "property-list" : [ ]
  },
  "links" : [ {
    "rel" : "self",
    "href" : "${contextPath}types/historical-queries/itk_audit_edi"
  }, {
    "rel" : "http://identifiers.emc.com/linkrel/instances",
    "href" : "${contextPath}historical-queries/itk_audit_edi"
  } ]
}