{
  "name" : "historical-query-type",
  "type" : "itk_executiontime_excep",
  "label" : "ExecutionTime-ExceptionProcess",
  "description" : "",
  "calculation" : [ {
    "label" : "Basic step",
    "order" : "0",
    "property" : [ {
      "name" : "createdon",
      "label" : "Created on",
      "mapping" : "",
      "type" : "datetime"
    }, {
      "name" : "createdon_1",
      "label" : "Created on 1",
      "mapping" : "",
      "type" : "datetime"
    }, {
      "name" : "s0_duration",
      "label" : "Duration",
      "mapping" : "abs(differenceSeconds(createdon,createdon_1))",
      "type" : "integer"
    } ]
  } ],
  "events" : [ {
    "label" : "Workflow Started",
    "type" : "${contextPath}types/processes/itk_exceptionprocess"
  }, {
    "label" : "Workflow completed",
    "type" : "${contextPath}types/processes/itk_exceptionprocess"
  } ],
  "expression-set" : {
    "operator" : "AND"
  },
  "links" : [ {
    "rel" : "self",
    "href" : "${contextPath}types/historical-queries/itk_executiontime_excep"
  }, {
    "rel" : "http://identifiers.emc.com/linkrel/instances",
    "href" : "${contextPath}historical-queries/itk_executiontime_excep"
  } ]
}