{
  "name" : "process-type",
  "type" : "itk_imqcgetdashboardresults",
  "label" : "IMQCGetDashboardResults",
  "runnable-stateless" : true,
  "urn" : "urn:itk:com.emc.ide.artifact.process:Artifacts/Processes/imqcgetdashboardresults.process",
  "properties" : [ {
    "name" : "process_id",
    "label" : "process_id",
    "type" : "string",
    "length" : 64
  }, {
    "name" : "status",
    "label" : "status",
    "type" : "string",
    "length" : 64
  }, {
    "name" : "id",
    "label" : "id",
    "type" : "string",
    "length" : 64
  }, {
    "name" : "r_runtime_state",
    "label" : "r_runtime_state",
    "type" : "integer"
  }, {
    "name" : "correlation_identifier",
    "label" : "correlation_identifier",
    "type" : "string",
    "length" : 64
  }, {
    "name" : "object_name",
    "label" : "object_name",
    "type" : "string",
    "length" : 64
  }, {
    "name" : "r_creator_name",
    "label" : "r_creator_name",
    "type" : "string",
    "length" : 64
  }, {
    "name" : "r_start_date",
    "label" : "r_start_date",
    "type" : "datetime"
  }, {
    "name" : "supervisor_name",
    "label" : "supervisor_name",
    "type" : "string",
    "length" : 64
  }, {
    "name" : "supervisor_address",
    "label" : "supervisor_address",
    "type" : "string",
    "length" : 64
  } ],
  "tasks" : [ {
    "rel" : "http://identifiers.emc.com/linkrel/task",
    "href" : "${contextPath}types/processes/itk_imqcgetdashboardresults/tasks/itk_initiate"
  }, {
    "rel" : "http://identifiers.emc.com/linkrel/task",
    "href" : "${contextPath}types/processes/itk_imqcgetdashboardresults/tasks/itk_decision_split"
  }, {
    "rel" : "http://identifiers.emc.com/linkrel/task",
    "href" : "${contextPath}types/processes/itk_imqcgetdashboardresults/tasks/itk_get_agent_q_records"
  }, {
    "rel" : "http://identifiers.emc.com/linkrel/task",
    "href" : "${contextPath}types/processes/itk_imqcgetdashboardresults/tasks/itk_join"
  }, {
    "rel" : "http://identifiers.emc.com/linkrel/task",
    "href" : "${contextPath}types/processes/itk_imqcgetdashboardresults/tasks/itk_get_member_q_record"
  }, {
    "rel" : "http://identifiers.emc.com/linkrel/task",
    "href" : "${contextPath}types/processes/itk_imqcgetdashboardresults/tasks/itk_get_quality_q_recor"
  }, {
    "rel" : "http://identifiers.emc.com/linkrel/task",
    "href" : "${contextPath}types/processes/itk_imqcgetdashboardresults/tasks/itk_no_queue_selected"
  }, {
    "rel" : "http://identifiers.emc.com/linkrel/task",
    "href" : "${contextPath}types/processes/itk_imqcgetdashboardresults/tasks/itk_get_followup_q_reco"
  } ],
  "flows" : [ {
    "source" : "${contextPath}types/processes/itk_imqcgetdashboardresults/tasks/itk_initiate",
    "target" : "${contextPath}types/processes/itk_imqcgetdashboardresults/tasks/itk_decision_split",
    "flow-type" : "regular"
  }, {
    "source" : "${contextPath}types/processes/itk_imqcgetdashboardresults/tasks/itk_decision_split",
    "target" : "${contextPath}types/processes/itk_imqcgetdashboardresults/tasks/itk_get_agent_q_records",
    "flow-type" : "regular"
  }, {
    "source" : "${contextPath}types/processes/itk_imqcgetdashboardresults/tasks/itk_get_agent_q_records",
    "target" : "${contextPath}types/processes/itk_imqcgetdashboardresults/tasks/itk_join",
    "flow-type" : "regular"
  }, {
    "source" : "${contextPath}types/processes/itk_imqcgetdashboardresults/tasks/itk_decision_split",
    "target" : "${contextPath}types/processes/itk_imqcgetdashboardresults/tasks/itk_get_member_q_record",
    "flow-type" : "regular"
  }, {
    "source" : "${contextPath}types/processes/itk_imqcgetdashboardresults/tasks/itk_get_member_q_record",
    "target" : "${contextPath}types/processes/itk_imqcgetdashboardresults/tasks/itk_join",
    "flow-type" : "regular"
  }, {
    "source" : "${contextPath}types/processes/itk_imqcgetdashboardresults/tasks/itk_decision_split",
    "target" : "${contextPath}types/processes/itk_imqcgetdashboardresults/tasks/itk_get_quality_q_recor",
    "flow-type" : "regular"
  }, {
    "source" : "${contextPath}types/processes/itk_imqcgetdashboardresults/tasks/itk_get_quality_q_recor",
    "target" : "${contextPath}types/processes/itk_imqcgetdashboardresults/tasks/itk_join",
    "flow-type" : "regular"
  }, {
    "source" : "${contextPath}types/processes/itk_imqcgetdashboardresults/tasks/itk_decision_split",
    "target" : "${contextPath}types/processes/itk_imqcgetdashboardresults/tasks/itk_no_queue_selected",
    "flow-type" : "regular"
  }, {
    "source" : "${contextPath}types/processes/itk_imqcgetdashboardresults/tasks/itk_no_queue_selected",
    "target" : "${contextPath}types/processes/itk_imqcgetdashboardresults/tasks/itk_join",
    "flow-type" : "regular"
  }, {
    "source" : "${contextPath}types/processes/itk_imqcgetdashboardresults/tasks/itk_decision_split",
    "target" : "${contextPath}types/processes/itk_imqcgetdashboardresults/tasks/itk_get_followup_q_reco",
    "flow-type" : "regular"
  }, {
    "source" : "${contextPath}types/processes/itk_imqcgetdashboardresults/tasks/itk_get_followup_q_reco",
    "target" : "${contextPath}types/processes/itk_imqcgetdashboardresults/tasks/itk_join",
    "flow-type" : "regular"
  } ],
  "data" : {
    "variables" : [ {
      "name" : "p_transaction_id",
      "label" : "p_transaction_id",
      "type" : "string",
      "repeating" : true,
      "default-value" : null,
      "mandatory" : false,
      "input" : false,
      "output" : true
    }, {
      "name" : "p_object_name",
      "label" : "p_object_name",
      "type" : "string",
      "repeating" : true,
      "default-value" : null,
      "mandatory" : false,
      "input" : false,
      "output" : true
    }, {
      "name" : "p_received_date",
      "label" : "p_received_date",
      "type" : "datetime",
      "repeating" : true,
      "default-value" : null,
      "mandatory" : false,
      "input" : false,
      "output" : true
    }, {
      "name" : "p_acct_no",
      "label" : "p_acct_no",
      "type" : "string",
      "repeating" : true,
      "default-value" : null,
      "mandatory" : false,
      "input" : false,
      "output" : true
    }, {
      "name" : "p_loan_no",
      "label" : "p_loan_no",
      "type" : "string",
      "repeating" : true,
      "default-value" : null,
      "mandatory" : false,
      "input" : false,
      "output" : true
    }, {
      "name" : "p_loan_suffix",
      "label" : "p_loan_suffix",
      "type" : "string",
      "repeating" : true,
      "default-value" : null,
      "mandatory" : false,
      "input" : false,
      "output" : true
    }, {
      "name" : "p_selected_queue",
      "label" : "p_selected_queue",
      "type" : "string",
      "repeating" : false,
      "default-value" : null,
      "mandatory" : false,
      "input" : true,
      "output" : false
    }, {
      "name" : "p_transaction_status",
      "label" : "p_transaction_status",
      "type" : "string",
      "repeating" : true,
      "default-value" : null,
      "mandatory" : false,
      "input" : false,
      "output" : true
    } ]
  },
  "links" : [ {
    "rel" : "self",
    "href" : "${contextPath}types/processes/itk_imqcgetdashboardresults"
  }, {
    "rel" : "http://identifiers.emc.com/linkrel/instances",
    "href" : "${contextPath}processes/itk_imqcgetdashboardresults"
  }, {
    "rel" : "http://identifiers.emc.com/linkrel/halt"
  }, {
    "rel" : "http://identifiers.emc.com/linkrel/resume"
  }, {
    "rel" : "http://identifiers.emc.com/linkrel/terminate"
  }, {
    "rel" : "http://identifiers.emc.com/linkrel/tasks"
  }, {
    "rel" : "http://identifiers.emc.com/linkrel/attachments"
  } ]
}