<?xml version="1.0" encoding="UTF-8"?>
<configuration>
	<include resource="org/springframework/boot/logging/logback/base.xml" />
	<appender name="STDOUT" class="ch.qos.logback.core.ConsoleAppender">
	<file>C:\IIRApplication\log\brm-logging.log</file>

		<layout class="ch.qos.logback.classic.PatternLayout">
			<Pattern>
				%d{yyyy-MM-dd HH:mm:ss} %-5level %logger{36} - %msg%n
			</Pattern>
		</layout>
	</appender>

	<logger name="org.springframework" level="debug" additivity="false">
		<appender-ref ref="STDOUT" />
	</logger>


	<logger name="com.SWBC" level="INFO" additivity="false">
		<appender-ref ref="CONSOLE" />
		<appender-ref ref="FILE" />
	</logger>
	<!-- <logger name="guru.springframework.helpers" level="WARN" additivity="false"> 
		<appender-ref ref="CONSOLE"/> <appender-ref ref="FILE"/> </logger> -->

	<root level="error">
		<appender-ref ref="STDOUT" />
	</root>

</configuration>