{
  "name" : "process-type",
  "type" : "itk_dkiupdatequeueassignments",
  "label" : "DKIUpdateQueueAssignments",
  "runnable-stateless" : true,
  "urn" : "urn:itk:com.emc.ide.artifact.process:Artifacts/Processes/dkiupdatequeueassignments.process",
  "properties" : [ {
    "name" : "process_id",
    "label" : "process_id",
    "type" : "string",
    "length" : 64
  }, {
    "name" : "status",
    "label" : "status",
    "type" : "string",
    "length" : 64
  }, {
    "name" : "id",
    "label" : "id",
    "type" : "string",
    "length" : 64
  }, {
    "name" : "r_runtime_state",
    "label" : "r_runtime_state",
    "type" : "integer"
  }, {
    "name" : "correlation_identifier",
    "label" : "correlation_identifier",
    "type" : "string",
    "length" : 64
  }, {
    "name" : "object_name",
    "label" : "object_name",
    "type" : "string",
    "length" : 64
  }, {
    "name" : "r_creator_name",
    "label" : "r_creator_name",
    "type" : "string",
    "length" : 64
  }, {
    "name" : "r_start_date",
    "label" : "r_start_date",
    "type" : "datetime"
  }, {
    "name" : "supervisor_name",
    "label" : "supervisor_name",
    "type" : "string",
    "length" : 64
  }, {
    "name" : "supervisor_address",
    "label" : "supervisor_address",
    "type" : "string",
    "length" : 64
  } ],
  "tasks" : [ {
    "rel" : "http://identifiers.emc.com/linkrel/task",
    "href" : "${contextPath}types/processes/itk_dkiupdatequeueassignments/tasks/itk_initiate"
  }, {
    "rel" : "http://identifiers.emc.com/linkrel/task",
    "href" : "${contextPath}types/processes/itk_dkiupdatequeueassignments/tasks/itk_user_mngmt_logging"
  }, {
    "rel" : "http://identifiers.emc.com/linkrel/task",
    "href" : "${contextPath}types/processes/itk_dkiupdatequeueassignments/tasks/itk_decision_split"
  }, {
    "rel" : "http://identifiers.emc.com/linkrel/task",
    "href" : "${contextPath}types/processes/itk_dkiupdatequeueassignments/tasks/itk_add_user_to_role_gr"
  }, {
    "rel" : "http://identifiers.emc.com/linkrel/task",
    "href" : "${contextPath}types/processes/itk_dkiupdatequeueassignments/tasks/itk_remove_user_from_ro"
  }, {
    "rel" : "http://identifiers.emc.com/linkrel/task",
    "href" : "${contextPath}types/processes/itk_dkiupdatequeueassignments/tasks/itk_join"
  } ],
  "flows" : [ {
    "source" : "${contextPath}types/processes/itk_dkiupdatequeueassignments/tasks/itk_initiate",
    "target" : "${contextPath}types/processes/itk_dkiupdatequeueassignments/tasks/itk_user_mngmt_logging",
    "flow-type" : "regular"
  }, {
    "source" : "${contextPath}types/processes/itk_dkiupdatequeueassignments/tasks/itk_user_mngmt_logging",
    "target" : "${contextPath}types/processes/itk_dkiupdatequeueassignments/tasks/itk_decision_split",
    "flow-type" : "regular"
  }, {
    "source" : "${contextPath}types/processes/itk_dkiupdatequeueassignments/tasks/itk_decision_split",
    "target" : "${contextPath}types/processes/itk_dkiupdatequeueassignments/tasks/itk_add_user_to_role_gr",
    "flow-type" : "regular"
  }, {
    "source" : "${contextPath}types/processes/itk_dkiupdatequeueassignments/tasks/itk_add_user_to_role_gr",
    "target" : "${contextPath}types/processes/itk_dkiupdatequeueassignments/tasks/itk_join",
    "flow-type" : "regular"
  }, {
    "source" : "${contextPath}types/processes/itk_dkiupdatequeueassignments/tasks/itk_decision_split",
    "target" : "${contextPath}types/processes/itk_dkiupdatequeueassignments/tasks/itk_remove_user_from_ro",
    "flow-type" : "regular"
  }, {
    "source" : "${contextPath}types/processes/itk_dkiupdatequeueassignments/tasks/itk_remove_user_from_ro",
    "target" : "${contextPath}types/processes/itk_dkiupdatequeueassignments/tasks/itk_join",
    "flow-type" : "regular"
  } ],
  "data" : {
    "variables" : [ {
      "name" : "p_user_name",
      "label" : "p_user_name",
      "type" : "string",
      "repeating" : false,
      "default-value" : "",
      "mandatory" : false,
      "input" : true,
      "output" : false
    }, {
      "name" : "p_operation",
      "label" : "p_operation",
      "type" : "string",
      "repeating" : false,
      "default-value" : "",
      "mandatory" : false,
      "input" : true,
      "output" : false
    }, {
      "name" : "p_queue_group_name",
      "label" : "p_queue_group_name",
      "type" : "string",
      "repeating" : false,
      "default-value" : "",
      "mandatory" : false,
      "input" : true,
      "output" : false
    }, {
      "name" : "p_response_msg",
      "label" : "p_response_msg",
      "type" : "string",
      "repeating" : false,
      "default-value" : "",
      "mandatory" : false,
      "input" : false,
      "output" : true
    } ]
  },
  "links" : [ {
    "rel" : "self",
    "href" : "${contextPath}types/processes/itk_dkiupdatequeueassignments"
  }, {
    "rel" : "http://identifiers.emc.com/linkrel/instances",
    "href" : "${contextPath}processes/itk_dkiupdatequeueassignments"
  }, {
    "rel" : "http://identifiers.emc.com/linkrel/halt"
  }, {
    "rel" : "http://identifiers.emc.com/linkrel/resume"
  }, {
    "rel" : "http://identifiers.emc.com/linkrel/terminate"
  }, {
    "rel" : "http://identifiers.emc.com/linkrel/tasks"
  }, {
    "rel" : "http://identifiers.emc.com/linkrel/attachments"
  } ]
}