<?xml version="1.0" encoding="UTF-8"?>
<kmodule xmlns="http://jboss.org/kie/6.0.0/kmodule"
         xmlns:xsi="http://www.w3.org/2001/XMLSchema-instance">

    <kbase name="XLC_Rules" packages="rules">
    	<ksession name="xlc_rulesSession" />
    </kbase>
    
    <kbase name="REI_Rules" packages="rules">
    	<ksession name="rei_rulesSession" />
    </kbase>
    
    <kbase name="XLC_Rules_v2" packages="rule_versions">
    	<ksession name="xlc_rulesSession_v2" />
    </kbase>
    
    <kbase name="REI_Rules_v2" packages="rule_versions">
    	<ksession name="rei_rulesSession_v2" />
    </kbase>

</kmodule>
