<?xml version="1.0" encoding="UTF-8" standalone="no"?>
<!-- **************************************************************************         -->
<!-- Module Name: inboxlist_component		                                        -->
<!-- Module Description: The customized inbox list component provides Attachment, 
						 Project Id, Project Name, Country and Workflow Name details.   -->
<!-- Author name: Parag Doshi											   		        -->
<!-- Date:	8-Sep-2010															        -->
<!-- Module Version No: 1.0                                                             -->
<!--****************************************************************************-->
<config version="1.0">
   <scope role="idocs_member">
      <component id="inboxlist" extends="inboxlist:webcomponent/config/navigation/inbox/inboxlist_component.xml">
         <desc>
            Lists the user's inbox tasks, using a classic-style layout. 
         </desc>
		 <!-- Start-> Customization to display project details in inbox task list -->
         <pages>
            <start>/custom/jsps/navigation/inbox/inbox_list.jsp</start>
         </pages>		
         <class>com.documentum.webcomponent.navigation.inbox.InboxList</class>
         <nlsbundle>org.ifc.idocs.navigation.inbox.InboxNlsProp</nlsbundle>
     	 <!-- End -> Customization to display project details in inbox task list -->
         <failoverenabled>true</failoverenabled>
         <showattachmentinfo>false</showattachmentinfo>
         <taskmanagerid>taskmanager</taskmanagerid>
         <showfilters>false</showfilters>
         <showautogettask>true</showautogettask>
         <autogettaskdefault>false</autogettaskdefault>
         <columns>
         	<column>
               <attribute>project_id</attribute>
               <label><nlsid>MSG_PROJECT_ID</nlsid></label>
               <visible>true</visible>
            </column>
            <column>
               <attribute>project_short_nme</attribute>
               <label><nlsid>MSG_PROJECT_NAME</nlsid></label>
               <visible>true</visible>
            </column>
            <column>
               <attribute>country_nme</attribute>
               <label><nlsid>MSG_COUNTRY_NAME</nlsid></label>
               <visible>true</visible>
            </column>
            <column>
               <attribute>country_code</attribute>
               <label><nlsid>MSG_COUNTRY_CODE</nlsid></label>
               <visible>true</visible>
            </column>
            <column>
               <attribute>taskName</attribute>
               <label>
                  <nlsid>MSG_TASKNAME</nlsid>
               </label>
               <visible>true</visible>
            </column>
            <column>
               <attribute>object_name</attribute>
               <label><nlsid>MSG_DOCUMENT</nlsid></label>
               <visible>true</visible>
            </column>
            <column>
               <attribute>date_sent</attribute>
               <label>
                  <nlsid>MSG_TASK_RECEIVED</nlsid>
               </label>
               <visible>true</visible>
            </column>
            <column>
               <attribute>due_date</attribute>
               <label>
                  <nlsid>MSG_TASK_DUE_DATE</nlsid>
               </label>
               <visible>true</visible>
            </column>
            <column>
               <attribute>task_state</attribute>
               <label>
                  <nlsid>MSG_TASK_STATUS</nlsid>
               </label>
               <visible>true</visible>
            </column>
            <column>
               <attribute>source_docbase</attribute>
               <label>
                  <nlsid>MSG_TASK_SOURCE_DOCBASE</nlsid>
               </label>
               <visible>false</visible>
            </column>
            <column>
               <attribute>sent_by</attribute>
               <label>
                  <nlsid>MSG_TASK_FROM</nlsid>
               </label>
               <visible>false</visible>
            </column>
            
            
           <filter role='queue_processor'>
            <column>
                  <attribute>r_priority</attribute>
                  <label><nlsid>MSG_TASK_PRIORITY</nlsid></label>
                  <visible>true</visible>
               </column>
               <column>
                  <attribute>a_wq_flag</attribute>
                  <label><nlsid>MSG_TASK_IS_PUSHED</nlsid></label>
                  <visible>true</visible>
               </column>
               <column>
                  <attribute>a_wq_name</attribute>
                  <label><nlsid>MSG_TASK_WQ_NAME</nlsid></label>
                  <visible>true</visible>
               </column>
            </filter>
         </columns>         
         <preset_item id="column_filter">
            <selection>
               <entries>
                  <entry></entry>
               </entries>
            </selection>
         </preset_item> 
         <helpcontextid>inboxlist</helpcontextid>
      </component>
   </scope>
</config>
<!--~~~~~~~~~~~~~~~~~~~~~~~~~~~~~~~~~~~~~~~~~~~~~~~~~~~~~~~ Developer's Comments
# Elements
/* <failoverenabled>                    Specifies that this component 
                                        is enabled for failover. Set to false to 
                                        disable. 
*/
/* <showattachmentinfo>                 Boolean: Set to true to show the  
                                        attachment info.
*/
/* <taskmanagerid>                      ID of the task manager component 
                                        accessible from inbox 
*/
/* <showfilters>                        Set to true to show object type filters. 
*/
/* <workflowstatusactionname>           Specifies the action that calls the 
                                        workflow status page.
*/ 
/* <workflowreportactionname>           Specifies the action that calls the 
                                        workflow report page.
*/
/* <showautogettask>                    Set to true to display a checkbox to get 
                                        next task automatically.
*/
/* <autogettaskdefault>                 Default value for auto get next task 
                                        checkbox (default = unchecked) 
*/
#
~~~~~~~~~~~~~~~~~~~~~~~~~~~~~~~~~~~~~~~~~~~~~~~~~~~~~~~~~~~~~~~~~~~~~~~~~~~~~-->
