{
  "name" : "process-type",
  "type" : "itk_getautodecisionresearchdata",
  "label" : "GetAutoDecisionResearchData",
  "runnable-stateless" : true,
  "urn" : "urn:itk:com.emc.ide.artifact.process:Artifacts/Processes/getautodecisionresearchdata.process",
  "properties" : [ {
    "name" : "process_id",
    "label" : "process_id",
    "type" : "string",
    "length" : 64
  }, {
    "name" : "status",
    "label" : "status",
    "type" : "string",
    "length" : 64
  }, {
    "name" : "id",
    "label" : "id",
    "type" : "string",
    "length" : 64
  }, {
    "name" : "r_runtime_state",
    "label" : "r_runtime_state",
    "type" : "integer"
  }, {
    "name" : "correlation_identifier",
    "label" : "correlation_identifier",
    "type" : "string",
    "length" : 64
  }, {
    "name" : "object_name",
    "label" : "object_name",
    "type" : "string",
    "length" : 64
  }, {
    "name" : "r_creator_name",
    "label" : "r_creator_name",
    "type" : "string",
    "length" : 64
  }, {
    "name" : "r_start_date",
    "label" : "r_start_date",
    "type" : "datetime"
  }, {
    "name" : "supervisor_name",
    "label" : "supervisor_name",
    "type" : "string",
    "length" : 64
  }, {
    "name" : "supervisor_address",
    "label" : "supervisor_address",
    "type" : "string",
    "length" : 64
  } ],
  "tasks" : [ {
    "rel" : "http://identifiers.emc.com/linkrel/task",
    "href" : "${contextPath}types/processes/itk_getautodecisionresearchdata/tasks/itk_initiate"
  }, {
    "rel" : "http://identifiers.emc.com/linkrel/task",
    "href" : "${contextPath}types/processes/itk_getautodecisionresearchdata/tasks/itk_read_from_repositor"
  }, {
    "rel" : "http://identifiers.emc.com/linkrel/task",
    "href" : "${contextPath}types/processes/itk_getautodecisionresearchdata/tasks/itk_decision_split"
  }, {
    "rel" : "http://identifiers.emc.com/linkrel/task",
    "href" : "${contextPath}types/processes/itk_getautodecisionresearchdata/tasks/itk_check_cognasys_tran"
  }, {
    "rel" : "http://identifiers.emc.com/linkrel/task",
    "href" : "${contextPath}types/processes/itk_getautodecisionresearchdata/tasks/itk_check_edi_transacti"
  }, {
    "rel" : "http://identifiers.emc.com/linkrel/task",
    "href" : "${contextPath}types/processes/itk_getautodecisionresearchdata/tasks/itk_join"
  } ],
  "flows" : [ {
    "source" : "${contextPath}types/processes/itk_getautodecisionresearchdata/tasks/itk_initiate",
    "target" : "${contextPath}types/processes/itk_getautodecisionresearchdata/tasks/itk_read_from_repositor",
    "flow-type" : "regular"
  }, {
    "source" : "${contextPath}types/processes/itk_getautodecisionresearchdata/tasks/itk_read_from_repositor",
    "target" : "${contextPath}types/processes/itk_getautodecisionresearchdata/tasks/itk_decision_split",
    "flow-type" : "regular"
  }, {
    "source" : "${contextPath}types/processes/itk_getautodecisionresearchdata/tasks/itk_decision_split",
    "target" : "${contextPath}types/processes/itk_getautodecisionresearchdata/tasks/itk_check_cognasys_tran",
    "flow-type" : "regular"
  }, {
    "source" : "${contextPath}types/processes/itk_getautodecisionresearchdata/tasks/itk_decision_split",
    "target" : "${contextPath}types/processes/itk_getautodecisionresearchdata/tasks/itk_check_edi_transacti",
    "flow-type" : "regular"
  }, {
    "source" : "${contextPath}types/processes/itk_getautodecisionresearchdata/tasks/itk_check_cognasys_tran",
    "target" : "${contextPath}types/processes/itk_getautodecisionresearchdata/tasks/itk_join",
    "flow-type" : "regular"
  }, {
    "source" : "${contextPath}types/processes/itk_getautodecisionresearchdata/tasks/itk_check_edi_transacti",
    "target" : "${contextPath}types/processes/itk_getautodecisionresearchdata/tasks/itk_join",
    "flow-type" : "regular"
  } ],
  "data" : {
    "variables" : [ {
      "name" : "p_transaction_id",
      "label" : "p_transaction_id",
      "type" : "string",
      "repeating" : false,
      "default-value" : null,
      "mandatory" : false,
      "input" : true,
      "output" : false
    }, {
      "name" : "p_object_type",
      "label" : "p_object_type",
      "type" : "string",
      "repeating" : false,
      "default-value" : null,
      "mandatory" : false,
      "input" : false,
      "output" : false
    }, {
      "name" : "p_account_no",
      "label" : "p_account_no",
      "type" : "string",
      "repeating" : true,
      "default-value" : null,
      "mandatory" : false,
      "input" : false,
      "output" : true
    }, {
      "name" : "p_address_decision",
      "label" : "p_address_decision",
      "type" : "string",
      "repeating" : true,
      "default-value" : null,
      "mandatory" : false,
      "input" : false,
      "output" : true
    }, {
      "name" : "p_address_iir",
      "label" : "p_address_iir",
      "type" : "string",
      "repeating" : true,
      "default-value" : null,
      "mandatory" : false,
      "input" : false,
      "output" : true
    }, {
      "name" : "p_address_score",
      "label" : "p_address_score",
      "type" : "string",
      "repeating" : true,
      "default-value" : null,
      "mandatory" : false,
      "input" : false,
      "output" : true
    }, {
      "name" : "p_address_search",
      "label" : "p_address_search",
      "type" : "string",
      "repeating" : true,
      "default-value" : null,
      "mandatory" : false,
      "input" : false,
      "output" : true
    }, {
      "name" : "p_exit_point",
      "label" : "p_exit_point",
      "type" : "string",
      "repeating" : true,
      "default-value" : null,
      "mandatory" : false,
      "input" : false,
      "output" : true
    }, {
      "name" : "p_final_decision",
      "label" : "p_final_decision",
      "type" : "string",
      "repeating" : true,
      "default-value" : null,
      "mandatory" : false,
      "input" : false,
      "output" : true
    }, {
      "name" : "p_loan_decision",
      "label" : "p_loan_decision",
      "type" : "string",
      "repeating" : true,
      "default-value" : null,
      "mandatory" : false,
      "input" : false,
      "output" : true
    }, {
      "name" : "p_loan_iir",
      "label" : "p_loan_iir",
      "type" : "string",
      "repeating" : true,
      "default-value" : null,
      "mandatory" : false,
      "input" : false,
      "output" : true
    }, {
      "name" : "p_loan_score",
      "label" : "p_loan_score",
      "type" : "string",
      "repeating" : true,
      "default-value" : null,
      "mandatory" : false,
      "input" : false,
      "output" : true
    }, {
      "name" : "p_loan_search",
      "label" : "p_loan_search",
      "type" : "string",
      "repeating" : true,
      "default-value" : null,
      "mandatory" : false,
      "input" : false,
      "output" : true
    }, {
      "name" : "p_loan_suffix",
      "label" : "p_loan_suffix",
      "type" : "string",
      "repeating" : true,
      "default-value" : null,
      "mandatory" : false,
      "input" : false,
      "output" : true
    }, {
      "name" : "p_name_decision",
      "label" : "p_name_decision",
      "type" : "string",
      "repeating" : true,
      "default-value" : null,
      "mandatory" : false,
      "input" : false,
      "output" : true
    }, {
      "name" : "p_name_iir",
      "label" : "p_name_iir",
      "type" : "string",
      "repeating" : true,
      "default-value" : null,
      "mandatory" : false,
      "input" : false,
      "output" : true
    }, {
      "name" : "p_name_score",
      "label" : "p_name_score",
      "type" : "string",
      "repeating" : true,
      "default-value" : null,
      "mandatory" : false,
      "input" : false,
      "output" : true
    }, {
      "name" : "p_name_search",
      "label" : "p_name_search",
      "type" : "string",
      "repeating" : true,
      "default-value" : null,
      "mandatory" : false,
      "input" : false,
      "output" : true
    }, {
      "name" : "p_policy_decision",
      "label" : "p_policy_decision",
      "type" : "string",
      "repeating" : true,
      "default-value" : null,
      "mandatory" : false,
      "input" : false,
      "output" : true
    }, {
      "name" : "p_policy_iir",
      "label" : "p_policy_iir",
      "type" : "string",
      "repeating" : true,
      "default-value" : null,
      "mandatory" : false,
      "input" : false,
      "output" : true
    }, {
      "name" : "p_policy_score",
      "label" : "p_policy_score",
      "type" : "string",
      "repeating" : true,
      "default-value" : null,
      "mandatory" : false,
      "input" : false,
      "output" : true
    }, {
      "name" : "p_policy_search",
      "label" : "p_policy_search",
      "type" : "string",
      "repeating" : true,
      "default-value" : null,
      "mandatory" : false,
      "input" : false,
      "output" : true
    }, {
      "name" : "p_vin_decision",
      "label" : "p_vin_decision",
      "type" : "string",
      "repeating" : true,
      "default-value" : null,
      "mandatory" : false,
      "input" : false,
      "output" : true
    }, {
      "name" : "p_vin_iir",
      "label" : "p_vin_iir",
      "type" : "string",
      "repeating" : true,
      "default-value" : null,
      "mandatory" : false,
      "input" : false,
      "output" : true
    }, {
      "name" : "p_vin_score",
      "label" : "p_vin_score",
      "type" : "string",
      "repeating" : true,
      "default-value" : null,
      "mandatory" : false,
      "input" : false,
      "output" : true
    }, {
      "name" : "p_vin_search",
      "label" : "p_vin_search",
      "type" : "string",
      "repeating" : true,
      "default-value" : null,
      "mandatory" : false,
      "input" : false,
      "output" : true
    }, {
      "name" : "p_loan_number",
      "label" : "p_loan_number",
      "type" : "string",
      "repeating" : true,
      "default-value" : null,
      "mandatory" : false,
      "input" : false,
      "output" : true
    }, {
      "name" : "p_transaction_status",
      "label" : "p_transaction_status",
      "type" : "string",
      "repeating" : true,
      "default-value" : "",
      "mandatory" : false,
      "input" : false,
      "output" : true
    } ]
  },
  "links" : [ {
    "rel" : "self",
    "href" : "${contextPath}types/processes/itk_getautodecisionresearchdata"
  }, {
    "rel" : "http://identifiers.emc.com/linkrel/instances",
    "href" : "${contextPath}processes/itk_getautodecisionresearchdata"
  }, {
    "rel" : "http://identifiers.emc.com/linkrel/halt"
  }, {
    "rel" : "http://identifiers.emc.com/linkrel/resume"
  }, {
    "rel" : "http://identifiers.emc.com/linkrel/terminate"
  }, {
    "rel" : "http://identifiers.emc.com/linkrel/tasks"
  }, {
    "rel" : "http://identifiers.emc.com/linkrel/attachments"
  } ]
}