<?xml version="1.0" encoding="UTF-8" standalone="no"?>
<!-- **************************************************************************         -->
<!-- Module Name: topicpage_component		                                        -->
<!-- Module Description: Topicpage component is used to provide custom topicpageview jsp -->
<!-- Author name: Parag Doshi											   		        -->
<!-- Date:	8-Sep-2010															        -->
<!-- Module Version No: 1.0                                                             -->
<!--****************************************************************************-->
<config version="1.0">
   <!-- the WebTop version of the TopicCommentsList component -->
   <scope type="idocs_document" role="idocs_member">
      <component id="showtopic" extends="showtopic:/webtop/config/topicpage_component.xml">
         <params>
            <param name="objectId" required="true"/>
            <param name="type" required="false"/>
            <param name="nodeIds" required="false"/>
            <param name="folderPath" required="false"/>
            <param name="caller" required="false"/>
         </params>
        <pages>
            <start>/custom/jsps/discussion/topicPageView.jsp</start>
         </pages>
         <class>org.ifc.idocs.discussion.TopicPageView</class>
         <nlsbundle>org.ifc.idocs.discussion.TopicViewComponentNlsProp</nlsbundle>
         <helpcontextid>topic</helpcontextid>
      </component>
   </scope>
</config>
