<?xml version="1.0" encoding="UTF-8" standalone="no"?>
<!-- **************************************************************************         -->
<!-- Module Name: topic_actions	                                        -->
<!-- Module Description:This action is used to call custom topicpage component  		-->
<!-- Author name: Parag Doshi											   		        -->
<!-- Date:	8-Sep-2010															        -->
<!-- Module Version No: 1.0                                                             -->
<!--****************************************************************************-->
<config version="1.0">
   <scope type="idocs_document" entitlement="collaboration" role="idocs_member">
      <action id="showtopicaction">
         <desc>
            Displays a topic. 
         </desc>
         <params>
            <param name="objectId" required="true"/>
            <param name="topicStatus" required="false"/>
            <param name="folderId" required="false"/>
            <param name="type" required="false"/>
            <param name="caller" required="false"/>
         </params>
         <preconditions>
            <precondition class="com.documentum.webcomponent.library.actions.TopicActionPrecondition">
            </precondition>
         </preconditions>
         <execution class="com.documentum.webcomponent.library.actions.ViewTopic">
         </execution>
<!--~~~~~~~~~~~~~~~~~~~~~~~~~~~~~~~~~~~~~~~~~~~~~~~~~~~~~~~ Developer's Comments
# Parameters
/* folderId                             (Optional) ID of the current folder 
*/
/* objectId                             (Required) ID of the topic's parent 
*/
/* topicStatus                          (Optional) Valid values of 
                                        TopicStatusAttributeDataHandler: 0 
                                        (STATUS_DISABLED) | 1 (STATUS_NONE) | 2 
                                        (STATUS_NO_COMMENTS) | 3 (STATUS_READ) | 
                                        4 (STATUS_UNREAD) 
*/
/* type                                 (Optional) Object type of the selected 
                                        object 
*/
#
~~~~~~~~~~~~~~~~~~~~~~~~~~~~~~~~~~~~~~~~~~~~~~~~~~~~~~~~~~~~~~~~~~~~~~~~~~~~~-->
      </action>
      <action id="showtopic">
         <desc>
            Displays a discussion with threaded topics. 
         </desc>
         <params>
            <param name="objectId" required="true"/>
            <param name="folderId" required="false"/>
            <param name="type" required="false"/>
            <param name="folderPath" required="false"/>
            <param name="topicStatus" required="false"/>
         </params>
         <preconditions>
            <precondition class="com.documentum.webcomponent.library.actions.TopicActionPrecondition">
            </precondition>
         </preconditions>
         <execution class="com.documentum.web.formext.action.LaunchComponent">
            <component>showtopic</component>
            <navigation>jump</navigation>
         </execution>
<!--~~~~~~~~~~~~~~~~~~~~~~~~~~~~~~~~~~~~~~~~~~~~~~~~~~~~~~~ Developer's Comments
# Parameters
/* folderId                             (Optional) ID of folder containing a 
                                        discussion 
*/
/* folderPath                           (Optional) Path to folder containing a 
                                        discussion 
*/
/* objectId                             (Required) ID of the discussion 
*/
/* topicStatus                          (Optional) Valid values of 
                                        TopicStatusAttributeDataHandler: 0 
                                        (STATUS_DISABLED) | 1 (STATUS_NONE) | 2 
                                        (STATUS_NO_COMMENTS) | 3 (STATUS_READ) | 
                                        4 (STATUS_UNREAD) 
*/
/* type                                 (Optional) Not used 
*/
#
~~~~~~~~~~~~~~~~~~~~~~~~~~~~~~~~~~~~~~~~~~~~~~~~~~~~~~~~~~~~~~~~~~~~~~~~~~~~~-->
      </action>
      <action id="markread">
         <params>
            <param name="objectId" required="true"/>
            <param name="topicStatus" required="false"/>
         </params>
         <preconditions>
            <precondition class="com.documentum.webcomponent.library.actions.TopicActionPrecondition">
            </precondition>
         </preconditions>
         <execution class="com.documentum.webcomponent.library.actions.MarkTopicRead">
            <nlsbundle>com.documentum.webcomponent.library.actions.TopicNlsProp</nlsbundle>
         </execution>
      </action>
      <action id="markunread">
         <params>
            <param name="objectId" required="true"/>
            <param name="topicStatus" required="false"/>
         </params>
         <preconditions>
            <precondition class="com.documentum.webcomponent.library.actions.TopicActionPrecondition">
            </precondition>
         </preconditions>
         <execution class="com.documentum.webcomponent.library.actions.MarkTopicUnread">
            <nlsbundle>com.documentum.webcomponent.library.actions.TopicNlsProp</nlsbundle>
         </execution>
      </action>
   </scope>
</config>
